エリア,発電事業者,発電所コード,発電所名,発電形式,ユニット名,認可出力,停止区分,種別,低下量,停止日時,復旧見通し,復旧予定日,停止原因,最終更新日時,change_type,earlier_file,later_file,as_of_datetime,data_load_datetime
東京,株式会社扇島パワー,6149331758,扇島パワー,火力（ガス）,２,407100,計画停止,停止・その他,,2026/10/07 00:12,あり,2026/10/07,確認試験のため,2026/10/01 10:38,added,outages_20261001_081325.csv,outages_20261001_111428.csv,01/10/2026 10:38,01/10/2026 11:14
東京,株式会社扇島パワー,6149331758,扇島パワー,火力（ガス）,３,407100,計画停止,停止・その他,,2026/10/07 04:12,あり,2026/10/07,確認試験のため,2026/10/01 10:37,added,outages_20261001_081325.csv,outages_20261001_111428.csv,01/10/2026 10:37,01/10/2026 11:14
東京,株式会社JERA,34002,千葉火力発電所,火力（ガス）,千葉１−２号,360000,計画外停止,停止・設備故障,,2026/10/01 10:04,なし,,タービン関連設備,2026/10/01 10:06,added,outages_20261001_081325.csv,outages_20261001_111428.csv,01/10/2026 10:06,01/10/2026 11:14
北陸,北陸電力株式会社,51503,北陸電力 敦賀火力発電所,火力（石炭）,2号機,700000,計画停止,停止・定期検査等,,2026/10/16 22:00,あり,2026/10/19,AH水洗他 当社管理番号:5935F260195,2026/10/01 09:13,added,outages_20261001_081325.csv,outages_20261001_111428.csv,01/10/2026 09:13,01/10/2026 11:14
北陸,北陸電力株式会社,51502,北陸電力 敦賀火力発電所,火力（石炭）,1号機,500000,計画停止,停止・定期検査等,,9999/10/16 22:00,あり,9999/10/19,削除 AH水洗 当社管理番号:5935F260207,2026/10/01 08:58,added,outages_20261001_081325.csv,outages_20261001_111428.csv,01/10/2026 08:58,01/10/2026 11:14
北陸,北陸電力株式会社,51502,北陸電力 敦賀火力発電所,火力（石炭）,1号機,500000,計画停止,停止・定期検査等,,9999/10/16 22:00,あり,9999/10/19,削除 冬季ピーク前設備点検 当社管理番号:5935F260209,2026/10/01 08:56,added,outages_20261001_081325.csv,outages_20261001_111428.csv,01/10/2026 08:56,01/10/2026 11:14
東京,東日本共同発電株式会社,6065330508,東日本共同発電株式会社君津共同発電所,火力（ガス）,5号機,300000,出力低下,低下・燃料制約,190000,2026/09/29 03:30,あり,2026/09/29,燃料制約 最大抑制量:225000kW 最小抑制量:150000kW,2026/09/29 13:07,added,outages_20261001_081325.csv,outages_20261001_111428.csv,29/09/2026 13:07,01/10/2026 11:14
東京,東日本共同発電株式会社,6065330508,東日本共同発電株式会社君津共同発電所,火力（ガス）,6号機,152900,計画外停止,停止・燃料制約,,2026/09/29 04:30,あり,2026/09/29,燃料制約,2026/09/29 13:06,added,outages_20261001_081325.csv,outages_20261001_111428.csv,29/09/2026 13:06,01/10/2026 11:14
東京,東日本共同発電株式会社,6065330508,東日本共同発電株式会社君津共同発電所,火力（ガス）,6号機,152900,計画停止,停止・燃料制約,,2026/09/25 23:30,あり,2026/09/26,燃料制約,2026/09/26 11:48,added,outages_20261001_081325.csv,outages_20261001_111428.csv,26/09/2026 11:48,01/10/2026 11:14
東京,東日本共同発電株式会社,6065330508,東日本共同発電株式会社君津共同発電所,火力（ガス）,5号機,300000,計画停止,停止・燃料制約,,2026/09/21 07:00,あり,2026/09/26,燃料制約,2026/09/25 16:45,added,outages_20261001_081325.csv,outages_20261001_111428.csv,25/09/2026 16:45,01/10/2026 11:14
東京,東日本共同発電株式会社,6065330508,東日本共同発電株式会社君津共同発電所,火力（ガス）,6号機,152900,計画外停止,停止・燃料制約,,2026/09/20 17:10,あり,2026/09/24,燃料制約,2026/09/24 03:02,added,outages_20261001_081325.csv,outages_20261001_111428.csv,24/09/2026 03:02,01/10/2026 11:14
東京,東日本共同発電株式会社,6065330508,東日本共同発電株式会社君津共同発電所,火力（ガス）,3号機,350000,出力低下,低下・燃料制約,150000,2026/09/21 15:00,あり,2026/09/22,燃料停止 抑制最大量　190000kW 抑制最大量　110000kW,2026/09/22 04:51,added,outages_20261001_081325.csv,outages_20261001_111428.csv,22/09/2026 04:51,01/10/2026 11:14
東京,東日本共同発電株式会社,6065330508,東日本共同発電株式会社君津共同発電所,火力（ガス）,4号機,350000,出力低下,低下・燃料制約,300000,2026/09/21 22:00,あり,2026/09/22,燃料制約 抑制最大量　300000kW 抑制最小量　260000kW,2026/09/22 04:50,added,outages_20261001_081325.csv,outages_20261001_111428.csv,22/09/2026 04:50,01/10/2026 11:14
東京,東日本共同発電株式会社,6065330508,東日本共同発電株式会社君津共同発電所,火力（ガス）,5号機,300000,出力低下,低下・燃料制約,150000,2026/09/20 17:00,あり,2026/09/21,燃料制約 抑制最大量　190000kW 抑制最小量　110000kW,2026/09/21 02:30,added,outages_20261001_081325.csv,outages_20261001_111428.csv,21/09/2026 02:30,01/10/2026 11:14
東京,東日本共同発電株式会社,6065330508,東日本共同発電株式会社君津共同発電所,火力（ガス）,5号機,300000,計画外停止,停止・燃料制約,,2026/09/14 13:00,あり,2026/09/17,燃料制約,2026/09/16 05:20,added,outages_20261001_081325.csv,outages_20261001_111428.csv,16/09/2026 05:20,01/10/2026 11:14
東京,東日本共同発電株式会社,6065330508,東日本共同発電株式会社君津共同発電所,火力（ガス）,6号機,152900,計画外停止,停止・燃料制約,,2026/09/12 20:30,あり,2026/09/16,運用停止,2026/09/16 05:19,added,outages_20261001_081325.csv,outages_20261001_111428.csv,16/09/2026 05:19,01/10/2026 11:14
東京,東日本共同発電株式会社,6065330508,東日本共同発電株式会社君津共同発電所,火力（ガス）,5号機,300000,出力低下,低下・燃料制約,150000,2026/09/12 19:30,あり,2026/09/13,燃料制約 抑制最大量　190000kW 抑制最小量　110000kW,2026/09/13 06:26,added,outages_20261001_081325.csv,outages_20261001_111428.csv,13/09/2026 06:26,01/10/2026 11:14
東京,東日本共同発電株式会社,6065330508,東日本共同発電株式会社君津共同発電所,火力（ガス）,5号機,300000,計画外停止,停止・燃料制約,,2026/09/07 07:00,あり,2026/09/08,燃料制約,2026/09/07 19:39,added,outages_20261001_081325.csv,outages_20261001_111428.csv,07/09/2026 19:39,01/10/2026 11:14
東京,東日本共同発電株式会社,6065330508,東日本共同発電株式会社君津共同発電所,火力（ガス）,6号機,152900,計画外停止,停止・燃料制約,,2026/09/06 21:00,あり,2026/09/08,燃料制約,2026/09/07 19:36,added,outages_20261001_081325.csv,outages_20261001_111428.csv,07/09/2026 19:36,01/10/2026 11:14
東京,東日本共同発電株式会社,6065330508,東日本共同発電株式会社君津共同発電所,火力（ガス）,5号機,300000,出力低下,低下・燃料制約,190000,2026/09/14 05:00,あり,2026/09/16,最大抑制量:225000kW 最小抑制量:150000kW,2026/09/04 14:16,added,outages_20261001_081325.csv,outages_20261001_111428.csv,04/09/2026 14:16,01/10/2026 11:14
東京,東日本共同発電株式会社,6065330508,東日本共同発電株式会社君津共同発電所,火力（ガス）,5号機,300000,出力低下,低下・燃料制約,225000,2026/08/30 11:00,あり,2026/08/31,抑制最大量：225000kW 抑制最小量：185000kW,2026/08/31 02:26,added,outages_20261001_081325.csv,outages_20261001_111428.csv,31/08/2026 02:26,01/10/2026 11:14
東京,東日本共同発電株式会社,6065330508,東日本共同発電株式会社君津共同発電所,火力（ガス）,6号機,152900,計画外停止,停止・燃料制約,,2026/08/30 12:00,あり,2026/08/31,燃料制約,2026/08/31 02:26,added,outages_20261001_081325.csv,outages_20261001_111428.csv,31/08/2026 02:26,01/10/2026 11:14
東京,東日本共同発電株式会社,6065330508,東日本共同発電株式会社君津共同発電所,火力（ガス）,4号機,350000,計画停止,停止・定期検査等,,2026/09/23 05:00,あり,2026/10/03,定期点検,2026/08/28 16:42,added,outages_20261001_081325.csv,outages_20261001_111428.csv,28/08/2026 16:42,01/10/2026 11:14
東京,東日本共同発電株式会社,6065330508,東日本共同発電株式会社君津共同発電所,火力（ガス）,6号機,152900,計画外停止,停止・燃料制約,,2026/08/25 05:30,あり,2026/08/28,燃料制約,2026/08/27 19:21,added,outages_20261001_081325.csv,outages_20261001_111428.csv,27/08/2026 19:21,01/10/2026 11:14
東京,東日本共同発電株式会社,6065330508,東日本共同発電株式会社君津共同発電所,火力（ガス）,5号機,300000,出力低下,低下・燃料制約,190000,2026/08/25 04:30,あり,2026/08/28,抑制最大量：225000kW 抑制最小量：150000kW,2026/08/27 19:20,added,outages_20261001_081325.csv,outages_20261001_111428.csv,27/08/2026 19:20,01/10/2026 11:14
東京,東日本共同発電株式会社,6065330508,東日本共同発電株式会社君津共同発電所,火力（ガス）,6号機,152900,計画外停止,停止・燃料制約,,2026/08/22 09:00,あり,2026/08/23,燃料制約,2026/08/22 18:27,added,outages_20261001_081325.csv,outages_20261001_111428.csv,22/08/2026 18:27,01/10/2026 11:14
東京,東日本共同発電株式会社,6065330508,東日本共同発電株式会社君津共同発電所,火力（ガス）,5号機,300000,出力低下,低下・燃料制約,190000,2026/08/22 08:00,あり,2026/08/23,抑制最大量：225000 抑制最小量：150000,2026/08/22 18:27,added,outages_20261001_081325.csv,outages_20261001_111428.csv,22/08/2026 18:27,01/10/2026 11:14
東京,東日本共同発電株式会社,6065330508,東日本共同発電株式会社君津共同発電所,火力（ガス）,6号機,152900,計画外停止,停止・燃料制約,,2026/08/21 06:00,あり,2026/08/22,燃料制約,2026/08/21 18:57,added,outages_20261001_081325.csv,outages_20261001_111428.csv,21/08/2026 18:57,01/10/2026 11:14
東京,東日本共同発電株式会社,6065330508,東日本共同発電株式会社君津共同発電所,火力（ガス）,5号機,300000,出力低下,低下・燃料制約,180000,2026/08/21 05:00,あり,2026/08/21,抑制最大量：220000 抑制最小量：140000,2026/08/21 07:16,added,outages_20261001_081325.csv,outages_20261001_111428.csv,21/08/2026 07:16,01/10/2026 11:14
東京,東日本共同発電株式会社,6065330508,東日本共同発電株式会社君津共同発電所,火力（ガス）,5号機,300000,計画停止,停止・設備故障,,2026/08/13 19:00,あり,2026/08/14,HRSG設備不具合,2026/08/14 10:52,added,outages_20261001_081325.csv,outages_20261001_111428.csv,14/08/2026 10:52,01/10/2026 11:14
東京,東日本共同発電株式会社,6065330508,東日本共同発電株式会社君津共同発電所,火力（ガス）,5号機,300000,計画停止,停止・燃料制約,,2026/08/04 06:00,あり,2026/08/06,燃料制約,2026/08/03 17:52,added,outages_20261001_081325.csv,outages_20261001_111428.csv,03/08/2026 17:52,01/10/2026 11:14
東京,東日本共同発電株式会社,6065330508,東日本共同発電株式会社君津共同発電所,火力（ガス）,5号機,300000,計画外停止,停止・燃料制約,,2026/07/31 16:00,あり,2026/08/01,燃料制約,2026/08/01 12:14,added,outages_20261001_081325.csv,outages_20261001_111428.csv,01/08/2026 12:14,01/10/2026 11:14
東京,東日本共同発電株式会社,6065330508,東日本共同発電株式会社君津共同発電所,火力（ガス）,6号機,152900,計画停止,停止・燃料制約,,2026/07/28 06:00,あり,2026/08/01,燃料制約,2026/07/31 23:55,added,outages_20261001_081325.csv,outages_20261001_111428.csv,31/07/2026 23:55,01/10/2026 11:14
東京,東日本共同発電株式会社,6065330508,東日本共同発電株式会社君津共同発電所,火力（ガス）,5号機,300000,出力低下,低下・燃料制約,225000,2026/07/28 05:00,あり,2026/07/31,最大抑制量:225000kW 最小抑制量:185000kW,2026/07/31 05:57,added,outages_20261001_081325.csv,outages_20261001_111428.csv,31/07/2026 05:57,01/10/2026 11:14
東京,東日本共同発電株式会社,6065330508,東日本共同発電株式会社君津共同発電所,火力（ガス）,5号機,300000,計画外停止,停止・燃料制約,,2026/07/26 13:30,あり,2026/07/26,燃料制約,2026/07/26 17:33,added,outages_20261001_081325.csv,outages_20261001_111428.csv,26/07/2026 17:33,01/10/2026 11:14
東京,東日本共同発電株式会社,6065330508,東日本共同発電株式会社君津共同発電所,火力（ガス）,6号機,152900,計画外停止,停止・燃料制約,,2026/07/26 13:30,あり,2026/07/27,燃料制約,2026/07/26 17:33,added,outages_20261001_081325.csv,outages_20261001_111428.csv,26/07/2026 17:33,01/10/2026 11:14
東京,東日本共同発電株式会社,6065330508,東日本共同発電株式会社君津共同発電所,火力（ガス）,5号機,300000,出力低下,低下・燃料制約,225000,2026/07/15 04:00,あり,2026/07/16,最大抑制量：225000kW 最小抑制量：185000kW,2026/07/15 12:15,added,outages_20261001_081325.csv,outages_20261001_111428.csv,15/07/2026 12:15,01/10/2026 11:14
東京,東日本共同発電株式会社,6065330508,東日本共同発電株式会社君津共同発電所,火力（ガス）,6号機,152900,計画外停止,停止・燃料制約,,2026/07/15 05:00,あり,2026/07/16,燃料制約,2026/07/15 12:14,added,outages_20261001_081325.csv,outages_20261001_111428.csv,15/07/2026 12:14,01/10/2026 11:14
東京,東日本共同発電株式会社,6065330508,東日本共同発電株式会社君津共同発電所,火力（ガス）,5号機,300000,出力低下,低下・燃料制約,225000,2026/07/03 02:00,あり,2026/07/03,燃料制約 抑制最大量　225000ｋW 抑制最小量　185000ｋW,2026/07/03 05:30,added,outages_20261001_081325.csv,outages_20261001_111428.csv,03/07/2026 05:30,01/10/2026 11:14
東京,東日本共同発電株式会社,6065330508,東日本共同発電株式会社君津共同発電所,火力（ガス）,6号機,152900,計画外停止,停止・燃料制約,,2026/07/03 03:00,あり,2026/07/03,燃料制約,2026/07/03 05:30,added,outages_20261001_081325.csv,outages_20261001_111428.csv,03/07/2026 05:30,01/10/2026 11:14
東京,東日本共同発電株式会社,6065330508,東日本共同発電株式会社君津共同発電所,火力（ガス）,5号機,300000,計画停止,停止・燃料制約,,2026/07/08 05:00,あり,2026/07/09,燃料制約,2026/06/30 10:49,added,outages_20261001_081325.csv,outages_20261001_111428.csv,30/06/2026 10:49,01/10/2026 11:14
東京,東日本共同発電株式会社,6065330508,東日本共同発電株式会社君津共同発電所,火力（ガス）,5号機,300000,出力低下,低下・燃料制約,225000,2026/06/26 05:00,あり,2026/06/28,最大抑制量:225000kW 最小抑制量:185000kW,2026/06/29 08:23,added,outages_20261001_081325.csv,outages_20261001_111428.csv,29/06/2026 08:23,01/10/2026 11:14
東京,東日本共同発電株式会社,6065330508,東日本共同発電株式会社君津共同発電所,火力（ガス）,6号機,152900,計画停止,停止・定期検査等,,2026/06/09 01:00,あり,2026/06/29,定期点検,2026/06/29 08:04,added,outages_20261001_081325.csv,outages_20261001_111428.csv,29/06/2026 08:04,01/10/2026 11:14
東京,東日本共同発電株式会社,6065330508,東日本共同発電株式会社君津共同発電所,火力（ガス）,5号機,300000,計画外停止,停止・燃料制約,,2026/06/27 15:53,あり,2026/06/28,燃料制約,2026/06/27 22:57,added,outages_20261001_081325.csv,outages_20261001_111428.csv,27/06/2026 22:57,01/10/2026 11:14
東京,東日本共同発電株式会社,6065330508,東日本共同発電株式会社君津共同発電所,火力（ガス）,5号機,300000,計画停止,停止・設備故障,,2026/06/23 06:00,あり,2026/06/25,GT関連設備,2026/06/24 22:39,added,outages_20261001_081325.csv,outages_20261001_111428.csv,24/06/2026 22:39,01/10/2026 11:14
東京,東日本共同発電株式会社,6065330508,東日本共同発電株式会社君津共同発電所,火力（ガス）,5号機,300000,出力低下,低下・燃料制約,190000,2026/06/18 05:00,あり,2026/06/19,最大抑制量:225000kW 最小抑制量:150000kW,2026/06/17 11:06,added,outages_20261001_081325.csv,outages_20261001_111428.csv,17/06/2026 11:06,01/10/2026 11:14
東京,東日本共同発電株式会社,6065330508,東日本共同発電株式会社君津共同発電所,火力（ガス）,5号機,300000,出力低下,低下・燃料制約,190000,2026/06/15 05:00,あり,2026/06/15,最大抑制量:225000kW 最小抑制量:150000kW,2026/06/11 15:26,added,outages_20261001_081325.csv,outages_20261001_111428.csv,11/06/2026 15:26,01/10/2026 11:14
東京,東日本共同発電株式会社,6065330508,東日本共同発電株式会社君津共同発電所,火力（ガス）,3号機,350000,計画停止,停止・定期検査等,,2026/04/01 05:00,あり,2026/06/08,定期点検,2026/06/06 16:12,added,outages_20261001_081325.csv,outages_20261001_111428.csv,06/06/2026 16:12,01/10/2026 11:14
東京,東日本共同発電株式会社,6065330508,東日本共同発電株式会社君津共同発電所,火力（ガス）,5号機,300000,計画停止,停止・燃料制約,,2026/06/01 10:00,あり,2026/06/08,燃料制約,2026/06/05 09:35,added,outages_20261001_081325.csv,outages_20261001_111428.csv,05/06/2026 09:35,01/10/2026 11:14
東京,東日本共同発電株式会社,6065330508,東日本共同発電株式会社君津共同発電所,火力（ガス）,6号機,152900,計画外停止,停止・燃料制約,,2026/06/03 06:00,あり,2026/06/04,燃料制約,2026/06/04 09:46,added,outages_20261001_081325.csv,outages_20261001_111428.csv,04/06/2026 09:46,01/10/2026 11:14
東京,東日本共同発電株式会社,6065330508,東日本共同発電株式会社君津共同発電所,火力（ガス）,6号機,152900,計画外停止,停止・燃料制約,,2026/05/30 00:00,あり,2026/06/02,燃料制約,2026/06/01 18:20,added,outages_20261001_081325.csv,outages_20261001_111428.csv,01/06/2026 18:20,01/10/2026 11:14
東京,東日本共同発電株式会社,6065330508,東日本共同発電株式会社君津共同発電所,火力（ガス）,5号機,300000,出力低下,低下・燃料制約,225000,2026/05/29 23:00,あり,2026/06/01,最大抑制量:225000kW 最小抑制量:185000kW,2026/06/01 03:09,added,outages_20261001_081325.csv,outages_20261001_111428.csv,01/06/2026 03:09,01/10/2026 11:14
東京,東日本共同発電株式会社,6065330508,東日本共同発電株式会社君津共同発電所,火力（ガス）,5号機,300000,出力低下,低下・燃料制約,240000,2026/05/23 13:00,あり,2026/05/24,最大抑制量:240000kW 最小抑制量:200000kW,2026/05/26 17:19,added,outages_20261001_081325.csv,outages_20261001_111428.csv,26/05/2026 17:19,01/10/2026 11:14
東京,東日本共同発電株式会社,6065330508,東日本共同発電株式会社君津共同発電所,火力（ガス）,5号機,300000,計画外停止,停止・燃料制約,,2026/05/23 21:19,あり,2026/05/24,燃料制約,2026/05/24 13:57,added,outages_20261001_081325.csv,outages_20261001_111428.csv,24/05/2026 13:57,01/10/2026 11:14
東京,東日本共同発電株式会社,6065330508,東日本共同発電株式会社君津共同発電所,火力（ガス）,6号機,152900,計画外停止,停止・燃料制約,,2026/05/23 14:00,あり,2026/05/24,燃料制約,2026/05/24 04:12,added,outages_20261001_081325.csv,outages_20261001_111428.csv,24/05/2026 04:12,01/10/2026 11:14
東京,東日本共同発電株式会社,6065330508,東日本共同発電株式会社君津共同発電所,火力（ガス）,6号機,152900,計画停止,停止・燃料制約,,2026/05/12 06:00,あり,2026/05/16,運用停止,2026/05/15 13:23,added,outages_20261001_081325.csv,outages_20261001_111428.csv,15/05/2026 13:23,01/10/2026 11:14
東京,東日本共同発電株式会社,6065330508,東日本共同発電株式会社君津共同発電所,火力（ガス）,5号機,300000,出力低下,低下・燃料制約,190000,2026/05/12 05:00,あり,2026/05/16,最大抑制量:225000kW 最小抑制量:150000kW,2026/05/15 13:22,added,outages_20261001_081325.csv,outages_20261001_111428.csv,15/05/2026 13:22,01/10/2026 11:14
東京,東日本共同発電株式会社,6065330508,東日本共同発電株式会社君津共同発電所,火力（ガス）,6号機,152900,計画停止,停止・燃料制約,,2026/05/08 08:00,あり,2026/05/08,運用停止,2026/05/07 18:08,added,outages_20261001_081325.csv,outages_20261001_111428.csv,07/05/2026 18:08,01/10/2026 11:14
東京,東日本共同発電株式会社,6065330508,東日本共同発電株式会社君津共同発電所,火力（ガス）,6号機,152900,計画外停止,停止・燃料制約,,2026/05/01 06:15,あり,2026/05/01,燃料制約,2026/05/01 05:39,added,outages_20261001_081325.csv,outages_20261001_111428.csv,01/05/2026 05:39,01/10/2026 11:14
東京,東日本共同発電株式会社,6065330508,東日本共同発電株式会社君津共同発電所,火力（ガス）,6号機,152900,計画停止,停止・燃料制約,,2026/04/28 06:00,あり,2026/04/28,運用停止,2026/04/28 00:22,added,outages_20261001_081325.csv,outages_20261001_111428.csv,28/04/2026 00:22,01/10/2026 11:14
東京,東日本共同発電株式会社,6065330508,東日本共同発電株式会社君津共同発電所,火力（ガス）,5号機,300000,計画停止,停止・燃料制約,,2026/04/19 06:00,あり,2026/04/23,燃料制約,2026/04/21 19:37,added,outages_20261001_081325.csv,outages_20261001_111428.csv,21/04/2026 19:37,01/10/2026 11:14
東京,東日本共同発電株式会社,6065330508,東日本共同発電株式会社君津共同発電所,火力（ガス）,6号機,152900,計画停止,停止・燃料制約,,2026/04/18 07:00,あり,2026/04/18,運用停止,2026/04/17 18:39,added,outages_20261001_081325.csv,outages_20261001_111428.csv,17/04/2026 18:39,01/10/2026 11:14
東京,東日本共同発電株式会社,6065330508,東日本共同発電株式会社君津共同発電所,火力（ガス）,6号機,152900,計画停止,停止・燃料制約,,2026/04/11 06:00,あり,2026/04/12,運用停止,2026/04/11 15:22,added,outages_20261001_081325.csv,outages_20261001_111428.csv,11/04/2026 15:22,01/10/2026 11:14
東京,東日本共同発電株式会社,6065330508,東日本共同発電株式会社君津共同発電所,火力（ガス）,5号機,300000,出力低下,低下・燃料制約,225000,2026/04/11 05:00,あり,2026/04/11,最大抑制量：225000kW 最小抑制量：185000kW,2026/04/10 18:05,added,outages_20261001_081325.csv,outages_20261001_111428.csv,10/04/2026 18:05,01/10/2026 11:14
東京,東日本共同発電株式会社,6065330508,東日本共同発電株式会社君津共同発電所,火力（ガス）,5号機,300000,出力低下,低下・燃料制約,190000,2026/04/07 22:00,あり,2026/04/08,最大抑制量:225000kW 最小抑制量:150000kW,2026/04/08 01:55,added,outages_20261001_081325.csv,outages_20261001_111428.csv,08/04/2026 01:55,01/10/2026 11:14
東京,東日本共同発電株式会社,6065330508,東日本共同発電株式会社君津共同発電所,火力（ガス）,6号機,152900,計画外停止,停止・燃料制約,,2026/04/07 23:00,あり,2026/04/08,燃料制約,2026/04/08 01:54,added,outages_20261001_081325.csv,outages_20261001_111428.csv,08/04/2026 01:54,01/10/2026 11:14
東京,東日本共同発電株式会社,6065330508,東日本共同発電株式会社君津共同発電所,火力（ガス）,6号機,152900,計画外停止,停止・設備故障,,2026/04/01 06:00,あり,2026/04/05,設備故障,2026/04/04 21:21,added,outages_20261001_081325.csv,outages_20261001_111428.csv,04/04/2026 21:21,01/10/2026 11:14
東京,東日本共同発電株式会社,6065330508,東日本共同発電株式会社君津共同発電所,火力（ガス）,5号機,300000,計画停止,停止・燃料制約,,2026/04/03 06:00,あり,2026/04/05,燃料制約,2026/03/26 17:20,added,outages_20261001_081325.csv,outages_20261001_111428.csv,26/03/2026 17:20,01/10/2026 11:14
東京,東日本共同発電株式会社,6065330508,東日本共同発電株式会社君津共同発電所,火力（ガス）,5号機,300000,出力低下,低下・燃料制約,190000,2026/04/01 05:00,あり,2026/04/03,最大抑制量:225000kW 最小抑制量:150000kW,2026/03/26 17:17,added,outages_20261001_081325.csv,outages_20261001_111428.csv,26/03/2026 17:17,01/10/2026 11:14
東京,東日本共同発電株式会社,6065330508,東日本共同発電株式会社君津共同発電所,火力（ガス）,4号機,350000,出力低下,低下・送電線等制約,130000,2026/03/17 02:00,あり,2026/03/22,最大抑制量：130000kW 最小抑制量：130000kW,2026/03/21 10:31,added,outages_20261001_081325.csv,outages_20261001_111428.csv,21/03/2026 10:31,01/10/2026 11:14
東京,東日本共同発電株式会社,6065330508,東日本共同発電株式会社君津共同発電所,火力（ガス）,6号機,152900,計画外停止,停止・燃料制約,,2026/03/21 08:00,あり,2026/03/21,燃料制約,2026/03/21 05:15,added,outages_20261001_081325.csv,outages_20261001_111428.csv,21/03/2026 05:15,01/10/2026 11:14
東京,東日本共同発電株式会社,6065330508,東日本共同発電株式会社君津共同発電所,火力（ガス）,6号機,152900,計画外停止,停止・燃料制約,,2026/03/16 02:15,あり,2026/03/16,運用停止,2026/03/16 02:37,added,outages_20261001_081325.csv,outages_20261001_111428.csv,16/03/2026 02:37,01/10/2026 11:14
東京,東日本共同発電株式会社,6065330508,東日本共同発電株式会社君津共同発電所,火力（ガス）,6号機,152900,計画停止,停止・燃料制約,,2026/03/09 05:00,あり,2026/03/11,燃料制約,2026/03/11 03:08,added,outages_20261001_081325.csv,outages_20261001_111428.csv,11/03/2026 03:08,01/10/2026 11:14
東京,東日本共同発電株式会社,6065330508,東日本共同発電株式会社君津共同発電所,火力（ガス）,5号機,300000,出力低下,低下・燃料制約,190000,2026/03/09 04:00,あり,2026/03/11,最大抑制量:225000kW 最小抑制量:150000kW,2026/03/11 03:07,added,outages_20261001_081325.csv,outages_20261001_111428.csv,11/03/2026 03:07,01/10/2026 11:14
東京,東日本共同発電株式会社,6065330508,東日本共同発電株式会社君津共同発電所,火力（ガス）,6号機,152900,計画停止,停止・燃料制約,,2026/03/23 06:00,あり,2026/03/25,燃料制約,2026/03/03 17:35,added,outages_20261001_081325.csv,outages_20261001_111428.csv,03/03/2026 17:35,01/10/2026 11:14
東京,東日本共同発電株式会社,6065330508,東日本共同発電株式会社君津共同発電所,火力（ガス）,5号機,300000,出力低下,低下・燃料制約,225000,2026/03/23 05:00,あり,2026/03/25,最大抑制量:225000kW 最小抑制量:185000kW,2026/03/03 17:34,added,outages_20261001_081325.csv,outages_20261001_111428.csv,03/03/2026 17:34,01/10/2026 11:14
東京,東日本共同発電株式会社,6065330508,東日本共同発電株式会社君津共同発電所,火力（ガス）,5号機,300000,出力低下,低下・燃料制約,225000,2026/03/02 07:00,あり,2026/03/02,最大抑制量：225000KW 最小抑制量：185000KW,2026/03/01 16:41,added,outages_20261001_081325.csv,outages_20261001_111428.csv,01/03/2026 16:41,01/10/2026 11:14
東京,東日本共同発電株式会社,6065330508,東日本共同発電株式会社君津共同発電所,火力（ガス）,6号機,152900,計画停止,停止・燃料制約,,2026/03/02 08:00,あり,2026/03/03,運用停止,2026/03/01 16:31,added,outages_20261001_081325.csv,outages_20261001_111428.csv,01/03/2026 16:31,01/10/2026 11:14
東京,東日本共同発電株式会社,6065330508,東日本共同発電株式会社君津共同発電所,火力（ガス）,6号機,152900,計画停止,停止・燃料制約,,2026/02/28 06:00,あり,2026/02/28,運用停止,2026/02/28 22:00,added,outages_20261001_081325.csv,outages_20261001_111428.csv,28/02/2026 22:00,01/10/2026 11:14
東京,東日本共同発電株式会社,6065330508,東日本共同発電株式会社君津共同発電所,火力（ガス）,5号機,300000,出力低下,低下・燃料制約,225000,2026/02/28 05:00,あり,2026/02/28,最大抑制量：225000kW 最小抑制量：185000kW,2026/02/27 22:40,added,outages_20261001_081325.csv,outages_20261001_111428.csv,27/02/2026 22:40,01/10/2026 11:14
東京,東日本共同発電株式会社,6065330508,東日本共同発電株式会社君津共同発電所,火力（ガス）,6号機,152900,計画停止,停止・燃料制約,,2026/02/23 07:00,あり,2026/02/24,燃料制約,2026/02/24 01:29,added,outages_20261001_081325.csv,outages_20261001_111428.csv,24/02/2026 01:29,01/10/2026 11:14
東京,東日本共同発電株式会社,6065330508,東日本共同発電株式会社君津共同発電所,火力（ガス）,5号機,300000,出力低下,低下・燃料制約,225000,2026/02/23 07:00,あり,2026/02/23,最大抑制量 : 225000kW 最小抑制量 : 185000kW,2026/02/23 02:50,added,outages_20261001_081325.csv,outages_20261001_111428.csv,23/02/2026 02:50,01/10/2026 11:14
東京,東日本共同発電株式会社,6065330508,東日本共同発電株式会社君津共同発電所,火力（ガス）,6号機,152900,計画停止,停止・燃料制約,,2026/02/18 07:00,あり,2026/02/18,運用停止,2026/02/16 18:27,added,outages_20261001_081325.csv,outages_20261001_111428.csv,16/02/2026 18:27,01/10/2026 11:14
東京,東日本共同発電株式会社,6065330508,東日本共同発電株式会社君津共同発電所,火力（ガス）,5号機,300000,出力低下,低下・燃料制約,225000,2026/02/18 06:00,あり,2026/02/18,燃料制約 最大抑制量：225000kW 最小抑制量：185000kW,2026/02/16 18:25,added,outages_20261001_081325.csv,outages_20261001_111428.csv,16/02/2026 18:25,01/10/2026 11:14
東京,東日本共同発電株式会社,6065330508,東日本共同発電株式会社君津共同発電所,火力（ガス）,6号機,152900,計画外停止,停止・燃料制約,,2026/02/12 09:00,あり,2026/02/13,運用停止,2026/02/12 09:45,added,outages_20261001_081325.csv,outages_20261001_111428.csv,12/02/2026 09:45,01/10/2026 11:14
東京,東日本共同発電株式会社,6065330508,東日本共同発電株式会社君津共同発電所,火力（ガス）,5号機,300000,出力低下,低下・燃料制約,180000,2026/02/12 08:00,あり,2026/02/12,燃料制約 最大抑制量：220000kW 最小抑制量：140000kW,2026/02/12 08:09,added,outages_20261001_081325.csv,outages_20261001_111428.csv,12/02/2026 08:09,01/10/2026 11:14
東京,東日本共同発電株式会社,6065330508,東日本共同発電株式会社君津共同発電所,火力（ガス）,6号機,152900,計画停止,停止・燃料制約,,2026/02/05 05:00,あり,2026/02/06,運用停止,2026/02/04 21:11,added,outages_20261001_081325.csv,outages_20261001_111428.csv,04/02/2026 21:11,01/10/2026 11:14
東京,東日本共同発電株式会社,6065330508,東日本共同発電株式会社君津共同発電所,火力（ガス）,5号機,300000,出力低下,低下・燃料制約,190000,2026/02/05 04:00,あり,2026/02/06,最大抑制量:225000kW 最小抑制量：150000kW,2026/02/04 21:10,added,outages_20261001_081325.csv,outages_20261001_111428.csv,04/02/2026 21:10,01/10/2026 11:14
東京,東日本共同発電株式会社,6065330508,東日本共同発電株式会社君津共同発電所,火力（ガス）,6号機,152900,計画停止,停止・燃料制約,,2026/02/09 06:00,あり,2026/02/11,運用停止,2026/01/27 16:05,added,outages_20261001_081325.csv,outages_20261001_111428.csv,27/01/2026 16:05,01/10/2026 11:14
東京,東日本共同発電株式会社,6065330508,東日本共同発電株式会社君津共同発電所,火力（ガス）,5号機,300000,出力低下,低下・燃料制約,225000,2026/02/09 05:00,あり,2026/02/11,最大抑制量:225000kW 最小抑制量:185000kW,2026/01/27 16:04,added,outages_20261001_081325.csv,outages_20261001_111428.csv,27/01/2026 16:04,01/10/2026 11:14
東京,東日本共同発電株式会社,6065330508,東日本共同発電株式会社君津共同発電所,火力（ガス）,5号機,300000,計画停止,停止・定期検査等,,2026/01/05 02:00,あり,2026/01/30,定期点検,2026/01/21 16:57,added,outages_20261001_081325.csv,outages_20261001_111428.csv,21/01/2026 16:57,01/10/2026 11:14
東京,東日本共同発電株式会社,6065330508,東日本共同発電株式会社君津共同発電所,火力（ガス）,5号機,300000,計画外停止,停止・燃料制約,,2025/12/20 01:00,あり,2025/12/23,停止・燃料制約,2025/12/22 19:22,added,outages_20261001_081325.csv,outages_20261001_111428.csv,22/12/2025 19:22,01/10/2026 11:14
東京,東日本共同発電株式会社,6065330508,東日本共同発電株式会社君津共同発電所,火力（ガス）,6号機,152900,計画停止,停止・燃料制約,,2025/12/19 06:00,あり,2025/12/21,運用停止,2025/12/21 10:11,added,outages_20261001_081325.csv,outages_20261001_111428.csv,21/12/2025 10:11,01/10/2026 11:14
東京,東日本共同発電株式会社,6065330508,東日本共同発電株式会社君津共同発電所,火力（ガス）,5号機,300000,出力低下,低下・設備故障,150000,2025/12/18 08:00,あり,2025/12/18,最大抑制量：240000 最小抑制量：160000,2025/12/18 17:45,added,outages_20261001_081325.csv,outages_20261001_111428.csv,18/12/2025 17:45,01/10/2026 11:14
東京,東日本共同発電株式会社,6065330508,東日本共同発電株式会社君津共同発電所,火力（ガス）,6号機,152900,計画停止,停止・燃料制約,,2025/12/26 06:00,あり,2025/12/27,運用停止,2025/12/18 13:41,added,outages_20261001_081325.csv,outages_20261001_111428.csv,18/12/2025 13:41,01/10/2026 11:14
東京,東日本共同発電株式会社,6065330508,東日本共同発電株式会社君津共同発電所,火力（ガス）,5号機,300000,出力低下,低下・燃料制約,225000,2025/12/26 05:00,あり,2025/12/27,最大抑制量:225000kW 最小抑制量:185000kW,2025/12/18 13:41,added,outages_20261001_081325.csv,outages_20261001_111428.csv,18/12/2025 13:41,01/10/2026 11:14
東京,東日本共同発電株式会社,6065330508,東日本共同発電株式会社君津共同発電所,火力（ガス）,5号機,300000,出力低下,低下・燃料制約,190000,2025/12/19 05:00,あり,2025/12/21,最大抑制量:225000kW 最小抑制量:150000kW,2025/12/18 13:39,added,outages_20261001_081325.csv,outages_20261001_111428.csv,18/12/2025 13:39,01/10/2026 11:14
東京,東日本共同発電株式会社,6065330508,東日本共同発電株式会社君津共同発電所,火力（ガス）,5号機,300000,出力低下,低下・燃料制約,190000,2025/12/17 13:45,あり,2025/12/17,最大抑制量:225000KW 最小抑制量:150000KW,2025/12/17 13:45,added,outages_20261001_081325.csv,outages_20261001_111428.csv,17/12/2025 13:45,01/10/2026 11:14
東京,東日本共同発電株式会社,6065330508,東日本共同発電株式会社君津共同発電所,火力（ガス）,6号機,152900,計画外停止,停止・燃料制約,,2025/12/17 14:30,あり,2025/12/18,運用停止,2025/12/17 13:42,added,outages_20261001_081325.csv,outages_20261001_111428.csv,17/12/2025 13:42,01/10/2026 11:14
東京,東日本共同発電株式会社,6065330508,東日本共同発電株式会社君津共同発電所,火力（ガス）,4号機,350000,計画停止,停止・定期検査等,,2025/09/16 06:00,あり,2025/12/17,定検停止,2025/12/15 13:47,added,outages_20261001_081325.csv,outages_20261001_111428.csv,15/12/2025 13:47,01/10/2026 11:14
東京,東日本共同発電株式会社,6065330508,東日本共同発電株式会社君津共同発電所,火力（ガス）,5号機,300000,計画外停止,停止・設備故障,,2025/12/12 06:47,あり,2025/12/13,設備不具合,2025/12/13 14:41,added,outages_20261001_081325.csv,outages_20261001_111428.csv,13/12/2025 14:41,01/10/2026 11:14
東京,東日本共同発電株式会社,6065330508,東日本共同発電株式会社君津共同発電所,火力（ガス）,6号機,152900,計画外停止,停止・燃料制約,,2025/12/11 18:00,あり,2025/12/12,燃料制約,2025/12/11 14:26,added,outages_20261001_081325.csv,outages_20261001_111428.csv,11/12/2025 14:26,01/10/2026 11:14
東京,東日本共同発電株式会社,6065330508,東日本共同発電株式会社君津共同発電所,火力（ガス）,6号機,152900,計画外停止,停止・燃料制約,,2025/12/06 06:15,あり,2025/12/06,燃料制約,2025/12/06 09:21,added,outages_20261001_081325.csv,outages_20261001_111428.csv,06/12/2025 09:21,01/10/2026 11:14
東京,東日本共同発電株式会社,6065330508,東日本共同発電株式会社君津共同発電所,火力（ガス）,5号機,300000,出力低下,低下・燃料制約,190000,2025/12/09 13:00,あり,2025/12/10,最大抑制量:225000kW 最小抑制量:150000kW,2025/12/05 18:05,added,outages_20261001_081325.csv,outages_20261001_111428.csv,05/12/2025 18:05,01/10/2026 11:14
東京,東日本共同発電株式会社,6065330508,東日本共同発電株式会社君津共同発電所,火力（ガス）,6号機,152900,計画外停止,停止・燃料制約,,2025/12/05 08:30,あり,2025/12/05,燃料制約,2025/12/05 15:41,added,outages_20261001_081325.csv,outages_20261001_111428.csv,05/12/2025 15:41,01/10/2026 11:14
東京,東日本共同発電株式会社,6065330508,東日本共同発電株式会社君津共同発電所,火力（ガス）,6号機,152900,計画停止,停止・燃料制約,,2025/12/08 06:00,あり,2025/12/11,運用停止,2025/11/28 16:27,added,outages_20261001_081325.csv,outages_20261001_111428.csv,28/11/2025 16:27,01/10/2026 11:14
東京,東日本共同発電株式会社,6065330508,東日本共同発電株式会社君津共同発電所,火力（ガス）,5号機,300000,計画停止,停止・燃料制約,,2025/12/04 04:00,あり,2025/12/07,運用停止,2025/11/28 16:23,added,outages_20261001_081325.csv,outages_20261001_111428.csv,28/11/2025 16:23,01/10/2026 11:14
東京,東日本共同発電株式会社,6065330508,東日本共同発電株式会社君津共同発電所,火力（ガス）,6号機,152900,計画停止,停止・燃料制約,,2025/11/22 02:00,あり,2025/11/24,運用停止,2025/11/23 19:18,added,outages_20261001_081325.csv,outages_20261001_111428.csv,23/11/2025 19:18,01/10/2026 11:14
東京,東日本共同発電株式会社,6065330508,東日本共同発電株式会社君津共同発電所,火力（ガス）,6号機,152900,計画停止,停止・燃料制約,,2025/11/17 06:00,あり,2025/11/19,運用停止,2025/11/18 21:31,added,outages_20261001_081325.csv,outages_20261001_111428.csv,18/11/2025 21:31,01/10/2026 11:14
東京,東日本共同発電株式会社,6065330508,東日本共同発電株式会社君津共同発電所,火力（ガス）,5号機,300000,出力低下,低下・燃料制約,225000,2025/11/17 05:00,あり,2025/11/19,最大抑制量：225000KW 最小抑制量：185000KW,2025/11/18 21:30,added,outages_20261001_081325.csv,outages_20261001_111428.csv,18/11/2025 21:30,01/10/2026 11:14
東京,東日本共同発電株式会社,6065330508,東日本共同発電株式会社君津共同発電所,火力（ガス）,6号機,152900,計画外停止,停止・燃料制約,,2025/11/08 13:20,あり,2025/11/08,運用停止,2025/11/08 15:33,added,outages_20261001_081325.csv,outages_20261001_111428.csv,08/11/2025 15:33,01/10/2026 11:14
東京,東日本共同発電株式会社,6065330508,東日本共同発電株式会社君津共同発電所,火力（ガス）,6号機,152900,計画停止,停止・燃料制約,,2025/11/05 10:00,あり,2025/11/07,運用停止,2025/11/07 11:39,added,outages_20261001_081325.csv,outages_20261001_111428.csv,07/11/2025 11:39,01/10/2026 11:14
東京,東日本共同発電株式会社,6065330508,東日本共同発電株式会社君津共同発電所,火力（ガス）,5号機,300000,出力低下,低下・燃料制約,225000,2025/11/05 09:00,あり,2025/11/07,最大抑制量:225000KW 最小抑制量:185000kW,2025/11/07 11:39,added,outages_20261001_081325.csv,outages_20261001_111428.csv,07/11/2025 11:39,01/10/2026 11:14
東京,東日本共同発電株式会社,6065330508,東日本共同発電株式会社君津共同発電所,火力（ガス）,5号機,300000,出力低下,低下・燃料制約,225000,2025/10/31 11:00,あり,2025/11/02,燃料制約 抑制最大量 225000kW 抑制最小量 185000kW,2025/11/01 21:18,added,outages_20261001_081325.csv,outages_20261001_111428.csv,01/11/2025 21:18,01/10/2026 11:14
東京,東日本共同発電株式会社,6065330508,東日本共同発電株式会社君津共同発電所,火力（ガス）,6号機,152900,計画停止,停止・燃料制約,,2025/10/31 12:00,あり,2025/11/02,運用停止,2025/11/01 21:18,added,outages_20261001_081325.csv,outages_20261001_111428.csv,01/11/2025 21:18,01/10/2026 11:14
東京,東日本共同発電株式会社,6065330508,東日本共同発電株式会社君津共同発電所,火力（ガス）,6号機,152900,計画停止,停止・燃料制約,,2025/11/19 06:00,あり,2025/11/21,運用停止,2025/10/31 16:09,added,outages_20261001_081325.csv,outages_20261001_111428.csv,31/10/2025 16:09,01/10/2026 11:14
東京,東日本共同発電株式会社,6065330508,東日本共同発電株式会社君津共同発電所,火力（ガス）,5号機,300000,出力低下,低下・燃料制約,190000,2025/11/19 05:00,あり,2025/11/21,最大抑制量:225000kW 最小抑制量;150000kW,2025/10/31 16:08,added,outages_20261001_081325.csv,outages_20261001_111428.csv,31/10/2025 16:08,01/10/2026 11:14
東京,東日本共同発電株式会社,6065330508,東日本共同発電株式会社君津共同発電所,火力（ガス）,6号機,152900,計画外停止,停止・設備故障,,2025/10/17 05:00,あり,2025/10/21,設備不具合,2025/10/21 10:39,added,outages_20261001_081325.csv,outages_20261001_111428.csv,21/10/2025 10:39,01/10/2026 11:14
東京,東日本共同発電株式会社,6065330508,東日本共同発電株式会社君津共同発電所,火力（ガス）,6号機,152900,計画停止,停止・燃料制約,,2025/10/22 06:00,あり,2025/10/23,運用停止,2025/10/16 14:59,added,outages_20261001_081325.csv,outages_20261001_111428.csv,16/10/2025 14:59,01/10/2026 11:14
東京,東日本共同発電株式会社,6065330508,東日本共同発電株式会社君津共同発電所,火力（ガス）,5号機,300000,出力低下,低下・燃料制約,225000,2025/10/22 05:00,あり,2025/10/23,最大抑制量:225000kW 最小抑制量:185000kW,2025/10/16 14:58,added,outages_20261001_081325.csv,outages_20261001_111428.csv,16/10/2025 14:58,01/10/2026 11:14
東京,東日本共同発電株式会社,6065330508,東日本共同発電株式会社君津共同発電所,火力（ガス）,6号機,152900,計画外停止,停止・燃料制約,,2025/10/14 03:10,あり,2025/10/14,燃料制約,2025/10/14 10:01,added,outages_20261001_081325.csv,outages_20261001_111428.csv,14/10/2025 10:01,01/10/2026 11:14
東京,東日本共同発電株式会社,6065330508,東日本共同発電株式会社君津共同発電所,火力（ガス）,6号機,152900,計画停止,停止・燃料制約,,2025/10/06 05:00,あり,2025/10/07,運用停止,2025/10/06 00:38,added,outages_20261001_081325.csv,outages_20261001_111428.csv,06/10/2025 00:38,01/10/2026 11:14
東京,東日本共同発電株式会社,6065330508,東日本共同発電株式会社君津共同発電所,火力（ガス）,5号機,300000,出力低下,低下・燃料制約,225000,2025/10/06 04:00,あり,2025/10/07,最大抑制量:225000kW 最小抑制量:185000kW,2025/10/06 00:37,added,outages_20261001_081325.csv,outages_20261001_111428.csv,06/10/2025 00:37,01/10/2026 11:14
東京,東日本共同発電株式会社,6065330508,東日本共同発電株式会社君津共同発電所,火力（ガス）,5号機,300000,出力低下,低下・燃料制約,190000,2025/10/17 05:00,あり,2025/10/20,最大抑制量:225000kW 最小抑制量:150000kW,2025/09/30 17:00,added,outages_20261001_081325.csv,outages_20261001_111428.csv,30/09/2025 17:00,01/10/2026 11:14
東京,東日本共同発電株式会社,6065330508,東日本共同発電株式会社君津共同発電所,火力（ガス）,5号機,300000,出力低下,低下・燃料制約,200000,2025/09/25 04:00,あり,2025/09/25,最大抑制量:225000kW 最小抑制量:160000kW,2025/09/24 19:52,added,outages_20261001_081325.csv,outages_20261001_111428.csv,24/09/2025 19:52,01/10/2026 11:14
東京,東日本共同発電株式会社,6065330508,東日本共同発電株式会社君津共同発電所,火力（ガス）,6号機,152900,計画停止,停止・燃料制約,,2025/09/25 05:00,あり,2025/09/26,運用停止,2025/09/24 19:44,added,outages_20261001_081325.csv,outages_20261001_111428.csv,24/09/2025 19:44,01/10/2026 11:14
東京,東日本共同発電株式会社,6065330508,東日本共同発電株式会社君津共同発電所,火力（ガス）,6号機,152900,計画外停止,停止・燃料制約,,2025/09/24 10:00,あり,2025/09/24,燃料制約,2025/09/24 07:48,added,outages_20261001_081325.csv,outages_20261001_111428.csv,24/09/2025 07:48,01/10/2026 11:14
東京,東日本共同発電株式会社,6065330508,東日本共同発電株式会社君津共同発電所,火力（ガス）,5号機,300000,計画外停止,停止・燃料制約,,2025/09/14 06:00,あり,2025/09/15,燃料制約,2025/09/14 18:39,added,outages_20261001_081325.csv,outages_20261001_111428.csv,14/09/2025 18:39,01/10/2026 11:14
東京,東日本共同発電株式会社,6065330508,東日本共同発電株式会社君津共同発電所,火力（ガス）,6号機,152900,計画外停止,停止・燃料制約,,2025/09/14 03:00,あり,2025/09/14,燃料制約,2025/09/14 00:55,added,outages_20261001_081325.csv,outages_20261001_111428.csv,14/09/2025 00:55,01/10/2026 11:14
東京,東日本共同発電株式会社,6065330508,東日本共同発電株式会社君津共同発電所,火力（ガス）,3号機,350000,出力低下,低下・設備故障,120000,2025/09/07 03:34,あり,2025/09/09,設備不具合 最大抑制量:160000kW 最小抑制量:80000kW,2025/09/09 01:06,added,outages_20261001_081325.csv,outages_20261001_111428.csv,09/09/2025 01:06,01/10/2026 11:14
東京,東日本共同発電株式会社,6065330508,東日本共同発電株式会社君津共同発電所,火力（ガス）,6号機,152900,計画外停止,停止・燃料制約,,2025/09/08 16:30,あり,2025/09/09,燃料制約,2025/09/08 14:07,added,outages_20261001_081325.csv,outages_20261001_111428.csv,08/09/2025 14:07,01/10/2026 11:14
東京,東日本共同発電株式会社,6065330508,東日本共同発電株式会社君津共同発電所,火力（ガス）,6号機,152900,計画停止,停止・燃料制約,,2025/09/05 06:00,あり,2025/09/06,運用停止,2025/09/06 07:45,added,outages_20261001_081325.csv,outages_20261001_111428.csv,06/09/2025 07:45,01/10/2026 11:14
東京,東日本共同発電株式会社,6065330508,東日本共同発電株式会社君津共同発電所,火力（ガス）,5号機,300000,計画外停止,停止・燃料制約,,2025/09/05 14:00,あり,2025/09/07,燃料制約,2025/09/06 07:45,added,outages_20261001_081325.csv,outages_20261001_111428.csv,06/09/2025 07:45,01/10/2026 11:14
東京,東日本共同発電株式会社,6065330508,東日本共同発電株式会社君津共同発電所,火力（ガス）,5号機,300000,出力低下,低下・燃料制約,190000,2025/09/05 05:00,あり,2025/09/06,最大抑制量:225000kW 最小抑制量:150000kW,2025/09/04 05:11,added,outages_20261001_081325.csv,outages_20261001_111428.csv,04/09/2025 05:11,01/10/2026 11:14
東京,東日本共同発電株式会社,6065330508,東日本共同発電株式会社君津共同発電所,火力（ガス）,5号機,300000,計画外停止,停止・燃料制約,,2025/08/26 07:30,あり,2025/09/01,燃料制約,2025/08/31 18:06,added,outages_20261001_081325.csv,outages_20261001_111428.csv,31/08/2025 18:06,01/10/2026 11:14
東京,東日本共同発電株式会社,6065330508,東日本共同発電株式会社君津共同発電所,火力（ガス）,6号機,152900,計画外停止,停止・燃料制約,,2025/08/30 18:00,あり,2025/08/31,燃料制約,2025/08/31 02:45,added,outages_20261001_081325.csv,outages_20261001_111428.csv,31/08/2025 02:45,01/10/2026 11:14
東京,東日本共同発電株式会社,6065330508,東日本共同発電株式会社君津共同発電所,火力（ガス）,6号機,152900,計画停止,停止・燃料制約,,2025/09/16 06:00,あり,2025/09/19,運用停止,2025/08/29 17:19,added,outages_20261001_081325.csv,outages_20261001_111428.csv,29/08/2025 17:19,01/10/2026 11:14
東京,東日本共同発電株式会社,6065330508,東日本共同発電株式会社君津共同発電所,火力（ガス）,5号機,300000,出力低下,低下・燃料制約,225000,2025/09/16 05:00,あり,2025/09/19,最大抑制量:225000kW 最小抑制量:185000kW,2025/08/29 17:18,added,outages_20261001_081325.csv,outages_20261001_111428.csv,29/08/2025 17:18,01/10/2026 11:14
東京,東日本共同発電株式会社,6065330508,東日本共同発電株式会社君津共同発電所,火力（ガス）,6号機,152900,計画停止,停止・燃料制約,,2025/09/10 06:00,あり,2025/09/13,運用停止,2025/08/29 17:16,added,outages_20261001_081325.csv,outages_20261001_111428.csv,29/08/2025 17:16,01/10/2026 11:14
東京,東日本共同発電株式会社,6065330508,東日本共同発電株式会社君津共同発電所,火力（ガス）,5号機,300000,出力低下,低下・燃料制約,190000,2025/09/10 05:00,あり,2025/09/12,最大抑制量:225000kW 最小抑制量:150000kW,2025/08/29 17:15,added,outages_20261001_081325.csv,outages_20261001_111428.csv,29/08/2025 17:15,01/10/2026 11:14
東京,東日本共同発電株式会社,6065330508,東日本共同発電株式会社君津共同発電所,火力（ガス）,3号機,350000,出力低下,低下・その他,100000,2025/08/28 00:00,あり,2025/08/31,最大抑制量:100000kW 最小抑制量:100000kW,2025/08/27 16:22,added,outages_20261001_081325.csv,outages_20261001_111428.csv,27/08/2025 16:22,01/10/2026 11:14
東京,東日本共同発電株式会社,6065330508,東日本共同発電株式会社君津共同発電所,火力（ガス）,5号機,300000,出力低下,低下・燃料制約,225000,2025/08/26 05:30,あり,2025/08/26,最大抑制量：225000kW 最小抑制量：185000kW,2025/08/26 07:22,added,outages_20261001_081325.csv,outages_20261001_111428.csv,26/08/2025 07:22,01/10/2026 11:14
東京,東日本共同発電株式会社,6065330508,東日本共同発電株式会社君津共同発電所,火力（ガス）,6号機,152900,計画外停止,停止・燃料制約,,2025/08/26 06:30,あり,2025/08/28,燃料制約,2025/08/26 07:03,added,outages_20261001_081325.csv,outages_20261001_111428.csv,26/08/2025 07:03,01/10/2026 11:14
東京,東日本共同発電株式会社,6065330508,東日本共同発電株式会社君津共同発電所,火力（ガス）,5号機,300000,出力低下,低下・燃料制約,200000,2025/08/22 16:00,あり,2025/08/23,最大抑制量：225000kW 最小抑制量：160000kW,2025/08/22 17:20,added,outages_20261001_081325.csv,outages_20261001_111428.csv,22/08/2025 17:20,01/10/2026 11:14
東京,東日本共同発電株式会社,6065330508,東日本共同発電株式会社君津共同発電所,火力（ガス）,6号機,152900,計画停止,停止・燃料制約,,2025/08/22 17:00,あり,2025/08/24,運用停止,2025/08/22 14:44,added,outages_20261001_081325.csv,outages_20261001_111428.csv,22/08/2025 14:44,01/10/2026 11:14
東京,東日本共同発電株式会社,6065330508,東日本共同発電株式会社君津共同発電所,火力（ガス）,5号機,300000,計画外停止,停止・設備故障,,2025/08/17 10:59,あり,2025/08/18,設備不具合,2025/08/17 20:06,added,outages_20261001_081325.csv,outages_20261001_111428.csv,17/08/2025 20:06,01/10/2026 11:14
東京,東日本共同発電株式会社,6065330508,東日本共同発電株式会社君津共同発電所,火力（ガス）,6号機,152900,計画停止,停止・燃料制約,,2025/08/19 06:00,あり,2025/08/21,運用停止,2025/08/04 17:36,added,outages_20261001_081325.csv,outages_20261001_111428.csv,04/08/2025 17:36,01/10/2026 11:14
東京,東日本共同発電株式会社,6065330508,東日本共同発電株式会社君津共同発電所,火力（ガス）,5号機,300000,出力低下,低下・燃料制約,190000,2025/08/19 05:00,あり,2025/08/21,最大抑制量:225000kW 最小抑制量:150000kW,2025/08/04 17:36,added,outages_20261001_081325.csv,outages_20261001_111428.csv,04/08/2025 17:36,01/10/2026 11:14
東京,東日本共同発電株式会社,6065330508,東日本共同発電株式会社君津共同発電所,火力（ガス）,5号機,300000,出力低下,低下・燃料制約,225000,2025/08/12 05:00,あり,2025/08/13,最大抑制量;225000kW 最小抑制量:185000kW,2025/08/04 17:34,added,outages_20261001_081325.csv,outages_20261001_111428.csv,04/08/2025 17:34,01/10/2026 11:14
東京,東日本共同発電株式会社,6065330508,東日本共同発電株式会社君津共同発電所,火力（ガス）,6号機,152900,計画停止,停止・燃料制約,,2025/08/12 06:00,あり,2025/08/13,運用停止,2025/08/04 17:33,added,outages_20261001_081325.csv,outages_20261001_111428.csv,04/08/2025 17:33,01/10/2026 11:14
東京,東日本共同発電株式会社,6065330508,東日本共同発電株式会社君津共同発電所,火力（ガス）,6号機,152900,計画外停止,停止・燃料制約,,2025/07/21 22:00,あり,2025/07/22,運用停止,2025/07/22 07:20,added,outages_20261001_081325.csv,outages_20261001_111428.csv,22/07/2025 07:20,01/10/2026 11:14
東京,東日本共同発電株式会社,6065330508,東日本共同発電株式会社君津共同発電所,火力（ガス）,4号機,350000,出力低下,低下・設備故障,230000,2025/07/13 17:50,あり,2025/07/13,設備不具合 抑制最大値　230000kW 抑制最小値　170000kW,2025/07/14 19:16,added,outages_20261001_081325.csv,outages_20261001_111428.csv,14/07/2025 19:16,01/10/2026 11:14
東京,東日本共同発電株式会社,6065330508,東日本共同発電株式会社君津共同発電所,火力（ガス）,6号機,152900,計画外停止,停止・燃料制約,,2025/07/13 21:04,あり,2025/07/15,運用停止,2025/07/14 19:15,added,outages_20261001_081325.csv,outages_20261001_111428.csv,14/07/2025 19:15,01/10/2026 11:14
東京,東日本共同発電株式会社,6065330508,東日本共同発電株式会社君津共同発電所,火力（ガス）,5号機,300000,出力低下,低下・燃料制約,225000,2025/07/13 18:00,あり,2025/07/15,最大抑制量：225000kW 最小抑制量：185000kW,2025/07/14 19:13,added,outages_20261001_081325.csv,outages_20261001_111428.csv,14/07/2025 19:13,01/10/2026 11:14
東京,東日本共同発電株式会社,6065330508,東日本共同発電株式会社君津共同発電所,火力（ガス）,5号機,300000,出力低下,低下・燃料制約,225000,2025/07/11 13:00,あり,2025/07/12,最大抑制量：225000kW 最小抑制量：185000kW,2025/07/11 13:08,added,outages_20261001_081325.csv,outages_20261001_111428.csv,11/07/2025 13:08,01/10/2026 11:14
東京,東日本共同発電株式会社,6065330508,東日本共同発電株式会社君津共同発電所,火力（ガス）,6号機,152900,計画外停止,停止・燃料制約,,2025/07/11 14:00,あり,2025/07/12,運用停止,2025/07/11 12:38,added,outages_20261001_081325.csv,outages_20261001_111428.csv,11/07/2025 12:38,01/10/2026 11:14
東京,東日本共同発電株式会社,6065330508,東日本共同発電株式会社君津共同発電所,火力（ガス）,6号機,152900,計画停止,停止・燃料制約,,2025/07/07 04:00,あり,2025/07/10,運用停止,2025/07/04 08:09,added,outages_20261001_081325.csv,outages_20261001_111428.csv,04/07/2025 08:09,01/10/2026 11:14
東京,東日本共同発電株式会社,6065330508,東日本共同発電株式会社君津共同発電所,火力（ガス）,5号機,300000,出力低下,低下・燃料制約,225000,2025/07/07 04:00,あり,2025/07/10,最大抑制量：225000ｋW 最小抑制量：185000ｋW,2025/07/04 08:08,added,outages_20261001_081325.csv,outages_20261001_111428.csv,04/07/2025 08:08,01/10/2026 11:14
東京,東日本共同発電株式会社,6065330508,東日本共同発電株式会社君津共同発電所,火力（ガス）,5号機,300000,計画停止,停止・燃料制約,,2025/07/21 04:00,あり,2025/07/24,運用停止,2025/06/30 15:39,added,outages_20261001_081325.csv,outages_20261001_111428.csv,30/06/2025 15:39,01/10/2026 11:14
東京,東日本共同発電株式会社,6065330508,東日本共同発電株式会社君津共同発電所,火力（ガス）,6号機,152900,計画停止,停止・定期検査等,,2025/05/16 05:00,あり,2025/06/28,定期点検,2025/06/25 18:21,added,outages_20261001_081325.csv,outages_20261001_111428.csv,25/06/2025 18:21,01/10/2026 11:14
東京,東日本共同発電株式会社,6065330508,東日本共同発電株式会社君津共同発電所,火力（ガス）,5号機,300000,出力低下,低下・燃料制約,225000,2025/06/23 05:00,あり,2025/06/25,最大抑制量：225000kW 最小抑制量：185000kW,2025/06/12 14:19,added,outages_20261001_081325.csv,outages_20261001_111428.csv,12/06/2025 14:19,01/10/2026 11:14
東京,東日本共同発電株式会社,6065330508,東日本共同発電株式会社君津共同発電所,火力（ガス）,5号機,300000,出力低下,低下・燃料制約,190000,2025/06/05 05:00,あり,2025/06/08,最大抑制量：225000kW 最小抑制量：150000kW,2025/06/02 09:13,added,outages_20261001_081325.csv,outages_20261001_111428.csv,02/06/2025 09:13,01/10/2026 11:14
東京,東日本共同発電株式会社,6065330508,東日本共同発電株式会社君津共同発電所,火力（ガス）,5号機,300000,出力低下,低下・燃料制約,225000,2025/06/08 10:00,あり,2025/06/12,最大抑制量：225000kW 最小抑制量：185000kW,2025/06/02 09:10,added,outages_20261001_081325.csv,outages_20261001_111428.csv,02/06/2025 09:10,01/10/2026 11:14
東京,東日本共同発電株式会社,6065330508,東日本共同発電株式会社君津共同発電所,火力（ガス）,5号機,300000,出力低下,低下・燃料制約,200000,2025/05/27 08:00,あり,2025/05/28,最大抑制量：225000kW 最小抑制量：160000kW,2025/05/26 17:45,added,outages_20261001_081325.csv,outages_20261001_111428.csv,26/05/2025 17:45,01/10/2026 11:14
東京,東日本共同発電株式会社,6065330508,東日本共同発電株式会社君津共同発電所,火力（ガス）,5号機,300000,計画停止,停止・燃料制約,,2025/05/13 08:00,あり,2025/05/16,運用停止,2025/05/15 08:14,added,outages_20261001_081325.csv,outages_20261001_111428.csv,15/05/2025 08:14,01/10/2026 11:14
東京,東日本共同発電株式会社,6065330508,東日本共同発電株式会社君津共同発電所,火力（ガス）,3号機,350000,計画外停止,停止・設備故障,,2025/04/17 23:45,あり,2025/05/09,設備不具合,2025/05/08 17:22,added,outages_20261001_081325.csv,outages_20261001_111428.csv,08/05/2025 17:22,01/10/2026 11:14
東京,東日本共同発電株式会社,6065330508,東日本共同発電株式会社君津共同発電所,火力（ガス）,6号機,152900,計画停止,停止・燃料制約,,2025/05/07 06:00,あり,2025/05/07,運用停止,2025/05/07 22:36,added,outages_20261001_081325.csv,outages_20261001_111428.csv,07/05/2025 22:36,01/10/2026 11:14
東京,東日本共同発電株式会社,6065330508,東日本共同発電株式会社君津共同発電所,火力（ガス）,5号機,300000,出力低下,低下・燃料制約,210000,2025/05/07 05:00,あり,2025/05/07,最大抑制量：225000kW 最小抑制量：170000kW,2025/05/06 00:42,added,outages_20261001_081325.csv,outages_20261001_111428.csv,06/05/2025 00:42,01/10/2026 11:14
東京,東日本共同発電株式会社,6065330508,東日本共同発電株式会社君津共同発電所,火力（ガス）,5号機,300000,出力低下,低下・燃料制約,190000,2025/05/23 05:00,あり,2025/05/25,最大抑制量：225000kW 最小抑制量：150000kW,2025/04/25 13:48,added,outages_20261001_081325.csv,outages_20261001_111428.csv,25/04/2025 13:48,01/10/2026 11:14
東京,東日本共同発電株式会社,6065330508,東日本共同発電株式会社君津共同発電所,火力（ガス）,6号機,152900,計画外停止,停止・燃料制約,,2025/04/18 20:25,あり,2025/04/18,燃料制約,2025/04/18 21:49,added,outages_20261001_081325.csv,outages_20261001_111428.csv,18/04/2025 21:49,01/10/2026 11:14
東京,東日本共同発電株式会社,6065330508,東日本共同発電株式会社君津共同発電所,火力（ガス）,6号機,152900,計画停止,停止・燃料制約,,2025/04/10 06:00,あり,2025/04/13,運用停止,2025/04/10 23:41,added,outages_20261001_081325.csv,outages_20261001_111428.csv,10/04/2025 23:41,01/10/2026 11:14
東京,東日本共同発電株式会社,6065330508,東日本共同発電株式会社君津共同発電所,火力（ガス）,3号機,350000,計画停止,停止・定期検査等,,2025/04/05 13:00,あり,2025/04/13,定期点検,2025/04/07 16:40,added,outages_20261001_081325.csv,outages_20261001_111428.csv,07/04/2025 16:40,01/10/2026 11:14
東京,東日本共同発電株式会社,6065330508,東日本共同発電株式会社君津共同発電所,火力（ガス）,5号機,300000,出力低下,低下・燃料制約,225000,2025/04/10 05:00,あり,2025/04/12,最大抑制量：225000kW 最小抑制量：185000kW,2025/04/01 19:13,added,outages_20261001_081325.csv,outages_20261001_111428.csv,01/04/2025 19:13,01/10/2026 11:14
東京,東日本共同発電株式会社,6065330508,東日本共同発電株式会社君津共同発電所,火力（ガス）,6号機,152900,計画停止,停止・燃料制約,,2025/04/22 05:00,あり,2025/04/24,運用停止,2025/03/27 17:45,added,outages_20261001_081325.csv,outages_20261001_111428.csv,27/03/2025 17:45,01/10/2026 11:14
東京,東日本共同発電株式会社,6065330508,東日本共同発電株式会社君津共同発電所,火力（ガス）,5号機,300000,出力低下,低下・燃料制約,190000,2025/04/22 05:00,あり,2025/04/24,最大抑制量：225000kW 最小抑制量：150000kW,2025/03/27 17:44,added,outages_20261001_081325.csv,outages_20261001_111428.csv,27/03/2025 17:44,01/10/2026 11:14
東京,東日本共同発電株式会社,6065330508,東日本共同発電株式会社君津共同発電所,火力（ガス）,5号機,300000,出力低下,低下・燃料制約,210000,2025/03/19 13:00,あり,2025/03/20,燃料制約 最大抑制量：225000kW 最小抑制量：170000kW,2025/03/19 12:31,added,outages_20261001_081325.csv,outages_20261001_111428.csv,19/03/2025 12:31,01/10/2026 11:14
東京,東日本共同発電株式会社,6065330508,東日本共同発電株式会社君津共同発電所,火力（ガス）,6号機,152900,計画外停止,停止・燃料制約,,2025/03/19 14:00,あり,2025/03/20,燃料制約,2025/03/19 12:21,added,outages_20261001_081325.csv,outages_20261001_111428.csv,19/03/2025 12:21,01/10/2026 11:14
東京,東日本共同発電株式会社,6065330508,東日本共同発電株式会社君津共同発電所,火力（ガス）,5号機,300000,計画停止,停止・燃料制約,,2025/03/23 06:00,あり,2025/03/26,運用停止,2025/03/06 01:41,added,outages_20261001_081325.csv,outages_20261001_111428.csv,06/03/2025 01:41,01/10/2026 11:14
東京,東日本共同発電株式会社,6065330508,東日本共同発電株式会社君津共同発電所,火力（ガス）,5号機,300000,計画停止,停止・燃料制約,,2025/03/12 06:00,あり,2025/03/13,運用停止,2025/03/06 01:41,added,outages_20261001_081325.csv,outages_20261001_111428.csv,06/03/2025 01:41,01/10/2026 11:14
東京,東日本共同発電株式会社,6065330508,東日本共同発電株式会社君津共同発電所,火力（ガス）,6号機,152900,計画停止,停止・燃料制約,,2025/03/07 06:00,あり,2025/03/11,運用停止,2025/03/06 01:40,added,outages_20261001_081325.csv,outages_20261001_111428.csv,06/03/2025 01:40,01/10/2026 11:14
東京,東日本共同発電株式会社,6065330508,東日本共同発電株式会社君津共同発電所,火力（ガス）,6号機,152900,計画停止,停止・燃料制約,,2025/02/28 05:00,あり,2025/03/02,燃料制約,2025/03/01 19:11,added,outages_20261001_081325.csv,outages_20261001_111428.csv,01/03/2025 19:11,01/10/2026 11:14
東京,東日本共同発電株式会社,6065330508,東日本共同発電株式会社君津共同発電所,火力（ガス）,5号機,300000,出力低下,低下・燃料制約,190000,2025/03/07 05:00,あり,2025/03/11,最大抑制量：225000kW 最小抑制量：150000kW,2025/02/28 12:52,added,outages_20261001_081325.csv,outages_20261001_111428.csv,28/02/2025 12:52,01/10/2026 11:14
東京,東日本共同発電株式会社,6065330508,東日本共同発電株式会社君津共同発電所,火力（ガス）,5号機,300000,出力低下,低下・燃料制約,225000,2025/02/28 04:00,あり,2025/03/01,最大抑制量：225000kW 最小抑制量：185000kW,2025/02/27 14:00,added,outages_20261001_081325.csv,outages_20261001_111428.csv,27/02/2025 14:00,01/10/2026 11:14
東京,東日本共同発電株式会社,6065330508,東日本共同発電株式会社君津共同発電所,火力（ガス）,6号機,152900,計画外停止,停止・燃料制約,,2025/02/25 09:00,あり,2025/02/25,燃料制約,2025/02/25 06:05,added,outages_20261001_081325.csv,outages_20261001_111428.csv,25/02/2025 06:05,01/10/2026 11:14
東京,東日本共同発電株式会社,6065330508,東日本共同発電株式会社君津共同発電所,火力（ガス）,6号機,152900,計画外停止,停止・燃料制約,,2025/02/24 18:00,あり,2025/02/24,燃料制約,2025/02/24 21:13,added,outages_20261001_081325.csv,outages_20261001_111428.csv,24/02/2025 21:13,01/10/2026 11:14
東京,東日本共同発電株式会社,6065330508,東日本共同発電株式会社君津共同発電所,火力（ガス）,6号機,152900,計画外停止,停止・燃料制約,,2025/02/17 16:15,あり,2025/02/20,燃料制約,2025/02/17 16:41,added,outages_20261001_081325.csv,outages_20261001_111428.csv,17/02/2025 16:41,01/10/2026 11:14
東京,東日本共同発電株式会社,6065330508,東日本共同発電株式会社君津共同発電所,火力（ガス）,5号機,300000,出力低下,低下・燃料制約,225000,2025/02/17 16:30,あり,2025/02/20,最大抑制量：225000kW 最小抑制量：185000kW,2025/02/17 16:38,added,outages_20261001_081325.csv,outages_20261001_111428.csv,17/02/2025 16:38,01/10/2026 11:14
東京,東日本共同発電株式会社,6065330508,東日本共同発電株式会社君津共同発電所,火力（ガス）,6号機,152900,計画停止,停止・燃料制約,,2025/02/13 05:00,あり,2025/02/14,運用停止,2025/02/10 15:13,added,outages_20261001_081325.csv,outages_20261001_111428.csv,10/02/2025 15:13,01/10/2026 11:14
東京,東日本共同発電株式会社,6065330508,東日本共同発電株式会社君津共同発電所,火力（ガス）,5号機,300000,出力低下,低下・燃料制約,225000,2025/02/13 05:00,あり,2025/02/14,最大抑制量：225000kW 最小抑制量：185000kW,2025/02/10 15:01,added,outages_20261001_081325.csv,outages_20261001_111428.csv,10/02/2025 15:01,01/10/2026 11:14
東京,東日本共同発電株式会社,6065330508,東日本共同発電株式会社君津共同発電所,火力（ガス）,6号機,152900,計画停止,停止・燃料制約,,2025/02/10 06:00,あり,2025/02/10,運用停止,2025/02/08 02:55,added,outages_20261001_081325.csv,outages_20261001_111428.csv,08/02/2025 02:55,01/10/2026 11:14
東京,東日本共同発電株式会社,6065330508,東日本共同発電株式会社君津共同発電所,火力（ガス）,5号機,300000,出力低下,低下・燃料制約,225000,2025/01/27 23:00,あり,2025/01/28,最大抑制量 : 225000kW 最小抑制量 : 150000kW,2025/01/28 02:12,added,outages_20261001_081325.csv,outages_20261001_111428.csv,28/01/2025 02:12,01/10/2026 11:14
東京,東日本共同発電株式会社,6065330508,東日本共同発電株式会社君津共同発電所,火力（ガス）,6号機,152900,計画外停止,停止・燃料制約,,2025/01/28 00:00,あり,2025/01/28,燃料制約,2025/01/28 02:11,added,outages_20261001_081325.csv,outages_20261001_111428.csv,28/01/2025 02:11,01/10/2026 11:14
東京,東日本共同発電株式会社,6065330508,東日本共同発電株式会社君津共同発電所,火力（ガス）,6号機,152900,計画停止,停止・燃料制約,,2025/01/25 05:54,あり,2025/01/27,運用停止,2025/01/27 08:28,added,outages_20261001_081325.csv,outages_20261001_111428.csv,27/01/2025 08:28,01/10/2026 11:14
東京,東日本共同発電株式会社,6065330508,東日本共同発電株式会社君津共同発電所,火力（ガス）,5号機,300000,出力低下,低下・燃料制約,225000,2025/01/14 05:00,あり,2025/01/16,最大抑制量：225000kW 最小抑制量：185000kW,2025/01/10 16:32,added,outages_20261001_081325.csv,outages_20261001_111428.csv,10/01/2025 16:32,01/10/2026 11:14
東京,東日本共同発電株式会社,6065330508,東日本共同発電株式会社君津共同発電所,火力（ガス）,6号機,152900,計画停止,停止・燃料制約,,2025/01/14 06:00,あり,2025/01/16,運用停止,2025/01/10 15:19,added,outages_20261001_081325.csv,outages_20261001_111428.csv,10/01/2025 15:19,01/10/2026 11:14
東京,東日本共同発電株式会社,6065330508,東日本共同発電株式会社君津共同発電所,火力（ガス）,5号機,300000,出力低下,低下・燃料制約,225000,2025/01/09 05:00,あり,2025/01/09,燃料制約 最大抑制量：225000kW 最小抑制量：185000kW,2025/01/09 20:11,added,outages_20261001_081325.csv,outages_20261001_111428.csv,09/01/2025 20:11,01/10/2026 11:14
東京,東日本共同発電株式会社,6065330508,東日本共同発電株式会社君津共同発電所,火力（ガス）,6号機,152900,計画停止,停止・燃料制約,,2025/01/09 06:00,あり,2025/01/10,運用停止 燃料制約,2025/01/08 15:58,added,outages_20261001_081325.csv,outages_20261001_111428.csv,08/01/2025 15:58,01/10/2026 11:14
東京,東日本共同発電株式会社,6065330508,東日本共同発電株式会社君津共同発電所,火力（ガス）,5号機,300000,出力低下,低下・燃料制約,225000,2025/01/04 03:00,あり,2025/01/05,最大抑制量：225000kW 最小抑制量：185000kW,2025/01/03 23:32,added,outages_20261001_081325.csv,outages_20261001_111428.csv,03/01/2025 23:32,01/10/2026 11:14
東京,東日本共同発電株式会社,6065330508,東日本共同発電株式会社君津共同発電所,火力（ガス）,6号機,152900,計画停止,停止・燃料制約,,2025/01/04 03:00,あり,2025/01/05,運用停止 燃料制約,2025/01/03 23:30,added,outages_20261001_081325.csv,outages_20261001_111428.csv,03/01/2025 23:30,01/10/2026 11:14
東京,東日本共同発電株式会社,6065330508,東日本共同発電株式会社君津共同発電所,火力（ガス）,6号機,152900,計画停止,停止・燃料制約,,2024/12/30 08:00,あり,2024/12/30,運用停止 燃料制約,2024/12/29 19:10,added,outages_20261001_081325.csv,outages_20261001_111428.csv,29/12/2024 19:10,01/10/2026 11:14
東京,東日本共同発電株式会社,6065330508,東日本共同発電株式会社君津共同発電所,火力（ガス）,5号機,300000,出力低下,低下・燃料制約,225000,2024/12/28 09:00,あり,2024/12/29,最大抑制量：225000kW 最小抑制量：185000kW,2024/12/28 02:23,added,outages_20261001_081325.csv,outages_20261001_111428.csv,28/12/2024 02:23,01/10/2026 11:14
東京,東日本共同発電株式会社,6065330508,東日本共同発電株式会社君津共同発電所,火力（ガス）,6号機,152900,計画停止,停止・燃料制約,,2024/12/28 10:00,あり,2024/12/29,運用停止,2024/12/28 01:53,added,outages_20261001_081325.csv,outages_20261001_111428.csv,28/12/2024 01:53,01/10/2026 11:14
東京,東日本共同発電株式会社,6065330508,東日本共同発電株式会社君津共同発電所,火力（ガス）,5号機,300000,計画外停止,停止・燃料制約,,2024/12/24 15:10,あり,2024/12/26,燃料制約,2024/12/26 14:33,added,outages_20261001_081325.csv,outages_20261001_111428.csv,26/12/2024 14:33,01/10/2026 11:14
東京,東日本共同発電株式会社,6065330508,東日本共同発電株式会社君津共同発電所,火力（ガス）,5号機,300000,出力低下,低下・燃料制約,190000,2025/01/25 05:00,あり,2025/01/27,最大抑制量：225000kW 最小抑制量：150000kW,2024/12/25 14:10,added,outages_20261001_081325.csv,outages_20261001_111428.csv,25/12/2024 14:10,01/10/2026 11:14
東京,東日本共同発電株式会社,6065330508,東日本共同発電株式会社君津共同発電所,火力（ガス）,6号機,152900,計画停止,停止・燃料制約,,2025/01/25 06:00,あり,2025/01/27,運用停止,2024/12/25 14:09,added,outages_20261001_081325.csv,outages_20261001_111428.csv,25/12/2024 14:09,01/10/2026 11:14
東京,東日本共同発電株式会社,6065330508,東日本共同発電株式会社君津共同発電所,火力（ガス）,5号機,300000,出力低下,低下・燃料制約,190000,2024/12/23 05:00,あり,2024/12/24,最大抑制量：225000kW 最小抑制量：150000kW,2024/12/24 13:57,added,outages_20261001_081325.csv,outages_20261001_111428.csv,24/12/2024 13:57,01/10/2026 11:14
東京,東日本共同発電株式会社,6065330508,東日本共同発電株式会社君津共同発電所,火力（ガス）,6号機,152900,計画外停止,停止・燃料制約,,2024/12/15 06:45,あり,2024/12/15,燃料制約,2024/12/15 14:09,added,outages_20261001_081325.csv,outages_20261001_111428.csv,15/12/2024 14:09,01/10/2026 11:14
東京,東日本共同発電株式会社,6065330508,東日本共同発電株式会社君津共同発電所,火力（ガス）,6号機,152900,計画停止,停止・燃料制約,,2024/12/10 06:00,あり,2024/12/14,運用停止,2024/12/05 16:55,added,outages_20261001_081325.csv,outages_20261001_111428.csv,05/12/2024 16:55,01/10/2026 11:14
東京,東日本共同発電株式会社,6065330508,東日本共同発電株式会社君津共同発電所,火力（ガス）,5号機,300000,出力低下,低下・燃料制約,225000,2024/12/10 05:00,あり,2024/12/14,最大抑制量：225000kW 最小抑制量：185000kW,2024/12/05 16:55,added,outages_20261001_081325.csv,outages_20261001_111428.csv,05/12/2024 16:55,01/10/2026 11:14
東京,東日本共同発電株式会社,6065330508,東日本共同発電株式会社君津共同発電所,火力（ガス）,6号機,152900,計画停止,停止・燃料制約,,2024/12/23 06:00,あり,2024/12/26,運用停止,2024/12/03 10:54,added,outages_20261001_081325.csv,outages_20261001_111428.csv,03/12/2024 10:54,01/10/2026 11:14
東京,東日本共同発電株式会社,6065330508,東日本共同発電株式会社君津共同発電所,火力（ガス）,6号機,152900,計画停止,停止・その他,,2024/11/30 00:00,あり,2024/12/01,通告対応,2024/11/29 21:54,added,outages_20261001_081325.csv,outages_20261001_111428.csv,29/11/2024 21:54,01/10/2026 11:14
東京,東日本共同発電株式会社,6065330508,東日本共同発電株式会社君津共同発電所,火力（ガス）,5号機,300000,出力低下,低下・その他,130000,2024/11/29 22:00,あり,2024/12/01,通告対応,2024/11/29 21:53,added,outages_20261001_081325.csv,outages_20261001_111428.csv,29/11/2024 21:53,01/10/2026 11:14
東京,東日本共同発電株式会社,6065330508,東日本共同発電株式会社君津共同発電所,火力（ガス）,4号機,350000,出力低下,低下・その他,112000,2024/11/29 22:00,あり,2024/12/01,通告対応,2024/11/29 21:52,added,outages_20261001_081325.csv,outages_20261001_111428.csv,29/11/2024 21:52,01/10/2026 11:14
東京,東日本共同発電株式会社,6065330508,東日本共同発電株式会社君津共同発電所,火力（ガス）,3号機,350000,出力低下,低下・その他,162000,2024/11/29 22:00,あり,2024/12/01,通告対応,2024/11/29 21:50,added,outages_20261001_081325.csv,outages_20261001_111428.csv,29/11/2024 21:50,01/10/2026 11:14
東京,東日本共同発電株式会社,6065330508,東日本共同発電株式会社君津共同発電所,火力（ガス）,6号機,152900,計画外停止,停止・燃料制約,,2024/11/28 09:00,あり,2024/11/29,燃料制約,2024/11/29 05:45,added,outages_20261001_081325.csv,outages_20261001_111428.csv,29/11/2024 05:45,01/10/2026 11:14
東京,東日本共同発電株式会社,6065330508,東日本共同発電株式会社君津共同発電所,火力（ガス）,5号機,300000,計画停止,停止・定期検査等,,2024/10/11 18:00,あり,2024/11/28,定検停止,2024/11/25 15:29,added,outages_20261001_081325.csv,outages_20261001_111428.csv,25/11/2024 15:29,01/10/2026 11:14
東京,東日本共同発電株式会社,6065330508,東日本共同発電株式会社君津共同発電所,火力（ガス）,6号機,152900,計画外停止,停止・燃料制約,,2024/11/21 07:30,あり,2024/11/22,燃料制約,2024/11/21 20:39,added,outages_20261001_081325.csv,outages_20261001_111428.csv,21/11/2024 20:39,01/10/2026 11:14
東京,東日本共同発電株式会社,6065330508,東日本共同発電株式会社君津共同発電所,火力（ガス）,4号機,350000,計画停止,停止・設備故障,,2024/12/07 17:00,あり,2024/12/08,運炭設備不具合,2024/11/19 13:40,added,outages_20261001_081325.csv,outages_20261001_111428.csv,19/11/2024 13:40,01/10/2026 11:14
東京,東日本共同発電株式会社,6065330508,東日本共同発電株式会社君津共同発電所,火力（ガス）,6号機,152900,計画外停止,停止・燃料制約,,2024/10/23 08:15,あり,2024/10/25,設備不具合,2024/10/24 21:48,added,outages_20261001_081325.csv,outages_20261001_111428.csv,24/10/2024 21:48,01/10/2026 11:14
東京,東日本共同発電株式会社,6065330508,東日本共同発電株式会社君津共同発電所,火力（ガス）,5号機,300000,計画停止,停止・燃料制約,,2024/10/08 04:00,あり,2024/10/11,運用停止,2024/10/07 11:02,added,outages_20261001_081325.csv,outages_20261001_111428.csv,07/10/2024 11:02,01/10/2026 11:14
東京,東日本共同発電株式会社,6065330508,東日本共同発電株式会社君津共同発電所,火力（ガス）,5号機,300000,出力低下,低下・燃料制約,200000,2024/10/03 09:00,あり,2024/10/04,最大抑制量：225000kW 最小抑制量：160000kW,2024/10/03 21:26,added,outages_20261001_081325.csv,outages_20261001_111428.csv,03/10/2024 21:26,01/10/2026 11:14
東京,東日本共同発電株式会社,6065330508,東日本共同発電株式会社君津共同発電所,火力（ガス）,6号機,152900,計画外停止,停止・燃料制約,,2024/10/03 10:00,あり,2024/10/04,設備不具合,2024/10/03 21:25,added,outages_20261001_081325.csv,outages_20261001_111428.csv,03/10/2024 21:25,01/10/2026 11:14
東京,東日本共同発電株式会社,6065330508,東日本共同発電株式会社君津共同発電所,火力（ガス）,4号機,350000,計画停止,停止・定期検査等,,2024/09/23 13:00,あり,2024/10/04,定期点検,2024/10/03 16:13,added,outages_20261001_081325.csv,outages_20261001_111428.csv,03/10/2024 16:13,01/10/2026 11:14
東京,東日本共同発電株式会社,6065330508,東日本共同発電株式会社君津共同発電所,火力（ガス）,6号機,152900,計画停止,停止・燃料制約,,2024/09/08 08:00,あり,2024/09/08,運用停止,2024/09/07 20:15,added,outages_20261001_081325.csv,outages_20261001_111428.csv,07/09/2024 20:15,01/10/2026 11:14
東京,東日本共同発電株式会社,6065330508,東日本共同発電株式会社君津共同発電所,火力（ガス）,6号機,152900,計画停止,停止・燃料制約,,2024/09/24 06:00,あり,2024/09/27,運用停止,2024/09/02 17:29,added,outages_20261001_081325.csv,outages_20261001_111428.csv,02/09/2024 17:29,01/10/2026 11:14
東京,東日本共同発電株式会社,6065330508,東日本共同発電株式会社君津共同発電所,火力（ガス）,5号機,300000,出力低下,低下・燃料制約,190000,2024/09/24 05:00,あり,2024/09/27,最大抑制量：225000kW 最小抑制量：150000kW,2024/09/02 17:29,added,outages_20261001_081325.csv,outages_20261001_111428.csv,02/09/2024 17:29,01/10/2026 11:14
東京,東日本共同発電株式会社,6065330508,東日本共同発電株式会社君津共同発電所,火力（ガス）,6号機,152900,計画停止,停止・燃料制約,,2024/09/17 06:00,あり,2024/09/21,運用停止,2024/09/02 17:27,added,outages_20261001_081325.csv,outages_20261001_111428.csv,02/09/2024 17:27,01/10/2026 11:14
東京,東日本共同発電株式会社,6065330508,東日本共同発電株式会社君津共同発電所,火力（ガス）,5号機,300000,出力低下,低下・燃料制約,225000,2024/09/17 05:00,あり,2024/09/21,最大抑制量：225000kW 最小抑制量：185000kW,2024/09/02 17:27,added,outages_20261001_081325.csv,outages_20261001_111428.csv,02/09/2024 17:27,01/10/2026 11:14
東京,東日本共同発電株式会社,6065330508,東日本共同発電株式会社君津共同発電所,火力（ガス）,5号機,300000,出力低下,低下・燃料制約,190000,2024/09/10 05:00,あり,2024/09/13,最大抑制量：225000kW 最小抑制量：150000kW,2024/09/02 17:25,added,outages_20261001_081325.csv,outages_20261001_111428.csv,02/09/2024 17:25,01/10/2026 11:14
東京,東日本共同発電株式会社,6065330508,東日本共同発電株式会社君津共同発電所,火力（ガス）,6号機,152900,計画停止,停止・燃料制約,,2024/09/10 06:00,あり,2024/09/13,運用停止,2024/09/02 17:25,added,outages_20261001_081325.csv,outages_20261001_111428.csv,02/09/2024 17:25,01/10/2026 11:14
東京,東日本共同発電株式会社,6065330508,東日本共同発電株式会社君津共同発電所,火力（ガス）,6号機,152900,計画外停止,停止・燃料制約,,2024/09/01 09:00,あり,2024/09/01,燃料制約,2024/09/01 20:18,added,outages_20261001_081325.csv,outages_20261001_111428.csv,01/09/2024 20:18,01/10/2026 11:14
東京,東日本共同発電株式会社,6065330508,東日本共同発電株式会社君津共同発電所,火力（ガス）,4号機,350000,出力低下,低下・燃料制約,110000,2024/08/31 00:00,あり,2024/09/01,燃料制約のため 抑制最大値：150000 抑制最小値：70000,2024/08/30 22:45,added,outages_20261001_081325.csv,outages_20261001_111428.csv,30/08/2024 22:45,01/10/2026 11:14
東京,東日本共同発電株式会社,6065330508,東日本共同発電株式会社君津共同発電所,火力（ガス）,3号機,350000,出力低下,低下・燃料制約,110000,2024/08/31 00:00,あり,2024/09/01,燃料制約のため 抑制最大値：150000 抑制最小量：70000,2024/08/30 22:43,added,outages_20261001_081325.csv,outages_20261001_111428.csv,30/08/2024 22:43,01/10/2026 11:14
東京,東日本共同発電株式会社,6065330508,東日本共同発電株式会社君津共同発電所,火力（ガス）,5号機,300000,計画停止,停止・燃料制約,,2024/08/16 04:00,あり,2024/08/18,運用停止,2024/08/18 00:49,added,outages_20261001_081325.csv,outages_20261001_111428.csv,18/08/2024 00:49,01/10/2026 11:14
東京,東日本共同発電株式会社,6065330508,東日本共同発電株式会社君津共同発電所,火力（ガス）,6号機,152900,計画停止,停止・燃料制約,,2024/08/16 00:00,あり,2024/08/17,運用停止,2024/08/16 01:38,added,outages_20261001_081325.csv,outages_20261001_111428.csv,16/08/2024 01:38,01/10/2026 11:14
東京,東日本共同発電株式会社,6065330508,東日本共同発電株式会社君津共同発電所,火力（ガス）,5号機,300000,出力低下,低下・燃料制約,190000,2024/08/26 05:00,あり,2024/08/29,抑制最大値 225000kW 抑制最小値 150000kW,2024/07/31 15:21,added,outages_20261001_081325.csv,outages_20261001_111428.csv,31/07/2024 15:21,01/10/2026 11:14
東京,東日本共同発電株式会社,6065330508,東日本共同発電株式会社君津共同発電所,火力（ガス）,6号機,152900,計画停止,停止・燃料制約,,2024/08/26 06:00,あり,2024/08/29,運用停止,2024/07/31 15:20,added,outages_20261001_081325.csv,outages_20261001_111428.csv,31/07/2024 15:20,01/10/2026 11:14
東京,東日本共同発電株式会社,6065330508,東日本共同発電株式会社君津共同発電所,火力（ガス）,6号機,152900,計画停止,停止・燃料制約,,2024/08/09 05:00,あり,2024/08/10,運用停止,2024/07/31 15:19,added,outages_20261001_081325.csv,outages_20261001_111428.csv,31/07/2024 15:19,01/10/2026 11:14
東京,東日本共同発電株式会社,6065330508,東日本共同発電株式会社君津共同発電所,火力（ガス）,5号機,300000,出力低下,低下・燃料制約,225000,2024/08/09 04:00,あり,2024/08/10,最大抑制量：225000kW 最小抑制量：185000kW,2024/07/31 15:18,added,outages_20261001_081325.csv,outages_20261001_111428.csv,31/07/2024 15:18,01/10/2026 11:14
東京,東日本共同発電株式会社,6065330508,東日本共同発電株式会社君津共同発電所,火力（ガス）,6号機,152900,計画停止,停止・燃料制約,,2024/07/11 06:00,あり,2024/07/11,運用停止,2024/07/10 19:00,added,outages_20261001_081325.csv,outages_20261001_111428.csv,10/07/2024 19:00,01/10/2026 11:14
東京,東日本共同発電株式会社,6065330508,東日本共同発電株式会社君津共同発電所,火力（ガス）,5号機,300000,出力低下,低下・燃料制約,200000,2024/07/11 05:00,あり,2024/07/11,燃料制約 抑制最大値　225000ｋW 抑制最小値　160000ｋW,2024/07/10 18:58,added,outages_20261001_081325.csv,outages_20261001_111428.csv,10/07/2024 18:58,01/10/2026 11:14
東京,東日本共同発電株式会社,6065330508,東日本共同発電株式会社君津共同発電所,火力（ガス）,6号機,152900,計画停止,停止・定期検査等,,2024/06/09 18:00,あり,2024/06/29,定期点検,2024/06/29 08:55,added,outages_20261001_081325.csv,outages_20261001_111428.csv,29/06/2024 08:55,01/10/2026 11:14
東京,東日本共同発電株式会社,6065330508,東日本共同発電株式会社君津共同発電所,火力（ガス）,6号機,152900,計画停止,停止・燃料制約,,2024/07/18 06:00,あり,2024/07/20,運用停止,2024/06/27 13:35,added,outages_20261001_081325.csv,outages_20261001_111428.csv,27/06/2024 13:35,01/10/2026 11:14
東京,東日本共同発電株式会社,6065330508,東日本共同発電株式会社君津共同発電所,火力（ガス）,5号機,300000,出力低下,低下・燃料制約,190000,2024/07/18 05:00,あり,2024/07/20,最大抑制量：225000kW 最小抑制量：150000kW,2024/06/27 13:34,added,outages_20261001_081325.csv,outages_20261001_111428.csv,27/06/2024 13:34,01/10/2026 11:14
東京,東日本共同発電株式会社,6065330508,東日本共同発電株式会社君津共同発電所,火力（ガス）,6号機,152900,計画停止,停止・燃料制約,,2024/07/02 06:00,あり,2024/07/06,運用停止,2024/06/27 13:32,added,outages_20261001_081325.csv,outages_20261001_111428.csv,27/06/2024 13:32,01/10/2026 11:14
東京,東日本共同発電株式会社,6065330508,東日本共同発電株式会社君津共同発電所,火力（ガス）,5号機,300000,出力低下,低下・燃料制約,225000,2024/07/02 05:00,あり,2024/07/06,最大抑制量：225000kW 最小抑制量：185000kW,2024/06/27 13:31,added,outages_20261001_081325.csv,outages_20261001_111428.csv,27/06/2024 13:31,01/10/2026 11:14
東京,東日本共同発電株式会社,6065330508,東日本共同発電株式会社君津共同発電所,火力（ガス）,5号機,300000,出力低下,低下・燃料制約,180000,2024/06/19 05:00,あり,2024/06/19,燃料制約 抑制最大値　220000 抑制最小値　140000,2024/06/17 19:48,added,outages_20261001_081325.csv,outages_20261001_111428.csv,17/06/2024 19:48,01/10/2026 11:14
東京,東日本共同発電株式会社,6065330508,東日本共同発電株式会社君津共同発電所,火力（ガス）,5号機,300000,計画外停止,停止・燃料制約,,2024/06/08 18:00,あり,2024/06/15,燃料制約,2024/06/14 18:48,added,outages_20261001_081325.csv,outages_20261001_111428.csv,14/06/2024 18:48,01/10/2026 11:14
東京,東日本共同発電株式会社,6065330508,東日本共同発電株式会社君津共同発電所,火力（ガス）,5号機,300000,出力低下,低下・燃料制約,225000,2024/06/08 14:30,あり,2024/06/08,燃料制約 抑制最大値　225000 抑制最小値　185000,2024/06/11 15:09,added,outages_20261001_081325.csv,outages_20261001_111428.csv,11/06/2024 15:09,01/10/2026 11:14
東京,東日本共同発電株式会社,6065330508,東日本共同発電株式会社君津共同発電所,火力（ガス）,6号機,152900,計画外停止,停止・燃料制約,,2024/06/08 15:29,あり,2024/06/30,燃料制約,2024/06/08 22:08,added,outages_20261001_081325.csv,outages_20261001_111428.csv,08/06/2024 22:08,01/10/2026 11:14
東京,東日本共同発電株式会社,6065330508,東日本共同発電株式会社君津共同発電所,火力（ガス）,5号機,300000,出力低下,低下・燃料制約,200000,2024/06/04 11:00,あり,2024/06/05,最大抑制量：225000kW 最小抑制量：160000kW,2024/06/04 11:24,added,outages_20261001_081325.csv,outages_20261001_111428.csv,04/06/2024 11:24,01/10/2026 11:14
東京,東日本共同発電株式会社,6065330508,東日本共同発電株式会社君津共同発電所,火力（ガス）,6号機,152900,計画外停止,停止・燃料制約,,2024/06/04 12:00,あり,2024/06/05,設備不具合,2024/06/04 11:18,added,outages_20261001_081325.csv,outages_20261001_111428.csv,04/06/2024 11:18,01/10/2026 11:14
東京,東日本共同発電株式会社,6065330508,東日本共同発電株式会社君津共同発電所,火力（ガス）,6号機,152900,計画停止,停止・燃料制約,,2024/06/03 08:00,あり,2024/06/03,運用停止,2024/06/02 20:27,added,outages_20261001_081325.csv,outages_20261001_111428.csv,02/06/2024 20:27,01/10/2026 11:14
東京,東日本共同発電株式会社,6065330508,東日本共同発電株式会社君津共同発電所,火力（ガス）,6号機,152900,計画外停止,停止・設備故障,,2024/05/31 02:54,あり,2024/05/31,設備不具合,2024/05/31 07:55,added,outages_20261001_081325.csv,outages_20261001_111428.csv,31/05/2024 07:55,01/10/2026 11:14
東京,東日本共同発電株式会社,6065330508,東日本共同発電株式会社君津共同発電所,火力（ガス）,3号機,350000,計画停止,停止・定期検査等,,2024/04/06 05:00,あり,2024/05/26,定期点検,2024/05/21 16:48,added,outages_20261001_081325.csv,outages_20261001_111428.csv,21/05/2024 16:48,01/10/2026 11:14
東京,東日本共同発電株式会社,6065330508,東日本共同発電株式会社君津共同発電所,火力（ガス）,5号機,300000,出力低下,低下・燃料制約,190000,2024/05/23 05:00,あり,2024/05/25,最大抑制量：225000kW 最小抑制量：150000kW,2024/05/21 04:27,added,outages_20261001_081325.csv,outages_20261001_111428.csv,21/05/2024 04:27,01/10/2026 11:14
東京,東日本共同発電株式会社,6065330508,東日本共同発電株式会社君津共同発電所,火力（ガス）,5号機,300000,出力低下,低下・燃料制約,100000,2024/05/10 05:00,あり,2024/05/12,最大抑制量：140000kW 最小抑制量：60000kW,2024/05/10 00:33,added,outages_20261001_081325.csv,outages_20261001_111428.csv,10/05/2024 00:33,01/10/2026 11:14
東京,東日本共同発電株式会社,6065330508,東日本共同発電株式会社君津共同発電所,火力（ガス）,6号機,152900,計画停止,停止・燃料制約,,2024/05/23 06:00,あり,2024/05/26,運用停止,2024/04/30 13:46,added,outages_20261001_081325.csv,outages_20261001_111428.csv,30/04/2024 13:46,01/10/2026 11:14
東京,東日本共同発電株式会社,6065330508,東日本共同発電株式会社君津共同発電所,火力（ガス）,6号機,152900,計画停止,停止・燃料制約,,2024/05/16 06:00,あり,2024/05/18,運用停止,2024/04/30 13:45,added,outages_20261001_081325.csv,outages_20261001_111428.csv,30/04/2024 13:45,01/10/2026 11:14
東京,東日本共同発電株式会社,6065330508,東日本共同発電株式会社君津共同発電所,火力（ガス）,5号機,300000,出力低下,低下・燃料制約,225000,2024/05/16 05:00,あり,2024/05/18,最大抑制量：225000kW 最小抑制量：185000kW,2024/04/30 13:43,added,outages_20261001_081325.csv,outages_20261001_111428.csv,30/04/2024 13:43,01/10/2026 11:14
東京,東日本共同発電株式会社,6065330508,東日本共同発電株式会社君津共同発電所,火力（ガス）,6号機,152900,計画停止,停止・燃料制約,,2024/05/10 06:00,あり,2024/05/12,運用停止,2024/04/30 13:41,added,outages_20261001_081325.csv,outages_20261001_111428.csv,30/04/2024 13:41,01/10/2026 11:14
東京,東日本共同発電株式会社,6065330508,東日本共同発電株式会社君津共同発電所,火力（ガス）,5号機,300000,出力低下,低下・燃料制約,190000,2024/04/23 05:00,あり,2024/04/25,最大抑制量：225000ｋW 最小抑制量：150000ｋW,2024/04/24 21:11,added,outages_20261001_081325.csv,outages_20261001_111428.csv,24/04/2024 21:11,01/10/2026 11:14
東京,東日本共同発電株式会社,6065330508,東日本共同発電株式会社君津共同発電所,火力（ガス）,6号機,152900,計画停止,停止・燃料制約,,2024/04/23 06:00,あり,2024/04/25,運用停止,2024/04/22 20:58,added,outages_20261001_081325.csv,outages_20261001_111428.csv,22/04/2024 20:58,01/10/2026 11:14
東京,東日本共同発電株式会社,6065330508,東日本共同発電株式会社君津共同発電所,火力（ガス）,6号機,152900,計画停止,停止・燃料制約,,2024/04/18 06:00,あり,2024/04/21,運用停止,2024/04/20 08:58,added,outages_20261001_081325.csv,outages_20261001_111428.csv,20/04/2024 08:58,01/10/2026 11:14
東京,東日本共同発電株式会社,6065330508,東日本共同発電株式会社君津共同発電所,火力（ガス）,6号機,152900,計画停止,停止・燃料制約,,2024/04/15 15:00,あり,2024/04/17,運用停止,2024/04/16 20:09,added,outages_20261001_081325.csv,outages_20261001_111428.csv,16/04/2024 20:09,01/10/2026 11:14
東京,東日本共同発電株式会社,6065330508,東日本共同発電株式会社君津共同発電所,火力（ガス）,5号機,300000,出力低下,低下・燃料制約,200000,2024/04/15 14:00,あり,2024/04/16,最大抑制量：225000kW 最小抑制量：160000kW,2024/04/16 20:08,added,outages_20261001_081325.csv,outages_20261001_111428.csv,16/04/2024 20:08,01/10/2026 11:14
東京,東日本共同発電株式会社,6065330508,東日本共同発電株式会社君津共同発電所,火力（ガス）,5号機,300000,出力低下,低下・燃料制約,225000,2024/04/18 05:00,あり,2024/04/20,最大抑制量：225000kW 最小抑制量：185000kW,2024/04/15 16:22,added,outages_20261001_081325.csv,outages_20261001_111428.csv,15/04/2024 16:22,01/10/2026 11:14
東京,東日本共同発電株式会社,6065330508,東日本共同発電株式会社君津共同発電所,火力（ガス）,5号機,300000,出力低下,低下・燃料制約,190000,2024/04/03 05:00,あり,2024/04/04,最大抑制量：225000kW 最小抑制量：150000kW,2024/04/04 10:15,added,outages_20261001_081325.csv,outages_20261001_111428.csv,04/04/2024 10:15,01/10/2026 11:14
東京,東日本共同発電株式会社,6065330508,東日本共同発電株式会社君津共同発電所,火力（ガス）,6号機,152900,計画停止,停止・燃料制約,,2024/04/03 06:00,あり,2024/04/04,運用停止,2024/04/04 10:14,added,outages_20261001_081325.csv,outages_20261001_111428.csv,04/04/2024 10:14,01/10/2026 11:14
東京,東日本共同発電株式会社,6065330508,東日本共同発電株式会社君津共同発電所,火力（ガス）,5号機,300000,出力低下,低下・燃料制約,225000,2024/04/01 06:00,あり,2024/04/02,燃料制約 最大抑制量：225000KW 最小抑制量：185000KW,2024/03/31 14:30,added,outages_20261001_081325.csv,outages_20261001_111428.csv,31/03/2024 14:30,01/10/2026 11:14
東京,東日本共同発電株式会社,6065330508,東日本共同発電株式会社君津共同発電所,火力（ガス）,6号機,152900,計画停止,停止・燃料制約,,2024/04/01 07:00,あり,2024/04/02,運用停止,2024/03/31 14:22,added,outages_20261001_081325.csv,outages_20261001_111428.csv,31/03/2024 14:22,01/10/2026 11:14
東京,東日本共同発電株式会社,6065330508,東日本共同発電株式会社君津共同発電所,火力（ガス）,5号機,300000,計画停止,停止・燃料制約,,2024/03/26 06:00,あり,2024/03/27,運用停止,2024/03/25 18:03,added,outages_20261001_081325.csv,outages_20261001_111428.csv,25/03/2024 18:03,01/10/2026 11:14
東京,東日本共同発電株式会社,6065330508,東日本共同発電株式会社君津共同発電所,火力（ガス）,5号機,300000,計画停止,停止・燃料制約,,2024/03/21 16:00,あり,2024/03/25,運用停止,2024/03/25 11:14,added,outages_20261001_081325.csv,outages_20261001_111428.csv,25/03/2024 11:14,01/10/2026 11:14
東京,東日本共同発電株式会社,6065330508,東日本共同発電株式会社君津共同発電所,火力（ガス）,5号機,300000,計画停止,停止・燃料制約,,2024/03/19 21:00,あり,2024/03/19,運用停止,2024/03/19 21:15,added,outages_20261001_081325.csv,outages_20261001_111428.csv,19/03/2024 21:15,01/10/2026 11:14
東京,東日本共同発電株式会社,6065330508,東日本共同発電株式会社君津共同発電所,火力（ガス）,5号機,300000,計画外停止,停止・燃料制約,,2024/03/10 18:00,あり,2024/03/12,運用停止,2024/03/17 13:44,added,outages_20261001_081325.csv,outages_20261001_111428.csv,17/03/2024 13:44,01/10/2026 11:14
東京,東日本共同発電株式会社,6065330508,東日本共同発電株式会社君津共同発電所,火力（ガス）,4号機,350000,出力低下,低下・燃料制約,215000,2024/03/10 15:00,あり,2024/03/14,燃料制約 抑制最大値　175000kW 抑制最小値　135000kW,2024/03/12 14:15,added,outages_20261001_081325.csv,outages_20261001_111428.csv,12/03/2024 14:15,01/10/2026 11:14
東京,東日本共同発電株式会社,6065330508,東日本共同発電株式会社君津共同発電所,火力（ガス）,3号機,350000,出力低下,低下・燃料制約,215000,2024/03/08 22:00,あり,2024/03/14,燃料制約 最大抑制量：175000kW 最小抑制量：135000kW,2024/03/12 14:14,added,outages_20261001_081325.csv,outages_20261001_111428.csv,12/03/2024 14:14,01/10/2026 11:14
東京,東日本共同発電株式会社,6065330508,東日本共同発電株式会社君津共同発電所,火力（ガス）,5号機,300000,計画停止,停止・燃料制約,,2024/03/08 10:00,あり,2024/03/10,運用停止,2024/03/08 08:33,added,outages_20261001_081325.csv,outages_20261001_111428.csv,08/03/2024 08:33,01/10/2026 11:14
東京,東日本共同発電株式会社,6065330508,東日本共同発電株式会社君津共同発電所,火力（ガス）,5号機,300000,計画停止,停止・燃料制約,,2024/03/14 06:00,あり,2024/03/17,運用停止,2024/03/04 18:21,added,outages_20261001_081325.csv,outages_20261001_111428.csv,04/03/2024 18:21,01/10/2026 11:14
東京,東日本共同発電株式会社,6065330508,東日本共同発電株式会社君津共同発電所,火力（ガス）,6号機,152900,計画停止,停止・燃料制約,,2024/03/07 06:00,あり,2024/03/08,運用停止,2024/03/04 18:20,added,outages_20261001_081325.csv,outages_20261001_111428.csv,04/03/2024 18:20,01/10/2026 11:14
東京,東日本共同発電株式会社,6065330508,東日本共同発電株式会社君津共同発電所,火力（ガス）,5号機,300000,出力低下,低下・燃料制約,225000,2024/03/07 05:00,あり,2024/03/08,最大抑制量：225000KW 最小抑制量：185000KW,2024/03/04 18:19,added,outages_20261001_081325.csv,outages_20261001_111428.csv,04/03/2024 18:19,01/10/2026 11:14
東京,東日本共同発電株式会社,6065330508,東日本共同発電株式会社君津共同発電所,火力（ガス）,6号機,152900,計画停止,停止・燃料制約,,2024/02/24 07:00,あり,2024/02/26,運用停止,2024/02/25 19:32,added,outages_20261001_081325.csv,outages_20261001_111428.csv,25/02/2024 19:32,01/10/2026 11:14
東京,東日本共同発電株式会社,6065330508,東日本共同発電株式会社君津共同発電所,火力（ガス）,5号機,300000,出力低下,低下・燃料制約,225000,2024/02/24 06:00,あり,2024/02/25,燃料制約 抑制最大値　225000kW 抑制最小値　185000kW,2024/02/25 19:31,added,outages_20261001_081325.csv,outages_20261001_111428.csv,25/02/2024 19:31,01/10/2026 11:14
東京,東日本共同発電株式会社,6065330508,東日本共同発電株式会社君津共同発電所,火力（ガス）,6号機,152900,計画停止,停止・燃料制約,,2024/02/13 06:00,あり,2024/02/15,運用停止,2024/02/13 05:04,added,outages_20261001_081325.csv,outages_20261001_111428.csv,13/02/2024 05:04,01/10/2026 11:14
東京,東日本共同発電株式会社,6065330508,東日本共同発電株式会社君津共同発電所,火力（ガス）,5号機,300000,計画停止,停止・燃料制約,,2024/02/13 10:00,あり,2024/02/15,運用停止,2024/02/08 12:07,added,outages_20261001_081325.csv,outages_20261001_111428.csv,08/02/2024 12:07,01/10/2026 11:14
東京,東日本共同発電株式会社,6065330508,東日本共同発電株式会社君津共同発電所,火力（ガス）,5号機,300000,出力低下,低下・燃料制約,185000,2024/02/13 05:00,あり,2024/02/13,最大低下量：225000ｋW 最小低下量：145000ｋW,2024/02/08 12:04,added,outages_20261001_081325.csv,outages_20261001_111428.csv,08/02/2024 12:04,01/10/2026 11:14
東京,東日本共同発電株式会社,6065330508,東日本共同発電株式会社君津共同発電所,火力（ガス）,6号機,152900,計画停止,停止・燃料制約,,2024/01/25 13:00,あり,2024/01/26,運用停止,2024/01/25 20:39,added,outages_20261001_081325.csv,outages_20261001_111428.csv,25/01/2024 20:39,01/10/2026 11:14
東京,東日本共同発電株式会社,6065330508,東日本共同発電株式会社君津共同発電所,火力（ガス）,5号機,300000,計画停止,停止・燃料制約,,2024/01/22 06:00,あり,2024/01/24,運用停止,2024/01/23 08:31,added,outages_20261001_081325.csv,outages_20261001_111428.csv,23/01/2024 08:31,01/10/2026 11:14
東京,東日本共同発電株式会社,6065330508,東日本共同発電株式会社君津共同発電所,火力（ガス）,6号機,152900,計画停止,停止・燃料制約,,2024/01/17 06:00,あり,2024/01/20,運用停止,2024/01/15 16:35,added,outages_20261001_081325.csv,outages_20261001_111428.csv,15/01/2024 16:35,01/10/2026 11:14
東京,東日本共同発電株式会社,6065330508,東日本共同発電株式会社君津共同発電所,火力（ガス）,5号機,300000,出力低下,低下・燃料制約,190000,2024/01/17 05:00,あり,2024/01/20,最大抑制量：225000kW 最小抑制量：150000kW,2024/01/15 16:34,added,outages_20261001_081325.csv,outages_20261001_111428.csv,15/01/2024 16:34,01/10/2026 11:14
東京,東日本共同発電株式会社,6065330508,東日本共同発電株式会社君津共同発電所,火力（ガス）,5号機,300000,出力低下,低下・燃料制約,224000,2024/01/10 05:00,あり,2024/01/13,最大抑制量：224000kW 最小抑制量：185000kW,2023/12/27 15:28,added,outages_20261001_081325.csv,outages_20261001_111428.csv,27/12/2023 15:28,01/10/2026 11:14
東京,東日本共同発電株式会社,6065330508,東日本共同発電株式会社君津共同発電所,火力（ガス）,6号機,152900,計画停止,停止・燃料制約,,2024/01/10 06:00,あり,2024/01/13,運用停止,2023/12/27 15:24,added,outages_20261001_081325.csv,outages_20261001_111428.csv,27/12/2023 15:24,01/10/2026 11:14
東京,東日本共同発電株式会社,6065330508,東日本共同発電株式会社君津共同発電所,火力（ガス）,6号機,152900,計画停止,停止・燃料制約,,2023/12/24 06:00,あり,2023/12/27,運用停止,2023/12/26 19:58,added,outages_20261001_081325.csv,outages_20261001_111428.csv,26/12/2023 19:58,01/10/2026 11:14
東京,東日本共同発電株式会社,6065330508,東日本共同発電株式会社君津共同発電所,火力（ガス）,5号機,300000,出力低下,低下・燃料制約,184000,2023/12/24 06:00,あり,2023/12/26,最大抑制量：225000KW 最小抑制量：150000KW,2023/12/25 18:10,added,outages_20261001_081325.csv,outages_20261001_111428.csv,25/12/2023 18:10,01/10/2026 11:14
東京,東日本共同発電株式会社,6065330508,東日本共同発電株式会社君津共同発電所,火力（ガス）,6号機,152900,計画停止,停止・燃料制約,,2023/12/23 06:00,あり,2023/12/23,燃料制約,2023/12/22 20:09,added,outages_20261001_081325.csv,outages_20261001_111428.csv,22/12/2023 20:09,01/10/2026 11:14
東京,東日本共同発電株式会社,6065330508,東日本共同発電株式会社君津共同発電所,火力（ガス）,5号機,300000,計画停止,停止・定期検査等,,2023/12/06 18:00,あり,2023/12/22,定期検査,2023/12/22 06:33,added,outages_20261001_081325.csv,outages_20261001_111428.csv,22/12/2023 06:33,01/10/2026 11:14
東京,東日本共同発電株式会社,6065330508,東日本共同発電株式会社君津共同発電所,火力（ガス）,4号機,350000,計画停止,停止・定期検査等,,2023/09/18 05:00,あり,2023/11/24,運用停止,2023/11/23 11:10,added,outages_20261001_081325.csv,outages_20261001_111428.csv,23/11/2023 11:10,01/10/2026 11:14
東京,東日本共同発電株式会社,6065330508,東日本共同発電株式会社君津共同発電所,火力（ガス）,5号機,300000,計画外停止,停止・燃料制約,,2023/11/22 06:27,あり,2023/11/23,設備不具合,2023/11/22 14:32,added,outages_20261001_081325.csv,outages_20261001_111428.csv,22/11/2023 14:32,01/10/2026 11:14
東京,東日本共同発電株式会社,6065330508,東日本共同発電株式会社君津共同発電所,火力（ガス）,3号機,350000,出力低下,低下・送電線等制約,72000,2023/11/21 10:00,あり,2023/11/21,最大抑制量：122000kW 最小抑制量：32000kW,2023/11/21 17:39,added,outages_20261001_081325.csv,outages_20261001_111428.csv,21/11/2023 17:39,01/10/2026 11:14
東京,東日本共同発電株式会社,6065330508,東日本共同発電株式会社君津共同発電所,火力（ガス）,6号機,152900,計画停止,停止・燃料制約,,2023/11/14 06:00,あり,2023/11/18,運用停止,2023/11/17 18:04,added,outages_20261001_081325.csv,outages_20261001_111428.csv,17/11/2023 18:04,01/10/2026 11:14
東京,東日本共同発電株式会社,6065330508,東日本共同発電株式会社君津共同発電所,火力（ガス）,5号機,300000,出力低下,低下・燃料制約,225000,2023/11/14 05:00,あり,2023/11/17,燃料制約 抑制最大値　225000 抑制最小値　185000,2023/11/17 18:04,added,outages_20261001_081325.csv,outages_20261001_111428.csv,17/11/2023 18:04,01/10/2026 11:14
東京,東日本共同発電株式会社,6065330508,東日本共同発電株式会社君津共同発電所,火力（ガス）,5号機,300000,出力低下,低下・燃料制約,190000,2023/11/06 05:00,あり,2023/11/08,抑制最大値　225000 抑制最小値　150000,2023/11/04 13:36,added,outages_20261001_081325.csv,outages_20261001_111428.csv,04/11/2023 13:36,01/10/2026 11:14
東京,東日本共同発電株式会社,6065330508,東日本共同発電株式会社君津共同発電所,火力（ガス）,6号機,152900,計画停止,停止・燃料制約,,2023/11/06 05:00,あり,2023/11/08,運用停止,2023/11/04 13:30,added,outages_20261001_081325.csv,outages_20261001_111428.csv,04/11/2023 13:30,01/10/2026 11:14
東京,東日本共同発電株式会社,6065330508,東日本共同発電株式会社君津共同発電所,火力（ガス）,5号機,300000,計画停止,停止・燃料制約,,2023/10/09 06:00,あり,2023/10/11,運用停止,2023/10/05 20:09,added,outages_20261001_081325.csv,outages_20261001_111428.csv,05/10/2023 20:09,01/10/2026 11:14
東京,東日本共同発電株式会社,6065330508,東日本共同発電株式会社君津共同発電所,火力（ガス）,6号機,152900,計画停止,停止・燃料制約,,2023/10/15 17:00,あり,2023/10/21,運用停止,2023/10/03 18:46,added,outages_20261001_081325.csv,outages_20261001_111428.csv,03/10/2023 18:46,01/10/2026 11:14
東京,東日本共同発電株式会社,6065330508,東日本共同発電株式会社君津共同発電所,火力（ガス）,5号機,300000,出力低下,低下・燃料制約,190000,2023/10/15 16:00,あり,2023/10/21,最大低下量：225000kW 最小低下量：150000kW,2023/10/03 18:45,added,outages_20261001_081325.csv,outages_20261001_111428.csv,03/10/2023 18:45,01/10/2026 11:14
東京,東日本共同発電株式会社,6065330508,東日本共同発電株式会社君津共同発電所,火力（ガス）,5号機,300000,計画外停止,停止・燃料制約,,2023/09/30 03:52,あり,2023/10/02,設備不具合,2023/10/01 17:44,added,outages_20261001_081325.csv,outages_20261001_111428.csv,01/10/2023 17:44,01/10/2026 11:14
東京,東日本共同発電株式会社,6065330508,東日本共同発電株式会社君津共同発電所,火力（ガス）,6号機,152900,計画停止,停止・燃料制約,,2023/09/30 01:00,あり,2023/09/30,運用停止,2023/09/30 12:57,added,outages_20261001_081325.csv,outages_20261001_111428.csv,30/09/2023 12:57,01/10/2026 11:14
東京,東日本共同発電株式会社,6065330508,東日本共同発電株式会社君津共同発電所,火力（ガス）,6号機,152900,計画停止,停止・燃料制約,,2023/09/28 12:00,あり,2023/09/29,運用停止,2023/09/28 20:14,added,outages_20261001_081325.csv,outages_20261001_111428.csv,28/09/2023 20:14,01/10/2026 11:14
東京,東日本共同発電株式会社,6065330508,東日本共同発電株式会社君津共同発電所,火力（ガス）,5号機,300000,計画停止,停止・燃料制約,,2023/09/11 06:00,あり,2023/09/14,燃料制約,2023/09/10 13:05,added,outages_20261001_081325.csv,outages_20261001_111428.csv,10/09/2023 13:05,01/10/2026 11:14
東京,東日本共同発電株式会社,6065330508,東日本共同発電株式会社君津共同発電所,火力（ガス）,3号機,350000,計画外停止,停止・設備故障,,2023/09/07 17:30,あり,2023/09/12,設備不具合,2023/09/08 19:57,added,outages_20261001_081325.csv,outages_20261001_111428.csv,08/09/2023 19:57,01/10/2026 11:14
東京,東日本共同発電株式会社,6065330508,東日本共同発電株式会社君津共同発電所,火力（ガス）,5号機,300000,計画停止,停止・燃料制約,,2023/09/06 05:00,あり,2023/09/09,運用停止,2023/09/08 19:05,added,outages_20261001_081325.csv,outages_20261001_111428.csv,08/09/2023 19:05,01/10/2026 11:14
東京,東日本共同発電株式会社,6065330508,東日本共同発電株式会社君津共同発電所,火力（ガス）,6号機,152900,計画外停止,停止・燃料制約,,2023/08/25 10:00,あり,2023/08/26,設備不具合,2023/08/25 20:30,added,outages_20261001_081325.csv,outages_20261001_111428.csv,25/08/2023 20:30,01/10/2026 11:14
東京,東日本共同発電株式会社,6065330508,東日本共同発電株式会社君津共同発電所,火力（ガス）,6号機,152900,計画停止,停止・燃料制約,,2023/08/19 05:00,あり,2023/08/19,運用停止,2023/08/18 18:48,added,outages_20261001_081325.csv,outages_20261001_111428.csv,18/08/2023 18:48,01/10/2026 11:14
東京,東日本共同発電株式会社,6065330508,東日本共同発電株式会社君津共同発電所,火力（ガス）,6号機,152900,計画停止,停止・燃料制約,,2023/08/17 06:00,あり,2023/08/19,燃料制約,2023/08/17 22:34,added,outages_20261001_081325.csv,outages_20261001_111428.csv,17/08/2023 22:34,01/10/2026 11:14
東京,東日本共同発電株式会社,6065330508,東日本共同発電株式会社君津共同発電所,火力（ガス）,5号機,300000,出力低下,低下・燃料制約,200000,2023/08/17 05:00,あり,2023/08/18,燃料制約 抑制最大値　225000ｋＷ 抑制最小値　160000ｋＷ,2023/08/16 14:50,added,outages_20261001_081325.csv,outages_20261001_111428.csv,16/08/2023 14:50,01/10/2026 11:14
東京,東日本共同発電株式会社,6065330508,東日本共同発電株式会社君津共同発電所,火力（ガス）,5号機,300000,出力低下,低下・燃料制約,190000,2023/08/08 05:00,あり,2023/08/10,最大抑制量：225000KW 最小抑制量：150000KW,2023/07/28 16:06,added,outages_20261001_081325.csv,outages_20261001_111428.csv,28/07/2023 16:06,01/10/2026 11:14
東京,東日本共同発電株式会社,6065330508,東日本共同発電株式会社君津共同発電所,火力（ガス）,5号機,300000,出力低下,低下・燃料制約,225000,2023/08/01 05:00,あり,2023/08/04,最大抑制量：225000KW 最小抑制量：185000KW,2023/07/28 16:04,added,outages_20261001_081325.csv,outages_20261001_111428.csv,28/07/2023 16:04,01/10/2026 11:14
東京,東日本共同発電株式会社,6065330508,東日本共同発電株式会社君津共同発電所,火力（ガス）,6号機,152900,計画停止,停止・燃料制約,,2023/08/08 06:00,あり,2023/08/10,運用停止,2023/07/28 16:03,added,outages_20261001_081325.csv,outages_20261001_111428.csv,28/07/2023 16:03,01/10/2026 11:14
東京,東日本共同発電株式会社,6065330508,東日本共同発電株式会社君津共同発電所,火力（ガス）,6号機,152900,計画停止,停止・燃料制約,,2023/08/01 06:00,あり,2023/08/04,運用停止,2023/07/28 16:02,added,outages_20261001_081325.csv,outages_20261001_111428.csv,28/07/2023 16:02,01/10/2026 11:14
東京,東日本共同発電株式会社,6065330508,東日本共同発電株式会社君津共同発電所,火力（ガス）,6号機,152900,計画停止,停止・燃料制約,,2023/07/21 08:00,あり,2023/07/21,運用停止,2023/07/21 06:58,added,outages_20261001_081325.csv,outages_20261001_111428.csv,21/07/2023 06:58,01/10/2026 11:14
東京,東日本共同発電株式会社,6065330508,東日本共同発電株式会社君津共同発電所,火力（ガス）,5号機,300000,計画停止,停止・燃料制約,,2023/07/11 05:00,あり,2023/07/13,運用停止,2023/07/10 19:49,added,outages_20261001_081325.csv,outages_20261001_111428.csv,10/07/2023 19:49,01/10/2026 11:14
東京,東日本共同発電株式会社,6065330508,東日本共同発電株式会社君津共同発電所,火力（ガス）,5号機,300000,出力低下,低下・燃料制約,190000,2023/07/25 05:00,あり,2023/07/28,最大抑制量：225000MW 最小抑制量：150000MW,2023/07/07 18:44,added,outages_20261001_081325.csv,outages_20261001_111428.csv,07/07/2023 18:44,01/10/2026 11:14
東京,東日本共同発電株式会社,6065330508,東日本共同発電株式会社君津共同発電所,火力（ガス）,6号機,152900,計画停止,停止・燃料制約,,2023/07/25 06:00,あり,2023/07/28,運用停止,2023/07/07 18:41,added,outages_20261001_081325.csv,outages_20261001_111428.csv,07/07/2023 18:41,01/10/2026 11:14
東京,東日本共同発電株式会社,6065330508,東日本共同発電株式会社君津共同発電所,火力（ガス）,6号機,152900,計画停止,停止・燃料制約,,2023/07/06 06:00,あり,2023/07/07,運用停止,2023/07/05 20:47,added,outages_20261001_081325.csv,outages_20261001_111428.csv,05/07/2023 20:47,01/10/2026 11:14
東京,東日本共同発電株式会社,6065330508,東日本共同発電株式会社君津共同発電所,火力（ガス）,6号機,152900,計画停止,停止・燃料制約,,2023/07/03 09:00,あり,2023/07/03,運用停止,2023/07/03 07:51,added,outages_20261001_081325.csv,outages_20261001_111428.csv,03/07/2023 07:51,01/10/2026 11:14
東京,東日本共同発電株式会社,6065330508,東日本共同発電株式会社君津共同発電所,火力（ガス）,6号機,152900,計画停止,停止・定期検査等,,2023/05/09 06:00,あり,2023/06/26,運用停止,2023/06/24 21:26,added,outages_20261001_081325.csv,outages_20261001_111428.csv,24/06/2023 21:26,01/10/2026 11:14
東京,東日本共同発電株式会社,6065330508,東日本共同発電株式会社君津共同発電所,火力（ガス）,5号機,300000,計画停止,停止・燃料制約,,2023/06/23 01:00,あり,2023/06/24,運用停止,2023/06/23 00:09,added,outages_20261001_081325.csv,outages_20261001_111428.csv,23/06/2023 00:09,01/10/2026 11:14
東京,東日本共同発電株式会社,6065330508,東日本共同発電株式会社君津共同発電所,火力（ガス）,5号機,300000,計画停止,停止・燃料制約,,2023/06/12 06:00,あり,2023/06/15,運用停止,2023/06/11 20:58,added,outages_20261001_081325.csv,outages_20261001_111428.csv,11/06/2023 20:58,01/10/2026 11:14
東京,東日本共同発電株式会社,6065330508,東日本共同発電株式会社君津共同発電所,火力（ガス）,5号機,300000,出力低下,低下・燃料制約,225000,2023/06/09 05:00,あり,2023/06/12,燃料制約 抑制最大値　225000kW 抑制最小値　185000kW,2023/06/11 20:58,added,outages_20261001_081325.csv,outages_20261001_111428.csv,11/06/2023 20:58,01/10/2026 11:14
東京,東日本共同発電株式会社,6065330508,東日本共同発電株式会社君津共同発電所,火力（ガス）,5号機,300000,計画外停止,停止・燃料制約,,2023/06/03 07:13,あり,2023/06/06,設備不具合,2023/06/05 20:34,added,outages_20261001_081325.csv,outages_20261001_111428.csv,05/06/2023 20:34,01/10/2026 11:14
東京,東日本共同発電株式会社,6065330508,東日本共同発電株式会社君津共同発電所,火力（ガス）,5号機,300000,出力低下,低下・燃料制約,180000,2023/05/23 05:00,あり,2023/05/24,燃料制約 抑制最大値220000kW 抑制最小値140000kW,2023/05/24 10:56,added,outages_20261001_081325.csv,outages_20261001_111428.csv,24/05/2023 10:56,01/10/2026 11:14
東京,東日本共同発電株式会社,6065330508,東日本共同発電株式会社君津共同発電所,火力（ガス）,4号機,350000,計画停止,停止・設備故障,,2023/05/16 09:30,あり,2023/05/19,設備不具合,2023/05/12 10:34,added,outages_20261001_081325.csv,outages_20261001_111428.csv,12/05/2023 10:34,01/10/2026 11:14
東京,東日本共同発電株式会社,6065330508,東日本共同発電株式会社君津共同発電所,火力（ガス）,5号機,300000,計画停止,停止・燃料制約,,2023/05/10 06:00,あり,2023/05/12,運用停止,2023/05/09 05:15,added,outages_20261001_081325.csv,outages_20261001_111428.csv,09/05/2023 05:15,01/10/2026 11:14
東京,東日本共同発電株式会社,6065330508,東日本共同発電株式会社君津共同発電所,火力（ガス）,5号機,300000,計画停止,停止・燃料制約,,2023/04/26 06:00,あり,2023/04/28,運用停止,2023/04/25 23:47,added,outages_20261001_081325.csv,outages_20261001_111428.csv,25/04/2023 23:47,01/10/2026 11:14
東京,東日本共同発電株式会社,6065330508,東日本共同発電株式会社君津共同発電所,火力（ガス）,6号機,152900,計画停止,停止・燃料制約,,2023/04/24 10:00,あり,2023/04/28,運用停止,2023/04/25 23:45,added,outages_20261001_081325.csv,outages_20261001_111428.csv,25/04/2023 23:45,01/10/2026 11:14
東京,東日本共同発電株式会社,6065330508,東日本共同発電株式会社君津共同発電所,火力（ガス）,4号機,350000,計画停止,停止・設備故障,,2023/04/19 22:00,あり,2023/04/21,運用停止,2023/04/21 03:08,added,outages_20261001_081325.csv,outages_20261001_111428.csv,21/04/2023 03:08,01/10/2026 11:14
東京,東日本共同発電株式会社,6065330508,東日本共同発電株式会社君津共同発電所,火力（ガス）,4号機,350000,計画停止,停止・設備故障,,2023/04/09 02:00,あり,2023/04/18,運用停止,2023/04/17 16:49,added,outages_20261001_081325.csv,outages_20261001_111428.csv,17/04/2023 16:49,01/10/2026 11:14
東京,東日本共同発電株式会社,6065330508,東日本共同発電株式会社君津共同発電所,火力（ガス）,6号機,152900,計画外停止,停止・燃料制約,,2023/04/14 20:00,あり,2023/04/15,設備不具合,2023/04/14 19:12,added,outages_20261001_081325.csv,outages_20261001_111428.csv,14/04/2023 19:12,01/10/2026 11:14
東京,東日本共同発電株式会社,6065330508,東日本共同発電株式会社君津共同発電所,火力（ガス）,6号機,152900,計画外停止,停止・燃料制約,,2023/04/05 18:00,あり,2023/04/13,設備不具合,2023/04/13 19:16,added,outages_20261001_081325.csv,outages_20261001_111428.csv,13/04/2023 19:16,01/10/2026 11:14
東京,東日本共同発電株式会社,6065330508,東日本共同発電株式会社君津共同発電所,火力（ガス）,5号機,300000,出力低下,低下・燃料制約,180000,2023/04/06 03:00,あり,2023/04/12,燃料制約 抑制最大値　220000kW　 抑制最低値　140000kW,2023/04/12 20:27,added,outages_20261001_081325.csv,outages_20261001_111428.csv,12/04/2023 20:27,01/10/2026 11:14
東京,東日本共同発電株式会社,6065330508,東日本共同発電株式会社君津共同発電所,火力（ガス）,3号機,350000,計画停止,停止・定期検査等,,2023/04/05 18:00,あり,2023/04/11,運用停止,2023/04/11 20:46,added,outages_20261001_081325.csv,outages_20261001_111428.csv,11/04/2023 20:46,01/10/2026 11:14
東京,東日本共同発電株式会社,6065330508,東日本共同発電株式会社君津共同発電所,火力（ガス）,5号機,300000,計画停止,停止・燃料制約,,2023/04/19 06:00,あり,2023/04/22,運用停止,2023/04/02 16:20,added,outages_20261001_081325.csv,outages_20261001_111428.csv,02/04/2023 16:20,01/10/2026 11:14
東京,東日本共同発電株式会社,6065330508,東日本共同発電株式会社君津共同発電所,火力（ガス）,5号機,300000,出力低下,低下・燃料制約,225000,2023/04/18 09:00,あり,2023/04/19,燃料制約による出力低下 最大抑制量：225000KW 最小抑制量：185000KW,2023/04/02 16:20,added,outages_20261001_081325.csv,outages_20261001_111428.csv,02/04/2023 16:20,01/10/2026 11:14
東京,東日本共同発電株式会社,6065330508,東日本共同発電株式会社君津共同発電所,火力（ガス）,6号機,152900,計画停止,停止・燃料制約,,2023/04/06 06:00,あり,2023/04/09,運用停止,2023/04/02 16:16,added,outages_20261001_081325.csv,outages_20261001_111428.csv,02/04/2023 16:16,01/10/2026 11:14
東京,東日本共同発電株式会社,6065330508,東日本共同発電株式会社君津共同発電所,火力（ガス）,5号機,300000,出力低下,低下・燃料制約,225000,2023/04/06 05:00,あり,2023/04/09,燃料制約に伴う出力低下 最大抑制量：225000ｋW 最小抑制量：185000ｋW,2023/04/02 16:15,added,outages_20261001_081325.csv,outages_20261001_111428.csv,02/04/2023 16:15,01/10/2026 11:14
東京,東日本共同発電株式会社,6065330508,東日本共同発電株式会社君津共同発電所,火力（ガス）,5号機,300000,出力低下,低下・燃料制約,100000,2023/03/21 14:30,あり,2023/03/23,燃料制約に伴う出力低下 抑制最大値 : 140000kW 抑制最小値 : 60000kW,2023/03/23 12:27,added,outages_20261001_081325.csv,outages_20261001_111428.csv,23/03/2023 12:27,01/10/2026 11:14
東京,東日本共同発電株式会社,6065330508,東日本共同発電株式会社君津共同発電所,火力（ガス）,5号機,300000,出力低下,低下・燃料制約,225000,2023/03/16 11:32,あり,2023/03/20,抑制最大値 225000kW 抑制最小値 185000kW,2023/03/20 15:12,added,outages_20261001_081325.csv,outages_20261001_111428.csv,20/03/2023 15:12,01/10/2026 11:14
東京,東日本共同発電株式会社,6065330508,東日本共同発電株式会社君津共同発電所,火力（ガス）,6号機,152900,計画停止,停止・燃料制約,,2023/03/13 06:00,あり,2023/03/20,運用停止,2023/03/20 15:12,added,outages_20261001_081325.csv,outages_20261001_111428.csv,20/03/2023 15:12,01/10/2026 11:14
東京,東日本共同発電株式会社,6065330508,東日本共同発電株式会社君津共同発電所,火力（ガス）,5号機,300000,出力低下,低下・燃料制約,200000,2023/03/13 05:00,あり,2023/03/16,最大低下量：225000kW 最小低下量：160000kW,2023/03/16 16:01,added,outages_20261001_081325.csv,outages_20261001_111428.csv,16/03/2023 16:01,01/10/2026 11:14
東京,東日本共同発電株式会社,6065330508,東日本共同発電株式会社君津共同発電所,火力（ガス）,4号機,350000,計画外停止,停止・設備故障,,2023/03/11 12:01,あり,2023/03/14,設備不具合,2023/03/13 20:42,added,outages_20261001_081325.csv,outages_20261001_111428.csv,13/03/2023 20:42,01/10/2026 11:14
東京,東日本共同発電株式会社,6065330508,東日本共同発電株式会社君津共同発電所,火力（ガス）,5号機,300000,計画停止,停止・燃料制約,,2023/03/07 06:00,あり,2023/03/12,運用停止,2023/03/11 20:34,added,outages_20261001_081325.csv,outages_20261001_111428.csv,11/03/2023 20:34,01/10/2026 11:14
東京,東日本共同発電株式会社,6065330508,東日本共同発電株式会社君津共同発電所,火力（ガス）,6号機,152900,計画外停止,停止・燃料制約,,2023/03/10 06:44,あり,2023/03/11,設備不具合,2023/03/11 05:19,added,outages_20261001_081325.csv,outages_20261001_111428.csv,11/03/2023 05:19,01/10/2026 11:14
東京,東日本共同発電株式会社,6065330508,東日本共同発電株式会社君津共同発電所,火力（ガス）,5号機,300000,出力低下,低下・燃料制約,180000,2023/03/28 05:00,あり,2023/03/29,最大抑制量：220000kW 最小抑制量：140000kW,2023/03/06 16:45,added,outages_20261001_081325.csv,outages_20261001_111428.csv,06/03/2023 16:45,01/10/2026 11:14
東京,東日本共同発電株式会社,6065330508,東日本共同発電株式会社君津共同発電所,火力（ガス）,6号機,152900,計画停止,停止・燃料制約,,2023/03/28 06:00,あり,2023/03/30,運用停止,2023/03/06 16:43,added,outages_20261001_081325.csv,outages_20261001_111428.csv,06/03/2023 16:43,01/10/2026 11:14
東京,東日本共同発電株式会社,6065330508,東日本共同発電株式会社君津共同発電所,火力（ガス）,5号機,300000,出力低下,低下・燃料制約,180000,2023/02/20 05:00,あり,2023/02/22,燃料制約 抑制最大値　220000ｋｗ 抑制最小値　140000ｋｗ,2023/02/22 20:17,added,outages_20261001_081325.csv,outages_20261001_111428.csv,22/02/2023 20:17,01/10/2026 11:14
東京,東日本共同発電株式会社,6065330508,東日本共同発電株式会社君津共同発電所,火力（ガス）,6号機,152900,計画停止,停止・燃料制約,,2023/02/20 06:00,あり,2023/02/23,運用停止,2023/02/20 04:57,added,outages_20261001_081325.csv,outages_20261001_111428.csv,20/02/2023 04:57,01/10/2026 11:14
東京,東日本共同発電株式会社,6065330508,東日本共同発電株式会社君津共同発電所,火力（ガス）,5号機,300000,計画外停止,停止・燃料制約,,2023/02/14 14:47,あり,2023/02/18,設備不具合,2023/02/18 04:43,added,outages_20261001_081325.csv,outages_20261001_111428.csv,18/02/2023 04:43,01/10/2026 11:14
東京,東日本共同発電株式会社,6065330508,東日本共同発電株式会社君津共同発電所,火力（ガス）,6号機,152900,計画停止,停止・燃料制約,,2023/02/14 06:00,あり,2023/02/18,運用停止,2023/02/18 04:43,added,outages_20261001_081325.csv,outages_20261001_111428.csv,18/02/2023 04:43,01/10/2026 11:14
東京,東日本共同発電株式会社,6065330508,東日本共同発電株式会社君津共同発電所,火力（ガス）,6号機,152900,計画停止,停止・燃料制約,,2023/02/07 06:00,あり,2023/02/11,運用停止,2023/02/10 15:48,added,outages_20261001_081325.csv,outages_20261001_111428.csv,10/02/2023 15:48,01/10/2026 11:14
東京,東日本共同発電株式会社,6065330508,東日本共同発電株式会社君津共同発電所,火力（ガス）,5号機,300000,計画外停止,停止・燃料制約,,2023/02/07 06:30,あり,2023/02/10,設備不具合,2023/02/10 02:32,added,outages_20261001_081325.csv,outages_20261001_111428.csv,10/02/2023 02:32,01/10/2026 11:14
東京,東日本共同発電株式会社,6065330508,東日本共同発電株式会社君津共同発電所,火力（ガス）,5号機,300000,出力低下,低下・燃料制約,180000,2023/02/07 05:00,あり,2023/02/10,燃料制約 抑制最大値　220000ｋｗ 抑制最小値　140000ｋｗ,2023/02/06 19:12,added,outages_20261001_081325.csv,outages_20261001_111428.csv,06/02/2023 19:12,01/10/2026 11:14
東京,東日本共同発電株式会社,6065330508,東日本共同発電株式会社君津共同発電所,火力（ガス）,5号機,300000,出力低下,低下・燃料制約,200000,2023/02/04 23:33,あり,2023/02/07,燃料制約 抑制最大値　225000ｋｗ 抑制最小値　160000ｋｗ,2023/02/06 18:58,added,outages_20261001_081325.csv,outages_20261001_111428.csv,06/02/2023 18:58,01/10/2026 11:14
東京,東日本共同発電株式会社,6065330508,東日本共同発電株式会社君津共同発電所,火力（ガス）,4号機,350000,出力低下,低下・設備故障,210000,2023/02/04 22:39,あり,2023/02/07,設備故障 抑制最大値　240000ｋｗ 抑制最小値　170000ｋｗ,2023/02/06 18:58,added,outages_20261001_081325.csv,outages_20261001_111428.csv,06/02/2023 18:58,01/10/2026 11:14
東京,東日本共同発電株式会社,6065330508,東日本共同発電株式会社君津共同発電所,火力（ガス）,6号機,152900,計画停止,停止・燃料制約,,2023/01/27 17:00,あり,2023/01/28,運用停止,2023/01/28 22:21,added,outages_20261001_081325.csv,outages_20261001_111428.csv,28/01/2023 22:21,01/10/2026 11:14
東京,東日本共同発電株式会社,6065330508,東日本共同発電株式会社君津共同発電所,火力（ガス）,6号機,152900,計画停止,停止・燃料制約,,2023/01/24 06:00,あり,2023/01/26,運用停止,2023/01/26 17:35,added,outages_20261001_081325.csv,outages_20261001_111428.csv,26/01/2023 17:35,01/10/2026 11:14
東京,東日本共同発電株式会社,6065330508,東日本共同発電株式会社君津共同発電所,火力（ガス）,5号機,300000,計画外停止,停止・燃料制約,,2023/01/25 18:29,あり,2023/01/27,設備不具合,2023/01/26 04:54,added,outages_20261001_081325.csv,outages_20261001_111428.csv,26/01/2023 04:54,01/10/2026 11:14
東京,東日本共同発電株式会社,6065330508,東日本共同発電株式会社君津共同発電所,火力（ガス）,5号機,300000,出力低下,低下・燃料制約,180000,2023/01/24 05:00,あり,2023/01/27,燃料制約 抑制最大値　220000ｋｗ 抑制最小値　140000ｋｗ,2023/01/24 05:11,added,outages_20261001_081325.csv,outages_20261001_111428.csv,24/01/2023 05:11,01/10/2026 11:14
東京,東日本共同発電株式会社,6065330508,東日本共同発電株式会社君津共同発電所,火力（ガス）,5号機,300000,出力低下,低下・燃料制約,100000,2023/01/14 16:00,あり,2023/01/16,燃料制約 抑制最大値　140000kW 抑制最小値　60000kW,2023/01/15 20:46,added,outages_20261001_081325.csv,outages_20261001_111428.csv,15/01/2023 20:46,01/10/2026 11:14
東京,東日本共同発電株式会社,6065330508,東日本共同発電株式会社君津共同発電所,火力（ガス）,5号機,300000,計画停止,停止・燃料制約,,2023/01/11 06:00,あり,2023/01/14,燃料制約,2023/01/10 21:14,added,outages_20261001_081325.csv,outages_20261001_111428.csv,10/01/2023 21:14,01/10/2026 11:14
東京,東日本共同発電株式会社,6065330508,東日本共同発電株式会社君津共同発電所,火力（ガス）,5号機,300000,出力低下,低下・燃料制約,100000,2023/01/04 00:00,あり,2023/01/08,燃料制約 抑制最大値　140000kW 抑制最小値　60000kW,2023/01/08 03:17,added,outages_20261001_081325.csv,outages_20261001_111428.csv,08/01/2023 03:17,01/10/2026 11:14
東京,東日本共同発電株式会社,6065330508,東日本共同発電株式会社君津共同発電所,火力（ガス）,4号機,350000,計画停止,停止・設備故障,,2023/01/05 15:00,あり,2023/01/09,設備不具合,2023/01/04 17:13,added,outages_20261001_081325.csv,outages_20261001_111428.csv,04/01/2023 17:13,01/10/2026 11:14
東京,東日本共同発電株式会社,6065330508,東日本共同発電株式会社君津共同発電所,火力（ガス）,5号機,300000,出力低下,低下・燃料制約,100000,2022/12/29 04:30,あり,2023/01/02,燃料制約,2023/01/02 20:54,added,outages_20261001_081325.csv,outages_20261001_111428.csv,02/01/2023 20:54,01/10/2026 11:14
東京,東日本共同発電株式会社,6065330508,東日本共同発電株式会社君津共同発電所,火力（ガス）,5号機,300000,計画外停止,停止・その他,,2022/12/07 06:00,あり,2022/12/28,設備不具合,2022/12/27 20:54,added,outages_20261001_081325.csv,outages_20261001_111428.csv,27/12/2022 20:54,01/10/2026 11:14
東京,東日本共同発電株式会社,6065330508,東日本共同発電株式会社君津共同発電所,火力（ガス）,6号機,152900,計画外停止,停止・燃料制約,,2022/12/26 20:10,あり,2022/12/27,設備不具合,2022/12/27 13:33,added,outages_20261001_081325.csv,outages_20261001_111428.csv,27/12/2022 13:33,01/10/2026 11:14
東京,東日本共同発電株式会社,6065330508,東日本共同発電株式会社君津共同発電所,火力（ガス）,6号機,152900,計画外停止,停止・燃料制約,,2022/12/14 10:33,あり,2022/12/14,設備不具合,2022/12/14 16:55,added,outages_20261001_081325.csv,outages_20261001_111428.csv,14/12/2022 16:55,01/10/2026 11:14
東京,東日本共同発電株式会社,6065330508,東日本共同発電株式会社君津共同発電所,火力（ガス）,6号機,152900,計画停止,停止・燃料制約,,2022/12/07 05:00,あり,2022/12/10,運用停止,2022/12/06 19:52,added,outages_20261001_081325.csv,outages_20261001_111428.csv,06/12/2022 19:52,01/10/2026 11:14
東京,東日本共同発電株式会社,6065330508,東日本共同発電株式会社君津共同発電所,火力（ガス）,5号機,300000,出力低下,低下・燃料制約,150000,2022/12/06 12:00,あり,2022/12/07,燃料制約 抑制最大値　190000ｋｗ 抑制最小値　110000ｋｗ,2022/12/06 19:51,added,outages_20261001_081325.csv,outages_20261001_111428.csv,06/12/2022 19:51,01/10/2026 11:14
東京,東日本共同発電株式会社,6065330508,東日本共同発電株式会社君津共同発電所,火力（ガス）,6号機,152900,計画外停止,停止・燃料制約,,2022/12/03 09:00,あり,2022/12/03,設備不具合,2022/12/03 07:21,added,outages_20261001_081325.csv,outages_20261001_111428.csv,03/12/2022 07:21,01/10/2026 11:14
東京,東日本共同発電株式会社,6065330508,東日本共同発電株式会社君津共同発電所,火力（ガス）,6号機,152900,計画停止,停止・燃料制約,,2022/11/28 06:00,あり,2022/12/02,運用停止,2022/12/01 12:41,added,outages_20261001_081325.csv,outages_20261001_111428.csv,01/12/2022 12:41,01/10/2026 11:14
東京,東日本共同発電株式会社,6065330508,東日本共同発電株式会社君津共同発電所,火力（ガス）,5号機,300000,出力低下,低下・燃料制約,180000,2022/11/28 05:00,あり,2022/12/01,燃料制約 抑制最大値　220000ｋｗ 抑制最小値　140000ｋｗ,2022/11/27 19:41,added,outages_20261001_081325.csv,outages_20261001_111428.csv,27/11/2022 19:41,01/10/2026 11:14
東京,東日本共同発電株式会社,6065330508,東日本共同発電株式会社君津共同発電所,火力（ガス）,6号機,152900,計画停止,停止・燃料制約,,2022/11/15 06:00,あり,2022/11/18,運用停止,2022/11/14 20:41,added,outages_20261001_081325.csv,outages_20261001_111428.csv,14/11/2022 20:41,01/10/2026 11:14
東京,東日本共同発電株式会社,6065330508,東日本共同発電株式会社君津共同発電所,火力（ガス）,6号機,152900,計画外停止,停止・燃料制約,,2022/11/01 00:18,あり,2022/11/02,設備不具合,2022/11/02 16:16,added,outages_20261001_081325.csv,outages_20261001_111428.csv,02/11/2022 16:16,01/10/2026 11:14
東京,東日本共同発電株式会社,6065330508,東日本共同発電株式会社君津共同発電所,火力（ガス）,6号機,152900,計画外停止,停止・燃料制約,,2022/10/24 08:00,あり,2022/10/26,設備不具合,2022/10/26 18:47,added,outages_20261001_081325.csv,outages_20261001_111428.csv,26/10/2022 18:47,01/10/2026 11:14
東京,東日本共同発電株式会社,6065330508,東日本共同発電株式会社君津共同発電所,火力（ガス）,6号機,152900,計画外停止,停止・燃料制約,,2022/10/12 12:28,あり,2022/10/13,設備不具合,2022/10/12 23:52,added,outages_20261001_081325.csv,outages_20261001_111428.csv,12/10/2022 23:52,01/10/2026 11:14
東京,東日本共同発電株式会社,6065330508,東日本共同発電株式会社君津共同発電所,火力（ガス）,5号機,300000,計画停止,停止・定期検査等,,2022/10/01 18:00,あり,2022/11/27,定検停止,2022/10/01 15:32,added,outages_20261001_081325.csv,outages_20261001_111428.csv,01/10/2022 15:32,01/10/2026 11:14
東京,東日本共同発電株式会社,6065330508,東日本共同発電株式会社君津共同発電所,火力（ガス）,5号機,300000,出力低下,低下・燃料制約,200000,2022/09/29 06:00,あり,2022/09/30,燃料制約 抑制最大値　225000ｋｗ 抑制最小値　160000ｋｗ,2022/09/29 05:57,added,outages_20261001_081325.csv,outages_20261001_111428.csv,29/09/2022 05:57,01/10/2026 11:14
東京,東日本共同発電株式会社,6065330508,東日本共同発電株式会社君津共同発電所,火力（ガス）,6号機,152900,計画停止,停止・燃料制約,,2022/09/29 07:00,あり,2022/09/30,運用停止,2022/09/29 05:53,added,outages_20261001_081325.csv,outages_20261001_111428.csv,29/09/2022 05:53,01/10/2026 11:14
東京,東日本共同発電株式会社,6065330508,東日本共同発電株式会社君津共同発電所,火力（ガス）,6号機,152900,計画外停止,停止・燃料制約,,2022/09/24 11:00,あり,2022/09/24,設備不具合,2022/09/24 10:04,added,outages_20261001_081325.csv,outages_20261001_111428.csv,24/09/2022 10:04,01/10/2026 11:14
東京,東日本共同発電株式会社,6065330508,東日本共同発電株式会社君津共同発電所,火力（ガス）,6号機,152900,計画停止,停止・定期検査等,,2022/09/01 06:00,あり,2022/09/23,定期点検,2022/09/22 10:31,added,outages_20261001_081325.csv,outages_20261001_111428.csv,22/09/2022 10:31,01/10/2026 11:14
東京,東日本共同発電株式会社,6065330508,東日本共同発電株式会社君津共同発電所,火力（ガス）,5号機,300000,出力低下,低下・燃料制約,180000,2022/09/19 04:00,あり,2022/09/20,燃料制約 抑制最大値　220000 抑制最小値　140000,2022/09/18 22:29,added,outages_20261001_081325.csv,outages_20261001_111428.csv,18/09/2022 22:29,01/10/2026 11:14
東京,東日本共同発電株式会社,6065330508,東日本共同発電株式会社君津共同発電所,火力（ガス）,5号機,300000,出力低下,低下・燃料制約,215000,2022/09/01 05:00,あり,2022/09/03,燃料制約,2022/09/02 08:07,added,outages_20261001_081325.csv,outages_20261001_111428.csv,02/09/2022 08:07,01/10/2026 11:14
東京,東日本共同発電株式会社,6065330508,東日本共同発電株式会社君津共同発電所,火力（ガス）,5号機,300000,出力低下,低下・燃料制約,210000,2022/08/29 05:00,あり,2022/08/31,燃料制約 抑制最大値　225000 抑制最小値　170000,2022/08/29 06:54,added,outages_20261001_081325.csv,outages_20261001_111428.csv,29/08/2022 06:54,01/10/2026 11:14
東京,東日本共同発電株式会社,6065330508,東日本共同発電株式会社君津共同発電所,火力（ガス）,6号機,152900,計画停止,停止・燃料制約,,2022/08/29 06:00,あり,2022/08/31,運用停止,2022/08/29 06:49,added,outages_20261001_081325.csv,outages_20261001_111428.csv,29/08/2022 06:49,01/10/2026 11:14
東京,東日本共同発電株式会社,6065330508,東日本共同発電株式会社君津共同発電所,火力（ガス）,5号機,300000,出力低下,低下・燃料制約,220000,2022/08/26 23:00,あり,2022/08/27,燃料制約 抑制最大値　225000 抑制最小値　180000,2022/08/27 17:12,added,outages_20261001_081325.csv,outages_20261001_111428.csv,27/08/2022 17:12,01/10/2026 11:14
東京,東日本共同発電株式会社,6065330508,東日本共同発電株式会社君津共同発電所,火力（ガス）,6号機,152900,計画外停止,停止・燃料制約,,2022/08/27 00:00,あり,2022/08/27,設備不具合,2022/08/27 17:12,added,outages_20261001_081325.csv,outages_20261001_111428.csv,27/08/2022 17:12,01/10/2026 11:14
東京,東日本共同発電株式会社,6065330508,東日本共同発電株式会社君津共同発電所,火力（ガス）,6号機,152900,計画停止,停止・燃料制約,,2022/08/26 07:00,あり,2022/08/26,運用停止,2022/08/26 05:14,added,outages_20261001_081325.csv,outages_20261001_111428.csv,26/08/2022 05:14,01/10/2026 11:14
東京,東日本共同発電株式会社,6065330508,東日本共同発電株式会社君津共同発電所,火力（ガス）,4号機,350000,計画外停止,停止・設備故障,,2022/08/19 04:50,あり,2022/08/24,設備不具合,2022/08/24 03:05,added,outages_20261001_081325.csv,outages_20261001_111428.csv,24/08/2022 03:05,01/10/2026 11:14
東京,東日本共同発電株式会社,6065330508,東日本共同発電株式会社君津共同発電所,火力（ガス）,6号機,152900,計画停止,停止・燃料制約,,2022/08/22 08:00,あり,2022/08/22,運用停止,2022/08/22 07:08,added,outages_20261001_081325.csv,outages_20261001_111428.csv,22/08/2022 07:08,01/10/2026 11:14
東京,東日本共同発電株式会社,6065330508,東日本共同発電株式会社君津共同発電所,火力（ガス）,6号機,152900,計画停止,停止・燃料制約,,2022/08/11 18:00,あり,2022/08/16,運用停止,2022/08/16 00:44,added,outages_20261001_081325.csv,outages_20261001_111428.csv,16/08/2022 00:44,01/10/2026 11:14
東京,東日本共同発電株式会社,6065330508,東日本共同発電株式会社君津共同発電所,火力（ガス）,5号機,300000,計画停止,停止・燃料制約,,2022/08/12 15:00,あり,2022/08/16,運用停止,2022/08/12 14:08,added,outages_20261001_081325.csv,outages_20261001_111428.csv,12/08/2022 14:08,01/10/2026 11:14
東京,東日本共同発電株式会社,6065330508,東日本共同発電株式会社君津共同発電所,火力（ガス）,5号機,300000,出力低下,低下・燃料制約,180000,2022/08/08 05:00,あり,2022/08/10,燃料制約 抑制最大値　220000 抑制最小値　140000,2022/08/08 06:40,added,outages_20261001_081325.csv,outages_20261001_111428.csv,08/08/2022 06:40,01/10/2026 11:14
東京,東日本共同発電株式会社,6065330508,東日本共同発電株式会社君津共同発電所,火力（ガス）,6号機,152900,計画停止,停止・燃料制約,,2022/08/08 06:00,あり,2022/08/10,運用停止,2022/08/08 06:35,added,outages_20261001_081325.csv,outages_20261001_111428.csv,08/08/2022 06:35,01/10/2026 11:14
東京,東日本共同発電株式会社,6065330508,東日本共同発電株式会社君津共同発電所,火力（ガス）,6号機,152900,計画外停止,停止・燃料制約,,2022/07/31 03:30,あり,2022/07/31,設備不具合,2022/07/31 03:45,added,outages_20261001_081325.csv,outages_20261001_111428.csv,31/07/2022 03:45,01/10/2026 11:14
東京,東日本共同発電株式会社,6065330508,東日本共同発電株式会社君津共同発電所,火力（ガス）,5号機,300000,出力低下,低下・燃料制約,225000,2022/07/22 13:00,あり,2022/07/27,燃料制約 抑制最大値　225000 抑制最小値　185000,2022/07/26 06:31,added,outages_20261001_081325.csv,outages_20261001_111428.csv,26/07/2022 06:31,01/10/2026 11:14
東京,東日本共同発電株式会社,6065330508,東日本共同発電株式会社君津共同発電所,火力（ガス）,6号機,152900,計画外停止,停止・燃料制約,,2022/07/22 14:00,あり,2022/07/27,設備不具合,2022/07/26 06:30,added,outages_20261001_081325.csv,outages_20261001_111428.csv,26/07/2022 06:30,01/10/2026 11:14
東京,東日本共同発電株式会社,6065330508,東日本共同発電株式会社君津共同発電所,火力（ガス）,5号機,300000,出力低下,低下・燃料制約,215000,2022/08/02 05:00,あり,2022/08/04,燃料制約 抑制最大値　225000 抑制最小値　175000,2022/07/19 13:00,added,outages_20261001_081325.csv,outages_20261001_111428.csv,19/07/2022 13:00,01/10/2026 11:14
東京,東日本共同発電株式会社,6065330508,東日本共同発電株式会社君津共同発電所,火力（ガス）,6号機,152900,計画停止,停止・燃料制約,,2022/08/02 06:00,あり,2022/08/04,運用停止,2022/07/19 12:59,added,outages_20261001_081325.csv,outages_20261001_111428.csv,19/07/2022 12:59,01/10/2026 11:14
東京,東日本共同発電株式会社,6065330508,東日本共同発電株式会社君津共同発電所,火力（ガス）,6号機,152900,計画外停止,停止・燃料制約,,2022/07/15 18:13,あり,2022/07/17,設備不具合,2022/07/17 08:13,added,outages_20261001_081325.csv,outages_20261001_111428.csv,17/07/2022 08:13,01/10/2026 11:14
東京,東日本共同発電株式会社,6065330508,東日本共同発電株式会社君津共同発電所,火力（ガス）,5号機,300000,出力低下,低下・燃料制約,200000,2022/07/16 01:00,あり,2022/07/17,燃料制約 抑制最大値　225000 抑制最小値　160000,2022/07/17 08:12,added,outages_20261001_081325.csv,outages_20261001_111428.csv,17/07/2022 08:12,01/10/2026 11:14
東京,東日本共同発電株式会社,6065330508,東日本共同発電株式会社君津共同発電所,火力（ガス）,5号機,300000,出力低下,低下・燃料制約,180000,2022/07/09 10:00,あり,2022/07/12,燃料制約 抑制最大値　200000 抑制最小値　140000,2022/07/16 21:44,added,outages_20261001_081325.csv,outages_20261001_111428.csv,16/07/2022 21:44,01/10/2026 11:14
東京,東日本共同発電株式会社,6065330508,東日本共同発電株式会社君津共同発電所,火力（ガス）,6号機,152900,計画停止,停止・燃料制約,,2022/07/13 06:00,あり,2022/07/14,運用停止,2022/07/13 22:08,added,outages_20261001_081325.csv,outages_20261001_111428.csv,13/07/2022 22:08,01/10/2026 11:14
東京,東日本共同発電株式会社,6065330508,東日本共同発電株式会社君津共同発電所,火力（ガス）,6号機,152900,計画外停止,停止・燃料制約,,2022/07/09 19:00,あり,2022/07/12,設備不具合,2022/07/10 23:46,added,outages_20261001_081325.csv,outages_20261001_111428.csv,10/07/2022 23:46,01/10/2026 11:14
東京,東日本共同発電株式会社,6065330508,東日本共同発電株式会社君津共同発電所,火力（ガス）,5号機,300000,計画外停止,停止・燃料制約,,2022/07/05 22:00,あり,2022/07/08,設備不具合,2022/07/08 01:58,added,outages_20261001_081325.csv,outages_20261001_111428.csv,08/07/2022 01:58,01/10/2026 11:14
東京,東日本共同発電株式会社,6065330508,東日本共同発電株式会社君津共同発電所,火力（ガス）,6号機,152900,計画停止,停止・燃料制約,,2022/07/04 17:00,あり,2022/07/06,運用停止,2022/07/06 10:32,added,outages_20261001_081325.csv,outages_20261001_111428.csv,06/07/2022 10:32,01/10/2026 11:14
東京,東日本共同発電株式会社,6065330508,東日本共同発電株式会社君津共同発電所,火力（ガス）,5号機,300000,出力低下,低下・燃料制約,200000,2022/07/04 17:00,あり,2022/07/06,最大抑制量：225000ｋW 最小抑制量：160000ｋｗ,2022/07/04 15:48,added,outages_20261001_081325.csv,outages_20261001_111428.csv,04/07/2022 15:48,01/10/2026 11:14
東京,東日本共同発電株式会社,6065330508,東日本共同発電株式会社君津共同発電所,火力（ガス）,4号機,350000,計画停止,停止・定期検査等,,2022/05/15 18:00,あり,2022/07/09,定検停止,2022/07/02 08:49,added,outages_20261001_081325.csv,outages_20261001_111428.csv,02/07/2022 08:49,01/10/2026 11:14
東京,東日本共同発電株式会社,6065330508,東日本共同発電株式会社君津共同発電所,火力（ガス）,6号機,152900,計画停止,停止・燃料制約,,2022/06/29 13:43,あり,2022/06/30,運用停止,2022/06/29 14:37,added,outages_20261001_081325.csv,outages_20261001_111428.csv,29/06/2022 14:37,01/10/2026 11:14
東京,東日本共同発電株式会社,6065330508,東日本共同発電株式会社君津共同発電所,火力（ガス）,5号機,300000,出力低下,低下・燃料制約,200000,2022/06/21 05:00,あり,2022/06/23,最大抑制量：225000ｋW 最小抑制量：160000ｋｗ,2022/06/16 17:01,added,outages_20261001_081325.csv,outages_20261001_111428.csv,16/06/2022 17:01,01/10/2026 11:14
東京,東日本共同発電株式会社,6065330508,東日本共同発電株式会社君津共同発電所,火力（ガス）,6号機,152900,計画停止,停止・燃料制約,,2022/06/21 06:00,あり,2022/06/23,運用停止,2022/06/16 17:00,added,outages_20261001_081325.csv,outages_20261001_111428.csv,16/06/2022 17:00,01/10/2026 11:14
東京,東日本共同発電株式会社,6065330508,東日本共同発電株式会社君津共同発電所,火力（ガス）,5号機,300000,出力低下,停止・燃料制約,225000,2022/06/02 19:00,あり,2022/06/02,燃料制約 最大抑制値　225000ｋW 最小抑制値　185000ｋW,2022/06/02 15:58,added,outages_20261001_081325.csv,outages_20261001_111428.csv,02/06/2022 15:58,01/10/2026 11:14
東京,東日本共同発電株式会社,6065330508,東日本共同発電株式会社君津共同発電所,火力（ガス）,6号機,152900,計画停止,停止・燃料制約,,2022/06/01 20:00,あり,2022/06/02,運用停止,2022/06/01 18:55,added,outages_20261001_081325.csv,outages_20261001_111428.csv,01/06/2022 18:55,01/10/2026 11:14
東京,東日本共同発電株式会社,6065330508,東日本共同発電株式会社君津共同発電所,火力（ガス）,6号機,152900,計画停止,停止・燃料制約,,2022/06/15 06:00,あり,2022/06/17,運用停止,2022/05/31 09:58,added,outages_20261001_081325.csv,outages_20261001_111428.csv,31/05/2022 09:58,01/10/2026 11:14
東京,東日本共同発電株式会社,6065330508,東日本共同発電株式会社君津共同発電所,火力（ガス）,6号機,152900,計画停止,停止・燃料制約,,2022/06/06 04:00,あり,2022/06/09,運用停止,2022/05/31 09:57,added,outages_20261001_081325.csv,outages_20261001_111428.csv,31/05/2022 09:57,01/10/2026 11:14
東京,東日本共同発電株式会社,6065330508,東日本共同発電株式会社君津共同発電所,火力（ガス）,5号機,300000,出力低下,低下・燃料制約,200000,2022/06/15 05:00,あり,2022/06/17,最大抑制量：225000ｋW 最小抑制量：160000ｋｗ,2022/05/31 09:55,added,outages_20261001_081325.csv,outages_20261001_111428.csv,31/05/2022 09:55,01/10/2026 11:14
東京,東日本共同発電株式会社,6065330508,東日本共同発電株式会社君津共同発電所,火力（ガス）,5号機,300000,出力低下,低下・燃料制約,200000,2022/06/06 03:00,あり,2022/06/09,最大抑制量：225000ｋW 最小抑制量：160000ｋｗ,2022/05/31 09:53,added,outages_20261001_081325.csv,outages_20261001_111428.csv,31/05/2022 09:53,01/10/2026 11:14
東京,東日本共同発電株式会社,6065330508,東日本共同発電株式会社君津共同発電所,火力（ガス）,5号機,300000,計画外停止,停止・燃料制約,,2022/05/30 21:45,あり,2022/05/31,設備不具合,2022/05/31 02:01,added,outages_20261001_081325.csv,outages_20261001_111428.csv,31/05/2022 02:01,01/10/2026 11:14
東京,東日本共同発電株式会社,6065330508,東日本共同発電株式会社君津共同発電所,火力（ガス）,6号機,152900,計画外停止,停止・燃料制約,,2022/05/30 21:00,あり,2022/05/31,設備不具合,2022/05/31 02:01,added,outages_20261001_081325.csv,outages_20261001_111428.csv,31/05/2022 02:01,01/10/2026 11:14
東京,東日本共同発電株式会社,6065330508,東日本共同発電株式会社君津共同発電所,火力（ガス）,6号機,152900,計画停止,停止・燃料制約,,2022/05/28 10:00,あり,2022/05/28,運用停止,2022/05/28 06:32,added,outages_20261001_081325.csv,outages_20261001_111428.csv,28/05/2022 06:32,01/10/2026 11:14
東京,東日本共同発電株式会社,6065330508,東日本共同発電株式会社君津共同発電所,火力（ガス）,6号機,152900,計画停止,停止・燃料制約,,2022/05/27 16:00,あり,2022/05/28,運用停止,2022/05/27 21:42,added,outages_20261001_081325.csv,outages_20261001_111428.csv,27/05/2022 21:42,01/10/2026 11:14
東京,東日本共同発電株式会社,6065330508,東日本共同発電株式会社君津共同発電所,火力（ガス）,6号機,152900,計画停止,停止・燃料制約,,2022/05/24 16:00,あり,2022/05/25,運用停止,2022/05/24 14:22,added,outages_20261001_081325.csv,outages_20261001_111428.csv,24/05/2022 14:22,01/10/2026 11:14
東京,東日本共同発電株式会社,6065330508,東日本共同発電株式会社君津共同発電所,火力（ガス）,5号機,300000,出力低下,低下・燃料制約,200000,2022/05/21 06:00,あり,2022/05/22,最大抑制量：225000ｋW 最小抑制量：160000ｋｗ,2022/05/21 05:06,added,outages_20261001_081325.csv,outages_20261001_111428.csv,21/05/2022 05:06,01/10/2026 11:14
東京,東日本共同発電株式会社,6065330508,東日本共同発電株式会社君津共同発電所,火力（ガス）,6号機,152900,計画停止,停止・燃料制約,,2022/05/21 07:00,あり,2022/05/22,運用停止,2022/05/21 05:00,added,outages_20261001_081325.csv,outages_20261001_111428.csv,21/05/2022 05:00,01/10/2026 11:14
東京,東日本共同発電株式会社,6065330508,東日本共同発電株式会社君津共同発電所,火力（ガス）,6号機,152900,計画停止,停止・燃料制約,,2022/05/18 06:00,あり,2022/05/20,運用停止,2022/05/18 05:12,added,outages_20261001_081325.csv,outages_20261001_111428.csv,18/05/2022 05:12,01/10/2026 11:14
東京,東日本共同発電株式会社,6065330508,東日本共同発電株式会社君津共同発電所,火力（ガス）,5号機,300000,出力低下,低下・燃料制約,200000,2022/05/18 05:00,あり,2022/05/20,最大抑制量：225000ｋW 最小抑制量：160000ｋｗ,2022/05/13 13:24,added,outages_20261001_081325.csv,outages_20261001_111428.csv,13/05/2022 13:24,01/10/2026 11:14
東京,東日本共同発電株式会社,6065330508,東日本共同発電株式会社君津共同発電所,火力（ガス）,5号機,300000,計画停止,停止・燃料制約,,2022/05/12 05:00,あり,2022/05/14,運用停止,2022/05/12 04:18,added,outages_20261001_081325.csv,outages_20261001_111428.csv,12/05/2022 04:18,01/10/2026 11:14
東京,東日本共同発電株式会社,6065330508,東日本共同発電株式会社君津共同発電所,火力（ガス）,3号機,350000,計画停止,停止・定期検査等,,2022/03/01 18:00,あり,2022/05/08,定検停止,2022/05/07 02:42,added,outages_20261001_081325.csv,outages_20261001_111428.csv,07/05/2022 02:42,01/10/2026 11:14
東京,東日本共同発電株式会社,6065330508,東日本共同発電株式会社君津共同発電所,火力（ガス）,5号機,300000,出力低下,低下・燃料制約,200000,2022/04/19 05:00,あり,2022/04/20,燃料制約 最大抑制量225000kW 最小抑制量160000kW,2022/04/19 05:16,added,outages_20261001_081325.csv,outages_20261001_111428.csv,19/04/2022 05:16,01/10/2026 11:14
東京,東日本共同発電株式会社,6065330508,東日本共同発電株式会社君津共同発電所,火力（ガス）,6号機,152900,計画停止,停止・燃料制約,,2022/04/19 06:00,あり,2022/04/20,運用停止,2022/04/16 05:59,added,outages_20261001_081325.csv,outages_20261001_111428.csv,16/04/2022 05:59,01/10/2026 11:14
東京,東日本共同発電株式会社,6065330508,東日本共同発電株式会社君津共同発電所,火力（ガス）,5号機,300000,計画停止,停止・燃料制約,,2022/04/04 05:00,あり,2022/04/06,運用停止,2022/04/03 21:11,added,outages_20261001_081325.csv,outages_20261001_111428.csv,03/04/2022 21:11,01/10/2026 11:14
東京,東日本共同発電株式会社,6065330508,東日本共同発電株式会社君津共同発電所,火力（ガス）,5号機,300000,計画停止,停止・燃料制約,,2022/03/23 06:00,あり,2022/03/24,燃料制約,2022/03/22 20:58,added,outages_20261001_081325.csv,outages_20261001_111428.csv,22/03/2022 20:58,01/10/2026 11:14
東京,東日本共同発電株式会社,6065330508,東日本共同発電株式会社君津共同発電所,火力（ガス）,6号機,152900,計画外停止,停止・燃料制約,,2022/03/17 00:04,あり,2022/03/17,燃料制約,2022/03/17 09:48,added,outages_20261001_081325.csv,outages_20261001_111428.csv,17/03/2022 09:48,01/10/2026 11:14
東京,東日本共同発電株式会社,6065330508,東日本共同発電株式会社君津共同発電所,火力（ガス）,5号機,300000,計画停止,停止・燃料制約,,2022/03/16 05:00,あり,2022/03/19,燃料制約,2022/03/15 22:52,added,outages_20261001_081325.csv,outages_20261001_111428.csv,15/03/2022 22:52,01/10/2026 11:14
東京,東日本共同発電株式会社,6065330508,東日本共同発電株式会社君津共同発電所,火力（ガス）,6号機,152900,計画停止,停止・燃料制約,,2022/03/23 05:00,あり,2022/03/24,運用停止,2022/03/01 16:48,added,outages_20261001_081325.csv,outages_20261001_111428.csv,01/03/2022 16:48,01/10/2026 11:14
東京,東日本共同発電株式会社,6065330508,東日本共同発電株式会社君津共同発電所,火力（ガス）,5号機,300000,出力低下,低下・燃料制約,200000,2022/03/23 05:00,あり,2022/03/24,燃料制約 最大抑制量225000kW 最小抑制量160000kW,2022/03/01 16:47,added,outages_20261001_081325.csv,outages_20261001_111428.csv,01/03/2022 16:47,01/10/2026 11:14
東京,東日本共同発電株式会社,6065330508,東日本共同発電株式会社君津共同発電所,火力（ガス）,6号機,152900,計画停止,停止・燃料制約,,2022/03/07 05:00,あり,2022/03/10,運用停止,2022/03/01 16:43,added,outages_20261001_081325.csv,outages_20261001_111428.csv,01/03/2022 16:43,01/10/2026 11:14
東京,東日本共同発電株式会社,6065330508,東日本共同発電株式会社君津共同発電所,火力（ガス）,5号機,300000,出力低下,低下・燃料制約,200000,2022/03/07 05:00,あり,2022/03/09,燃料制約 最大抑制量225000kW 最小抑制量160000kW,2022/03/01 16:38,added,outages_20261001_081325.csv,outages_20261001_111428.csv,01/03/2022 16:38,01/10/2026 11:14
東京,東日本共同発電株式会社,6065330508,東日本共同発電株式会社君津共同発電所,火力（ガス）,5号機,300000,出力低下,低下・燃料制約,200000,2022/03/02 05:00,あり,2022/03/03,燃料制約 最大抑制量225000kW 最小抑制量160000kW,2022/03/01 16:33,added,outages_20261001_081325.csv,outages_20261001_111428.csv,01/03/2022 16:33,01/10/2026 11:14
東京,東日本共同発電株式会社,6065330508,東日本共同発電株式会社君津共同発電所,火力（ガス）,6号機,152900,計画停止,停止・燃料制約,,2022/03/02 06:00,あり,2022/03/03,運用停止,2022/03/01 16:32,added,outages_20261001_081325.csv,outages_20261001_111428.csv,01/03/2022 16:32,01/10/2026 11:14
東京,東日本共同発電株式会社,6065330508,東日本共同発電株式会社君津共同発電所,火力（ガス）,5号機,300000,出力低下,低下・燃料制約,200000,2022/02/15 05:00,あり,2022/02/18,燃料制約 抑制最大値：225000 抑制最小値：160000,2022/02/15 04:42,added,outages_20261001_081325.csv,outages_20261001_111428.csv,15/02/2022 04:42,01/10/2026 11:14
東京,東日本共同発電株式会社,6065330508,東日本共同発電株式会社君津共同発電所,火力（ガス）,6号機,152900,計画停止,停止・燃料制約,,2022/02/15 06:00,あり,2022/02/18,運用停止,2022/02/15 03:17,added,outages_20261001_081325.csv,outages_20261001_111428.csv,15/02/2022 03:17,01/10/2026 11:14
東京,東日本共同発電株式会社,6065330508,東日本共同発電株式会社君津共同発電所,火力（ガス）,6号機,152900,計画外停止,停止・燃料制約,,2022/02/11 14:00,あり,2022/02/11,燃料制約,2022/02/11 12:55,added,outages_20261001_081325.csv,outages_20261001_111428.csv,11/02/2022 12:55,01/10/2026 11:14
東京,東日本共同発電株式会社,6065330508,東日本共同発電株式会社君津共同発電所,火力（ガス）,6号機,152900,計画停止,停止・燃料制約,,2022/02/08 13:00,あり,2022/02/09,運用停止,2022/02/09 18:21,added,outages_20261001_081325.csv,outages_20261001_111428.csv,09/02/2022 18:21,01/10/2026 11:14
東京,東日本共同発電株式会社,6065330508,東日本共同発電株式会社君津共同発電所,火力（ガス）,6号機,152900,計画外停止,,,2022/01/31 12:00,あり,2022/02/01,設備不具合,2022/01/31 09:56,added,outages_20261001_081325.csv,outages_20261001_111428.csv,31/01/2022 09:56,01/10/2026 11:14
東京,東日本共同発電株式会社,6065330508,東日本共同発電株式会社君津共同発電所,火力（ガス）,5号機,300000,計画停止,,,2022/01/27 06:00,あり,2022/01/30,運用停止,2022/01/27 04:33,added,outages_20261001_081325.csv,outages_20261001_111428.csv,27/01/2022 04:33,01/10/2026 11:14
東京,東日本共同発電株式会社,6065330508,東日本共同発電株式会社君津共同発電所,火力（ガス）,6号機,152900,計画外停止,,,2022/01/21 08:00,あり,2022/01/22,設備不具合,2022/01/21 19:49,added,outages_20261001_081325.csv,outages_20261001_111428.csv,21/01/2022 19:49,01/10/2026 11:14
東京,東日本共同発電株式会社,6065330508,東日本共同発電株式会社君津共同発電所,火力（ガス）,6号機,152900,計画停止,,,2022/01/15 08:00,あり,2022/01/15,運用停止,2022/01/15 20:26,added,outages_20261001_081325.csv,outages_20261001_111428.csv,15/01/2022 20:26,01/10/2026 11:14
東京,東日本共同発電株式会社,6065330508,東日本共同発電株式会社君津共同発電所,火力（ガス）,5号機,300000,出力低下,,170000,2022/01/12 02:00,あり,2022/01/13,燃料制約 抑制最大値：210000 抑制最小値：130000,2022/01/12 03:41,added,outages_20261001_081325.csv,outages_20261001_111428.csv,12/01/2022 03:41,01/10/2026 11:14
東京,東日本共同発電株式会社,6065330508,東日本共同発電株式会社君津共同発電所,火力（ガス）,6号機,152900,計画停止,,,2022/01/12 03:00,あり,2022/01/13,運用停止,2022/01/12 02:07,added,outages_20261001_081325.csv,outages_20261001_111428.csv,12/01/2022 02:07,01/10/2026 11:14
東京,東日本共同発電株式会社,6065330508,東日本共同発電株式会社君津共同発電所,火力（ガス）,6号機,152900,計画停止,,,2021/12/29 21:00,あり,2021/12/30,運用停止,2021/12/29 19:49,added,outages_20261001_081325.csv,outages_20261001_111428.csv,29/12/2021 19:49,01/10/2026 11:14
東京,東日本共同発電株式会社,6065330508,東日本共同発電株式会社君津共同発電所,火力（ガス）,5号機,300000,出力低下,,180000,2021/12/29 21:00,あり,2021/12/30,燃料制約,2021/12/29 18:35,added,outages_20261001_081325.csv,outages_20261001_111428.csv,29/12/2021 18:35,01/10/2026 11:14
東京,東日本共同発電株式会社,6065330508,東日本共同発電株式会社君津共同発電所,火力（ガス）,5号機,300000,計画外停止,,,2021/12/19 10:11,あり,2021/12/23,設備不具合,2021/12/19 10:28,added,outages_20261001_081325.csv,outages_20261001_111428.csv,19/12/2021 10:28,01/10/2026 11:14
東京,東日本共同発電株式会社,6065330508,東日本共同発電株式会社君津共同発電所,火力（ガス）,5号機,300000,出力低下,,150000,2021/12/14 05:00,あり,2021/12/16,燃料制約,2021/12/14 00:20,added,outages_20261001_081325.csv,outages_20261001_111428.csv,14/12/2021 00:20,01/10/2026 11:14
東京,東日本共同発電株式会社,6065330508,東日本共同発電株式会社君津共同発電所,火力（ガス）,6号機,152900,計画停止,,,2021/12/14 06:00,あり,2021/12/16,運用停止,2021/12/14 00:18,added,outages_20261001_081325.csv,outages_20261001_111428.csv,14/12/2021 00:18,01/10/2026 11:14
東京,東日本共同発電株式会社,6065330508,東日本共同発電株式会社君津共同発電所,火力（ガス）,4号機,350000,出力低下,,105000,2021/12/10 13:30,あり,2021/12/12,送電系統制約,2021/12/10 13:35,added,outages_20261001_081325.csv,outages_20261001_111428.csv,10/12/2021 13:35,01/10/2026 11:14
東京,東日本共同発電株式会社,6065330508,東日本共同発電株式会社君津共同発電所,火力（ガス）,5号機,300000,出力低下,,170000,2021/12/06 05:00,あり,2021/12/09,燃料制約,2021/12/06 04:49,added,outages_20261001_081325.csv,outages_20261001_111428.csv,06/12/2021 04:49,01/10/2026 11:14
東京,東日本共同発電株式会社,6065330508,東日本共同発電株式会社君津共同発電所,火力（ガス）,6号機,152900,計画停止,,,2021/12/06 06:00,あり,2021/12/09,運用停止,2021/12/06 04:46,added,outages_20261001_081325.csv,outages_20261001_111428.csv,06/12/2021 04:46,01/10/2026 11:14
東京,東日本共同発電株式会社,6065330508,東日本共同発電株式会社君津共同発電所,火力（ガス）,4号機,350000,出力低下,,175000,2021/11/28 03:00,あり,2021/11/28,,2021/11/26 11:43,added,outages_20261001_081325.csv,outages_20261001_111428.csv,26/11/2021 11:43,01/10/2026 11:14
東京,東日本共同発電株式会社,6065330508,東日本共同発電株式会社君津共同発電所,火力（ガス）,5号機,300000,計画外停止,,,2021/11/23 13:00,あり,2021/11/28,設備不具合,2021/11/23 14:37,added,outages_20261001_081325.csv,outages_20261001_111428.csv,23/11/2021 14:37,01/10/2026 11:14
東京,東日本共同発電株式会社,6065330508,東日本共同発電株式会社君津共同発電所,火力（ガス）,3号機,350000,計画停止,,,2021/11/22 08:00,あり,2021/11/23,運用停止,2021/11/21 18:22,added,outages_20261001_081325.csv,outages_20261001_111428.csv,21/11/2021 18:22,01/10/2026 11:14
東京,東日本共同発電株式会社,6065330508,東日本共同発電株式会社君津共同発電所,火力（ガス）,5号機,300000,計画停止,,,2021/11/15 06:00,あり,2021/11/21,運用停止,2021/11/14 14:48,added,outages_20261001_081325.csv,outages_20261001_111428.csv,14/11/2021 14:48,01/10/2026 11:14
東京,東日本共同発電株式会社,6065330508,東日本共同発電株式会社君津共同発電所,火力（ガス）,5号機,300000,出力低下,,170000,2021/11/02 05:00,あり,2021/11/04,抑制最大値：210000 抑制最小値：130000,2021/11/02 05:30,added,outages_20261001_081325.csv,outages_20261001_111428.csv,02/11/2021 05:30,01/10/2026 11:14
東京,東日本共同発電株式会社,6065330508,東日本共同発電株式会社君津共同発電所,火力（ガス）,6号機,152900,計画停止,,,2021/11/02 06:00,あり,2021/11/04,運用停止,2021/11/02 05:06,added,outages_20261001_081325.csv,outages_20261001_111428.csv,02/11/2021 05:06,01/10/2026 11:14
東京,東日本共同発電株式会社,6065330508,東日本共同発電株式会社君津共同発電所,火力（ガス）,5号機,300000,計画停止,,,2021/10/12 07:00,あり,2021/10/28,定検停止,2021/10/12 04:47,added,outages_20261001_081325.csv,outages_20261001_111428.csv,12/10/2021 04:47,01/10/2026 11:14
東京,東日本共同発電株式会社,6065330508,東日本共同発電株式会社君津共同発電所,火力（ガス）,6号機,152900,計画停止,,,2021/10/06 05:30,あり,2021/10/11,運用停止,2021/10/10 16:20,added,outages_20261001_081325.csv,outages_20261001_111428.csv,10/10/2021 16:20,01/10/2026 11:14
東京,東日本共同発電株式会社,6065330508,東日本共同発電株式会社君津共同発電所,火力（ガス）,5号機,300000,出力低下,,180000,2021/10/06 03:15,あり,2021/10/10,燃料制約 抑制最大値220000ｋW 抑制最小値140000ｋW,2021/10/06 06:56,added,outages_20261001_081325.csv,outages_20261001_111428.csv,06/10/2021 06:56,01/10/2026 11:14
東京,東日本共同発電株式会社,6065330508,東日本共同発電株式会社君津共同発電所,火力（ガス）,5号機,300000,計画停止,,,2021/10/01 18:00,あり,2021/10/03,運用停止,2021/10/03 07:57,added,outages_20261001_081325.csv,outages_20261001_111428.csv,03/10/2021 07:57,01/10/2026 11:14
東京,東日本共同発電株式会社,6065330508,東日本共同発電株式会社君津共同発電所,火力（ガス）,6号機,152900,計画停止,,,2021/10/01 18:00,あり,2021/10/03,運用停止,2021/10/03 02:31,added,outages_20261001_081325.csv,outages_20261001_111428.csv,03/10/2021 02:31,01/10/2026 11:14
東京,東日本共同発電株式会社,6065330508,東日本共同発電株式会社君津共同発電所,火力（ガス）,3号機,350000,計画外停止,,,2021/09/27 04:54,あり,2021/09/29,設備不具合,2021/09/28 18:28,added,outages_20261001_081325.csv,outages_20261001_111428.csv,28/09/2021 18:28,01/10/2026 11:14
東京,東日本共同発電株式会社,6065330508,東日本共同発電株式会社君津共同発電所,火力（ガス）,6号機,152900,計画停止,,,2021/09/19 08:00,あり,2021/09/19,運用停止,2021/09/18 16:46,added,outages_20261001_081325.csv,outages_20261001_111428.csv,18/09/2021 16:46,01/10/2026 11:14
東京,東日本共同発電株式会社,6065330508,東日本共同発電株式会社君津共同発電所,火力（ガス）,6号機,152900,計画停止,,,2021/09/09 06:00,あり,2021/09/11,運用停止,2021/09/10 20:26,added,outages_20261001_081325.csv,outages_20261001_111428.csv,10/09/2021 20:26,01/10/2026 11:14
東京,東日本共同発電株式会社,6065330508,東日本共同発電株式会社君津共同発電所,火力（ガス）,5号機,300000,出力低下,,180000,2021/09/09 05:00,あり,2021/09/10,燃料制約 抑制最大値220000ｋW 抑制最小値140000ｋW,2021/09/09 02:26,added,outages_20261001_081325.csv,outages_20261001_111428.csv,09/09/2021 02:26,01/10/2026 11:14
東京,東日本共同発電株式会社,6065330508,東日本共同発電株式会社君津共同発電所,火力（ガス）,6号機,152900,計画停止,,,2021/09/06 08:00,あり,2021/09/06,運用停止,2021/09/06 00:55,added,outages_20261001_081325.csv,outages_20261001_111428.csv,06/09/2021 00:55,01/10/2026 11:14
東京,東日本共同発電株式会社,6065330508,東日本共同発電株式会社君津共同発電所,火力（ガス）,5号機,300000,出力低下,,180000,2021/09/01 05:00,あり,2021/09/02,燃料制約 最大低下量：220000kW 最小低下量：140000KW,2021/09/01 03:49,added,outages_20261001_081325.csv,outages_20261001_111428.csv,01/09/2021 03:49,01/10/2026 11:14
東京,東日本共同発電株式会社,6065330508,東日本共同発電株式会社君津共同発電所,火力（ガス）,6号機,152900,計画停止,,,2021/09/01 06:00,あり,2021/09/02,運用停止,2021/09/01 03:40,added,outages_20261001_081325.csv,outages_20261001_111428.csv,01/09/2021 03:40,01/10/2026 11:14
東京,東日本共同発電株式会社,6065330508,東日本共同発電株式会社君津共同発電所,火力（ガス）,4号機,350000,計画外停止,,,2021/08/12 00:00,あり,2021/08/29,設備不具合,2021/08/28 19:18,added,outages_20261001_081325.csv,outages_20261001_111428.csv,28/08/2021 19:18,01/10/2026 11:14
東京,東日本共同発電株式会社,6065330508,東日本共同発電株式会社君津共同発電所,火力（ガス）,5号機,300000,出力低下,,180000,2021/08/20 05:00,あり,2021/08/22,燃料制約 最大低下量：220000kW 最小低下量：140000KW,2021/08/21 12:48,added,outages_20261001_081325.csv,outages_20261001_111428.csv,21/08/2021 12:48,01/10/2026 11:14
東京,東日本共同発電株式会社,6065330508,東日本共同発電株式会社君津共同発電所,火力（ガス）,6号機,152900,計画停止,,,2021/08/20 05:59,あり,2021/08/22,運用停止,2021/08/21 12:47,added,outages_20261001_081325.csv,outages_20261001_111428.csv,21/08/2021 12:47,01/10/2026 11:14
東京,東日本共同発電株式会社,6065330508,東日本共同発電株式会社君津共同発電所,火力（ガス）,6号機,152900,計画停止,,,2021/08/14 12:00,あり,2021/08/14,運用停止,2021/08/14 09:59,added,outages_20261001_081325.csv,outages_20261001_111428.csv,14/08/2021 09:59,01/10/2026 11:14
東京,東日本共同発電株式会社,6065330508,東日本共同発電株式会社君津共同発電所,火力（ガス）,6号機,152900,計画停止,,,2021/08/08 09:00,あり,2021/08/09,設備不具合,2021/08/08 22:17,added,outages_20261001_081325.csv,outages_20261001_111428.csv,08/08/2021 22:17,01/10/2026 11:14
東京,東日本共同発電株式会社,6065330508,東日本共同発電株式会社君津共同発電所,火力（ガス）,6号機,152900,計画停止,,,2021/07/26 05:50,あり,2021/07/30,運用停止,2021/07/26 06:14,added,outages_20261001_081325.csv,outages_20261001_111428.csv,26/07/2021 06:14,01/10/2026 11:14
東京,東日本共同発電株式会社,6065330508,東日本共同発電株式会社君津共同発電所,火力（ガス）,5号機,300000,出力低下,,100000,2021/07/26 05:00,あり,2021/07/30,燃料制約による出力抑制 最大抑制量：1400000ｋW 最小抑制量：60000ｋW,2021/07/26 04:37,added,outages_20261001_081325.csv,outages_20261001_111428.csv,26/07/2021 04:37,01/10/2026 11:14
東京,東日本共同発電株式会社,6065330508,東日本共同発電株式会社君津共同発電所,火力（ガス）,3号機,350000,計画停止,,,2021/07/23 19:00,あり,2021/07/25,運用停止,2021/07/23 08:44,added,outages_20261001_081325.csv,outages_20261001_111428.csv,23/07/2021 08:44,01/10/2026 11:14
東京,東日本共同発電株式会社,6065330508,東日本共同発電株式会社君津共同発電所,火力（ガス）,6号機,152900,計画停止,,,2021/07/21 05:00,あり,2021/07/22,運用停止,2021/07/17 08:42,added,outages_20261001_081325.csv,outages_20261001_111428.csv,17/07/2021 08:42,01/10/2026 11:14
東京,東日本共同発電株式会社,6065330508,東日本共同発電株式会社君津共同発電所,火力（ガス）,5号機,300000,出力低下,,180000,2021/07/21 05:00,あり,2021/07/22,燃料制約による出力抑制 最大抑制量：220000kW 最小抑制量：140000kW,2021/07/17 08:41,added,outages_20261001_081325.csv,outages_20261001_111428.csv,17/07/2021 08:41,01/10/2026 11:14
東京,東日本共同発電株式会社,6065330508,東日本共同発電株式会社君津共同発電所,火力（ガス）,6号機,152900,計画停止,,,2021/05/04 18:00,あり,2021/07/15,定検停止,2021/07/15 10:20,added,outages_20261001_081325.csv,outages_20261001_111428.csv,15/07/2021 10:20,01/10/2026 11:14
東京,東日本共同発電株式会社,6065330508,東日本共同発電株式会社君津共同発電所,火力（ガス）,5号機,300000,計画外停止,,,2021/07/03 11:30,あり,2021/07/05,設備不具合,2021/07/05 09:41,added,outages_20261001_081325.csv,outages_20261001_111428.csv,05/07/2021 09:41,01/10/2026 11:14
東京,東日本共同発電株式会社,6065330508,東日本共同発電株式会社君津共同発電所,火力（ガス）,5号機,300000,出力低下,,180000,2021/06/26 05:00,あり,2021/06/27,燃料制約による出力抑制 最大抑制量：220000kW 最小抑制量：140000kW,2021/06/22 14:08,added,outages_20261001_081325.csv,outages_20261001_111428.csv,22/06/2021 14:08,01/10/2026 11:14
東京,東日本共同発電株式会社,6065330508,東日本共同発電株式会社君津共同発電所,火力（ガス）,5号機,300000,計画外停止,,,2021/06/05 06:00,あり,2021/06/07,設備不具合,2021/06/06 07:43,added,outages_20261001_081325.csv,outages_20261001_111428.csv,06/06/2021 07:43,01/10/2026 11:14
東京,東日本共同発電株式会社,6065330508,東日本共同発電株式会社君津共同発電所,火力（ガス）,5号機,300000,出力低下,,170000,2021/06/05 05:00,あり,2021/06/07,・燃料制約による出力抑制 出力低下量 最大 210000kW 最小130000kW 平均170000kW,2021/06/03 09:34,added,outages_20261001_081325.csv,outages_20261001_111428.csv,03/06/2021 09:34,01/10/2026 11:14
東京,東日本共同発電株式会社,6065330508,東日本共同発電株式会社君津共同発電所,火力（ガス）,5号機,300000,出力低下,,180000,2021/06/15 05:00,あり,2021/06/18,燃料制約 最大低下量：220000kW 最小低下量：140000kW,2021/05/28 15:00,added,outages_20261001_081325.csv,outages_20261001_111428.csv,28/05/2021 15:00,01/10/2026 11:14
東京,東日本共同発電株式会社,6065330508,東日本共同発電株式会社君津共同発電所,火力（ガス）,5号機,300000,出力低下,,170000,2021/06/02 05:00,あり,2021/06/04,燃料制約 最大低下量：210000kW 最小低下量：130000kW,2021/05/28 14:58,added,outages_20261001_081325.csv,outages_20261001_111428.csv,28/05/2021 14:58,01/10/2026 11:14
東京,東日本共同発電株式会社,6065330508,東日本共同発電株式会社君津共同発電所,火力（ガス）,5号機,300000,計画外停止,,,2021/05/24 17:00,あり,2021/05/26,設備不具合,2021/05/25 23:45,added,outages_20261001_081325.csv,outages_20261001_111428.csv,25/05/2021 23:45,01/10/2026 11:14
東京,東日本共同発電株式会社,6065330508,東日本共同発電株式会社君津共同発電所,火力（ガス）,5号機,300000,出力低下,,195000,2021/05/11 05:00,あり,2021/05/12,燃料制約　 抑制最大値　225000kW 抑制最小値　155000kW,2021/05/10 17:58,added,outages_20261001_081325.csv,outages_20261001_111428.csv,10/05/2021 17:58,01/10/2026 11:14
東京,東日本共同発電株式会社,6065330508,東日本共同発電株式会社君津共同発電所,火力（ガス）,5号機,300000,出力低下,,195000,2021/05/11 05:30,あり,2021/05/12,燃料制約 最大低下量：225000kw 最小低下量：155000kw,2021/05/07 08:32,added,outages_20261001_081325.csv,outages_20261001_111428.csv,07/05/2021 08:32,01/10/2026 11:14
東京,東日本共同発電株式会社,6065330508,東日本共同発電株式会社君津共同発電所,火力（ガス）,3号機,350000,計画停止,,,2021/01/26 18:15,あり,2021/04/25,定検停止,2021/04/23 19:09,added,outages_20261001_081325.csv,outages_20261001_111428.csv,23/04/2021 19:09,01/10/2026 11:14
東京,東日本共同発電株式会社,6065330508,東日本共同発電株式会社君津共同発電所,火力（ガス）,6号機,152900,計画停止,,,2021/04/21 09:00,あり,2021/04/22,運用停止,2021/04/21 08:15,added,outages_20261001_081325.csv,outages_20261001_111428.csv,21/04/2021 08:15,01/10/2026 11:14
東京,東日本共同発電株式会社,6065330508,東日本共同発電株式会社君津共同発電所,火力（ガス）,5号機,300000,出力低下,,190000,2021/04/21 07:00,あり,2021/04/21,燃料制約 最大低下量：225000kW 最小低下量：150000kW,2021/04/20 08:07,added,outages_20261001_081325.csv,outages_20261001_111428.csv,20/04/2021 08:07,01/10/2026 11:14
東京,東日本共同発電株式会社,6065330508,東日本共同発電株式会社君津共同発電所,火力（ガス）,6号機,152900,計画停止,,,2021/04/21 08:00,あり,2021/04/22,運用停止,2021/04/20 08:05,added,outages_20261001_081325.csv,outages_20261001_111428.csv,20/04/2021 08:05,01/10/2026 11:14
東京,東日本共同発電株式会社,6065330508,東日本共同発電株式会社君津共同発電所,火力（ガス）,5号機,300000,計画停止,,,2021/04/14 06:05,あり,2021/04/17,運用停止,2021/04/14 06:10,added,outages_20261001_081325.csv,outages_20261001_111428.csv,14/04/2021 06:10,01/10/2026 11:14
東京,東日本共同発電株式会社,6065330508,東日本共同発電株式会社君津共同発電所,火力（ガス）,5号機,300000,計画停止,,,2021/04/05 06:29,あり,2021/04/10,運用停止,2021/04/05 06:33,added,outages_20261001_081325.csv,outages_20261001_111428.csv,05/04/2021 06:33,01/10/2026 11:14
東京,東日本共同発電株式会社,6065330508,東日本共同発電株式会社君津共同発電所,火力（ガス）,6号機,152900,計画停止,,,2021/03/17 06:00,あり,2021/03/18,運用停止,2021/03/17 04:44,added,outages_20261001_081325.csv,outages_20261001_111428.csv,17/03/2021 04:44,01/10/2026 11:14
東京,東日本共同発電株式会社,6065330508,東日本共同発電株式会社君津共同発電所,火力（ガス）,6号機,152900,計画停止,,,2021/03/10 04:00,あり,2021/03/12,運用停止,2021/03/10 04:04,added,outages_20261001_081325.csv,outages_20261001_111428.csv,10/03/2021 04:04,01/10/2026 11:14
東京,東日本共同発電株式会社,6065330508,東日本共同発電株式会社君津共同発電所,火力（ガス）,5号機,300000,出力低下,,100000,2021/03/10 03:00,あり,2021/03/12,燃料制約 最大低下量:14000kW 最小低下量:60000kW,2021/03/10 04:02,added,outages_20261001_081325.csv,outages_20261001_111428.csv,10/03/2021 04:02,01/10/2026 11:14
東京,東日本共同発電株式会社,6065330508,東日本共同発電株式会社君津共同発電所,火力（ガス）,5号機,300000,計画停止,,,2021/03/03 14:00,あり,2021/03/06,運用停止,2021/03/06 08:54,added,outages_20261001_081325.csv,outages_20261001_111428.csv,06/03/2021 08:54,01/10/2026 11:14
東京,東日本共同発電株式会社,6065330508,東日本共同発電株式会社君津共同発電所,火力（ガス）,6号機,152900,計画停止,,,2021/03/03 14:00,あり,2021/03/05,運用停止,2021/03/06 08:54,added,outages_20261001_081325.csv,outages_20261001_111428.csv,06/03/2021 08:54,01/10/2026 11:14
東京,東日本共同発電株式会社,6065330508,東日本共同発電株式会社君津共同発電所,火力（ガス）,6号機,152900,計画停止,,,2021/02/28 07:00,あり,2021/02/28,運用停止,2021/02/28 06:05,added,outages_20261001_081325.csv,outages_20261001_111428.csv,28/02/2021 06:05,01/10/2026 11:14
東京,東日本共同発電株式会社,6065330508,東日本共同発電株式会社君津共同発電所,火力（ガス）,6号機,152900,計画停止,,,2021/02/16 06:00,あり,2021/02/18,運用停止,2021/02/16 04:35,added,outages_20261001_081325.csv,outages_20261001_111428.csv,16/02/2021 04:35,01/10/2026 11:14
東京,東日本共同発電株式会社,6065330508,東日本共同発電株式会社君津共同発電所,火力（ガス）,5号機,300000,出力低下,,180000,2021/02/16 05:15,あり,2021/02/17,燃料制約による出力抑制 抑制最大値:220000 抑制最小値:140000 抑制平均値:180000,2021/02/15 20:45,added,outages_20261001_081325.csv,outages_20261001_111428.csv,15/02/2021 20:45,01/10/2026 11:14
東京,東日本共同発電株式会社,6065330508,東日本共同発電株式会社君津共同発電所,火力（ガス）,5号機,300000,出力低下,,100000,2021/02/06 13:00,あり,2021/02/08,4号アンモニア分配調整試験に伴う出力抑制 抑制最大値：140000 抑制最小値：60000 抑制平均値：100000,2021/02/06 11:19,added,outages_20261001_081325.csv,outages_20261001_111428.csv,06/02/2021 11:19,01/10/2026 11:14
東京,東日本共同発電株式会社,6065330508,東日本共同発電株式会社君津共同発電所,火力（ガス）,6号機,152900,計画停止,,,2021/02/04 06:00,あり,2021/02/05,運用停止,2021/02/05 19:26,added,outages_20261001_081325.csv,outages_20261001_111428.csv,05/02/2021 19:26,01/10/2026 11:14
東京,東日本共同発電株式会社,6065330508,東日本共同発電株式会社君津共同発電所,火力（ガス）,5号機,300000,出力低下,,170000,2021/02/04 06:00,あり,2021/02/06,燃料制約による抑制 抑制最大値：210000kW 抑制最小値：130000kW 抑制平均値：170000kW,2021/02/04 04:25,added,outages_20261001_081325.csv,outages_20261001_111428.csv,04/02/2021 04:25,01/10/2026 11:14
東京,東日本共同発電株式会社,6065330508,東日本共同発電株式会社君津共同発電所,火力（ガス）,6号機,152900,計画停止,,,2021/01/28 06:05,あり,2021/01/29,運用停止,2021/01/28 21:19,added,outages_20261001_081325.csv,outages_20261001_111428.csv,28/01/2021 21:19,01/10/2026 11:14
東京,東日本共同発電株式会社,6065330508,東日本共同発電株式会社君津共同発電所,火力（ガス）,5号機,300000,出力低下,,100000,2021/01/21 05:00,あり,2021/01/24,燃料制約による抑制 抑制最大値:140000kW 抑制最小値:60000kW 抑制平均値:100000kW,2021/01/24 07:31,added,outages_20261001_081325.csv,outages_20261001_111428.csv,24/01/2021 07:31,01/10/2026 11:14
東京,東日本共同発電株式会社,6065330508,東日本共同発電株式会社君津共同発電所,火力（ガス）,6号機,152900,計画停止,,,2021/01/21 06:02,あり,2021/01/23,運用停止,2021/01/21 06:30,added,outages_20261001_081325.csv,outages_20261001_111428.csv,21/01/2021 06:30,01/10/2026 11:14
東京,東日本共同発電株式会社,6065330508,東日本共同発電株式会社君津共同発電所,火力（ガス）,6号機,152900,計画停止,,,2020/12/21 05:56,あり,2020/12/23,運用停止,2020/12/22 04:38,added,outages_20261001_081325.csv,outages_20261001_111428.csv,22/12/2020 04:38,01/10/2026 11:14
東京,東日本共同発電株式会社,6065330508,東日本共同発電株式会社君津共同発電所,火力（ガス）,5号機,300000,出力低下,,150000,2020/12/21 05:00,あり,2020/12/22,出力低下量最大値190000kw 最小値110000kw 平均値150000kw 燃料制約の為,2020/12/21 04:08,added,outages_20261001_081325.csv,outages_20261001_111428.csv,21/12/2020 04:08,01/10/2026 11:14
東京,東日本共同発電株式会社,6065330508,東日本共同発電株式会社君津共同発電所,火力（ガス）,4号機,350000,計画停止,,,2020/12/19 06:01,あり,2020/12/20,運用停止,2020/12/19 08:20,added,outages_20261001_081325.csv,outages_20261001_111428.csv,19/12/2020 08:20,01/10/2026 11:14
東京,東日本共同発電株式会社,6065330508,東日本共同発電株式会社君津共同発電所,火力（ガス）,5号機,300000,計画停止,,,2020/12/08 05:55,あり,2020/12/10,運用停止,2020/12/11 06:28,added,outages_20261001_081325.csv,outages_20261001_111428.csv,11/12/2020 06:28,01/10/2026 11:14
東京,東日本共同発電株式会社,6065330508,東日本共同発電株式会社君津共同発電所,火力（ガス）,6号機,152900,計画停止,,,2020/12/08 05:04,あり,2020/12/10,運用停止,2020/12/08 05:17,added,outages_20261001_081325.csv,outages_20261001_111428.csv,08/12/2020 05:17,01/10/2026 11:14
東京,東日本共同発電株式会社,6065330508,東日本共同発電株式会社君津共同発電所,火力（ガス）,5号機,300000,出力低下,,120000,2020/11/21 23:00,あり,2020/12/06,出力低下量最大値160000kw 最小値80000kw 平均値120000kw 燃料制約の為,2020/12/06 20:33,added,outages_20261001_081325.csv,outages_20261001_111428.csv,06/12/2020 20:33,01/10/2026 11:14
東京,東日本共同発電株式会社,6065330508,東日本共同発電株式会社君津共同発電所,火力（ガス）,6号機,152900,計画停止,,,2020/11/21 13:32,あり,2020/12/06,運用停止,2020/12/05 20:33,added,outages_20261001_081325.csv,outages_20261001_111428.csv,05/12/2020 20:33,01/10/2026 11:14
東京,東日本共同発電株式会社,6065330508,東日本共同発電株式会社君津共同発電所,火力（ガス）,5号機,300000,計画停止,,,2020/11/24 10:30,あり,2020/12/06,運用停止,2020/12/05 20:32,added,outages_20261001_081325.csv,outages_20261001_111428.csv,05/12/2020 20:32,01/10/2026 11:14
東京,東日本共同発電株式会社,6065330508,東日本共同発電株式会社君津共同発電所,火力（ガス）,6号機,152900,計画停止,,,2020/11/21 13:32,あり,2020/12/01,運用停止,2020/11/28 20:39,added,outages_20261001_081325.csv,outages_20261001_111428.csv,28/11/2020 20:39,01/10/2026 11:14
東京,東日本共同発電株式会社,6065330508,東日本共同発電株式会社君津共同発電所,火力（ガス）,5号機,300000,計画停止,,,2020/11/24 10:30,あり,2020/11/30,運用停止,2020/11/28 20:38,added,outages_20261001_081325.csv,outages_20261001_111428.csv,28/11/2020 20:38,01/10/2026 11:14
東京,東日本共同発電株式会社,6065330508,東日本共同発電株式会社君津共同発電所,火力（ガス）,6号機,152900,計画停止,,,2020/11/19 11:05,あり,2020/11/20,運用停止,2020/11/20 04:12,added,outages_20261001_081325.csv,outages_20261001_111428.csv,20/11/2020 04:12,01/10/2026 11:14
東京,東日本共同発電株式会社,6065330508,東日本共同発電株式会社君津共同発電所,火力（ガス）,5号機,300000,計画停止,,,2020/07/15 05:32,あり,2020/11/21,運用停止、8/12 16:00からは定期点検,2020/11/17 10:38,added,outages_20261001_081325.csv,outages_20261001_111428.csv,17/11/2020 10:38,01/10/2026 11:14
東京,東日本共同発電株式会社,6065330508,東日本共同発電株式会社君津共同発電所,火力（ガス）,6号機,152900,計画停止,,,2020/11/12 06:01,あり,2020/11/13,運用停止,2020/11/12 06:07,added,outages_20261001_081325.csv,outages_20261001_111428.csv,12/11/2020 06:07,01/10/2026 11:14
東京,東日本共同発電株式会社,6065330508,東日本共同発電株式会社君津共同発電所,火力（ガス）,6号機,152900,計画停止,,,2020/10/14 05:59,あり,2020/10/15,運用停止,2020/10/14 07:08,added,outages_20261001_081325.csv,outages_20261001_111428.csv,14/10/2020 07:08,01/10/2026 11:14
東京,東日本共同発電株式会社,6065330508,東日本共同発電株式会社君津共同発電所,火力（ガス）,6号機,152900,計画外停止,,,2020/09/10 19:00,あり,2020/09/11,設備不具合,2020/09/10 19:03,added,outages_20261001_081325.csv,outages_20261001_111428.csv,10/09/2020 19:03,01/10/2026 11:14
東京,東日本共同発電株式会社,6065330508,東日本共同発電株式会社君津共同発電所,火力（ガス）,6号機,152900,計画停止,,,2020/09/07 06:00,あり,2020/09/08,運用停止,2020/09/06 13:26,added,outages_20261001_081325.csv,outages_20261001_111428.csv,06/09/2020 13:26,01/10/2026 11:14
東京,東日本共同発電株式会社,6065330508,東日本共同発電株式会社君津共同発電所,火力（ガス）,6号機,152900,計画外停止,,,2020/08/31 12:24,あり,2020/09/01,設備不具合,2020/08/31 12:25,added,outages_20261001_081325.csv,outages_20261001_111428.csv,31/08/2020 12:25,01/10/2026 11:14
東京,東日本共同発電株式会社,6065330508,東日本共同発電株式会社君津共同発電所,火力（ガス）,6号機,152900,計画外停止,,,2020/08/30 04:52,あり,2020/08/30,設備不具合,2020/08/30 04:54,added,outages_20261001_081325.csv,outages_20261001_111428.csv,30/08/2020 04:54,01/10/2026 11:14
東京,東日本共同発電株式会社,6065330508,東日本共同発電株式会社君津共同発電所,火力（ガス）,6号機,152900,計画停止,,,2020/08/06 05:59,あり,2020/08/07,運用停止,2020/08/06 06:01,added,outages_20261001_081325.csv,outages_20261001_111428.csv,06/08/2020 06:01,01/10/2026 11:14
東京,東日本共同発電株式会社,6065330508,東日本共同発電株式会社君津共同発電所,火力（ガス）,6号機,152900,計画停止,,,2020/07/21 07:56,あり,2020/07/21,運用停止,2020/07/21 19:26,added,outages_20261001_081325.csv,outages_20261001_111428.csv,21/07/2020 19:26,01/10/2026 11:14
東京,東日本共同発電株式会社,6065330508,東日本共同発電株式会社君津共同発電所,火力（ガス）,6号機,152900,計画外停止,,,2020/07/19 01:25,あり,2020/07/20,設備不具合,2020/07/20 00:31,added,outages_20261001_081325.csv,outages_20261001_111428.csv,20/07/2020 00:31,01/10/2026 11:14
東京,東日本共同発電株式会社,6065330508,東日本共同発電株式会社君津共同発電所,火力（ガス）,6号機,152900,計画停止,,,2020/06/13 05:50,あり,2020/07/17,運用停止、18日からは定検停止,2020/07/16 19:37,added,outages_20261001_081325.csv,outages_20261001_111428.csv,16/07/2020 19:37,01/10/2026 11:14
東京,東日本共同発電株式会社,6065330508,東日本共同発電株式会社君津共同発電所,火力（ガス）,5号機,300000,計画外停止,,,2020/07/11 11:06,あり,2020/07/12,設備不具合,2020/07/11 11:10,added,outages_20261001_081325.csv,outages_20261001_111428.csv,11/07/2020 11:10,01/10/2026 11:14
東京,東日本共同発電株式会社,6065330508,東日本共同発電株式会社君津共同発電所,火力（ガス）,5号機,300000,計画外停止,,,2020/07/07 20:42,あり,2020/07/08,設備不具合,2020/07/08 06:09,added,outages_20261001_081325.csv,outages_20261001_111428.csv,08/07/2020 06:09,01/10/2026 11:14
東京,東日本共同発電株式会社,6065330508,東日本共同発電株式会社君津共同発電所,火力（ガス）,5号機,300000,計画外停止,,,2020/06/18 13:40,あり,2020/06/19,設備不具合,2020/06/19 20:51,added,outages_20261001_081325.csv,outages_20261001_111428.csv,19/06/2020 20:51,01/10/2026 11:14
東京,東日本共同発電株式会社,6065330508,東日本共同発電株式会社君津共同発電所,火力（ガス）,5号機,300000,計画停止,,,2020/06/15 08:40,あり,2020/06/16,運用停止,2020/06/15 08:51,added,outages_20261001_081325.csv,outages_20261001_111428.csv,15/06/2020 08:51,01/10/2026 11:14
東京,東日本共同発電株式会社,6065330508,東日本共同発電株式会社君津共同発電所,火力（ガス）,5号機,300000,計画停止,,,2020/06/13 07:22,あり,2020/06/14,運用停止,2020/06/13 07:24,added,outages_20261001_081325.csv,outages_20261001_111428.csv,13/06/2020 07:24,01/10/2026 11:14
東京,東日本共同発電株式会社,6065330508,東日本共同発電株式会社君津共同発電所,火力（ガス）,5号機,300000,計画停止,,,2020/06/09 05:53,あり,2020/06/10,運用停止,2020/06/10 13:52,added,outages_20261001_081325.csv,outages_20261001_111428.csv,10/06/2020 13:52,01/10/2026 11:14
東京,東日本共同発電株式会社,6065330508,東日本共同発電株式会社君津共同発電所,火力（ガス）,4号機,350000,計画停止,,,2020/04/01 18:00,あり,2020/06/06,定期点検による停止,2020/06/05 17:36,added,outages_20261001_081325.csv,outages_20261001_111428.csv,05/06/2020 17:36,01/10/2026 11:14
東京,東日本共同発電株式会社,6065330508,東日本共同発電株式会社君津共同発電所,火力（ガス）,5号機,300000,計画停止,,,2020/06/04 06:03,あり,2020/06/07,運用停止,2020/06/04 06:14,added,outages_20261001_081325.csv,outages_20261001_111428.csv,04/06/2020 06:14,01/10/2026 11:14
東京,東日本共同発電株式会社,6065330508,東日本共同発電株式会社君津共同発電所,火力（ガス）,6号機,152900,計画停止,,,2020/06/04 05:06,あり,2020/06/07,運用停止,2020/06/04 05:09,added,outages_20261001_081325.csv,outages_20261001_111428.csv,04/06/2020 05:09,01/10/2026 11:14
東京,東日本共同発電株式会社,6065330508,東日本共同発電株式会社君津共同発電所,火力（ガス）,6号機,152900,計画停止,,,2020/06/02 05:46,あり,2020/06/02,運用停止,2020/06/02 20:38,added,outages_20261001_081325.csv,outages_20261001_111428.csv,02/06/2020 20:38,01/10/2026 11:14
東京,東日本共同発電株式会社,6065330508,東日本共同発電株式会社君津共同発電所,火力（ガス）,6号機,152900,計画停止,,,2020/05/31 08:50,あり,2020/05/31,運用停止,2020/06/02 00:46,added,outages_20261001_081325.csv,outages_20261001_111428.csv,02/06/2020 00:46,01/10/2026 11:14
東京,東日本共同発電株式会社,6065330508,東日本共同発電株式会社君津共同発電所,火力（ガス）,6号機,152900,計画外停止,,,2020/05/23 20:45,あり,2020/05/28,設備不具合,2020/05/28 00:41,added,outages_20261001_081325.csv,outages_20261001_111428.csv,28/05/2020 00:41,01/10/2026 11:14
東京,東日本共同発電株式会社,6065330508,東日本共同発電株式会社君津共同発電所,火力（ガス）,5号機,300000,計画外停止,,,2020/05/21 19:23,あり,2020/05/22,設備不具合,2020/05/22 09:55,added,outages_20261001_081325.csv,outages_20261001_111428.csv,22/05/2020 09:55,01/10/2026 11:14
東京,東日本共同発電株式会社,6065330508,東日本共同発電株式会社君津共同発電所,火力（ガス）,6号機,152900,計画外停止,,,2020/05/21 18:42,あり,2020/05/22,設備不具合,2020/05/22 04:41,added,outages_20261001_081325.csv,outages_20261001_111428.csv,22/05/2020 04:41,01/10/2026 11:14
東京,東日本共同発電株式会社,6065330508,東日本共同発電株式会社君津共同発電所,火力（ガス）,6号機,152900,計画停止,,,2020/05/20 22:49,あり,2020/05/21,運用停止,2020/05/21 12:00,added,outages_20261001_081325.csv,outages_20261001_111428.csv,21/05/2020 12:00,01/10/2026 11:14
東京,東日本共同発電株式会社,6065330508,東日本共同発電株式会社君津共同発電所,火力（ガス）,6号機,152900,計画停止,,,2020/05/14 05:57,あり,2020/05/16,運用停止,2020/05/14 06:15,added,outages_20261001_081325.csv,outages_20261001_111428.csv,14/05/2020 06:15,01/10/2026 11:14
東京,東日本共同発電株式会社,6065330508,東日本共同発電株式会社君津共同発電所,火力（ガス）,5号機,300000,計画停止,,,2020/05/08 05:50,あり,2020/05/13,運用停止,2020/05/12 20:12,added,outages_20261001_081325.csv,outages_20261001_111428.csv,12/05/2020 20:12,01/10/2026 11:14
東京,東日本共同発電株式会社,6065330508,東日本共同発電株式会社君津共同発電所,火力（ガス）,6号機,152900,計画停止,,,2020/05/08 05:03,あり,2020/05/11,運用停止,2020/05/08 05:05,added,outages_20261001_081325.csv,outages_20261001_111428.csv,08/05/2020 05:05,01/10/2026 11:14
東京,東日本共同発電株式会社,6065330508,東日本共同発電株式会社君津共同発電所,火力（ガス）,6号機,152900,計画停止,,,2020/04/27 05:48,あり,2020/04/29,運用停止,2020/04/27 05:50,added,outages_20261001_081325.csv,outages_20261001_111428.csv,27/04/2020 05:50,01/10/2026 11:14
東京,東日本共同発電株式会社,6065330508,東日本共同発電株式会社君津共同発電所,火力（ガス）,5号機,300000,計画停止,,,2020/04/13 05:53,あり,2020/04/15,運用停止,2020/04/13 06:01,added,outages_20261001_081325.csv,outages_20261001_111428.csv,13/04/2020 06:01,01/10/2026 11:14
東京,東日本共同発電株式会社,6065330508,東日本共同発電株式会社君津共同発電所,火力（ガス）,6号機,152900,計画停止,,,2020/04/13 04:54,あり,2020/04/15,運用停止,2020/04/13 04:58,added,outages_20261001_081325.csv,outages_20261001_111428.csv,13/04/2020 04:58,01/10/2026 11:14
東京,東日本共同発電株式会社,6065330508,東日本共同発電株式会社君津共同発電所,火力（ガス）,5号機,300000,計画外停止,,,2020/03/31 16:44,あり,2020/04/04,設備トラブル,2020/04/03 20:18,added,outages_20261001_081325.csv,outages_20261001_111428.csv,03/04/2020 20:18,01/10/2026 11:14
東京,東日本共同発電株式会社,6065330508,東日本共同発電株式会社君津共同発電所,火力（ガス）,6号機,152900,計画外停止,,,2020/03/31 16:01,あり,2020/04/03,設備不具合,2020/04/03 03:03,added,outages_20261001_081325.csv,outages_20261001_111428.csv,03/04/2020 03:03,01/10/2026 11:14
東京,東日本共同発電株式会社,6065330508,東日本共同発電株式会社君津共同発電所,火力（ガス）,5号機,300000,計画停止,,,2020/03/26 05:52,あり,2020/03/28,運用停止,2020/03/26 05:57,added,outages_20261001_081325.csv,outages_20261001_111428.csv,26/03/2020 05:57,01/10/2026 11:14
東京,東日本共同発電株式会社,6065330508,東日本共同発電株式会社君津共同発電所,火力（ガス）,6号機,152900,計画停止,,,2020/03/26 04:49,あり,2020/03/28,運用停止,2020/03/26 04:53,added,outages_20261001_081325.csv,outages_20261001_111428.csv,26/03/2020 04:53,01/10/2026 11:14
東京,東日本共同発電株式会社,6065330508,東日本共同発電株式会社君津共同発電所,火力（ガス）,6号機,152900,計画停止,,,2020/03/23 05:51,あり,2020/03/24,運用停止,2020/03/23 05:56,added,outages_20261001_081325.csv,outages_20261001_111428.csv,23/03/2020 05:56,01/10/2026 11:14
東京,東日本共同発電株式会社,6065330508,東日本共同発電株式会社君津共同発電所,火力（ガス）,5号機,300000,計画停止,,,2020/03/17 05:26,あり,2020/03/25,運用停止,2020/03/22 14:43,added,outages_20261001_081325.csv,outages_20261001_111428.csv,22/03/2020 14:43,01/10/2026 11:14
東京,東日本共同発電株式会社,6065330508,東日本共同発電株式会社君津共同発電所,火力（ガス）,6号機,152900,計画停止,,,2020/03/17 04:49,あり,2020/03/20,運用停止,2020/03/19 17:25,added,outages_20261001_081325.csv,outages_20261001_111428.csv,19/03/2020 17:25,01/10/2026 11:14
東京,東日本共同発電株式会社,6065330508,東日本共同発電株式会社君津共同発電所,火力（ガス）,6号機,152900,計画停止,,,2020/03/06 19:19,あり,2020/03/07,運用停止,2020/03/07 07:27,added,outages_20261001_081325.csv,outages_20261001_111428.csv,07/03/2020 07:27,01/10/2026 11:14
東京,東日本共同発電株式会社,6065330508,東日本共同発電株式会社君津共同発電所,火力（ガス）,6号機,152900,計画外停止,,,2020/02/29 10:05,あり,2020/03/06,設備不具合,2020/03/06 17:44,added,outages_20261001_081325.csv,outages_20261001_111428.csv,06/03/2020 17:44,01/10/2026 11:14
東京,東日本共同発電株式会社,6065330508,東日本共同発電株式会社君津共同発電所,火力（ガス）,5号機,300000,計画停止,,,2020/03/03 05:33,あり,2020/03/07,運用停止,2020/03/03 05:38,added,outages_20261001_081325.csv,outages_20261001_111428.csv,03/03/2020 05:38,01/10/2026 11:14
東京,東日本共同発電株式会社,6065330508,東日本共同発電株式会社君津共同発電所,火力（ガス）,6号機,152900,計画停止,,,2020/02/20 05:51,あり,2020/02/22,運用停止,2020/02/20 05:52,added,outages_20261001_081325.csv,outages_20261001_111428.csv,20/02/2020 05:52,01/10/2026 11:14
東京,東日本共同発電株式会社,6065330508,東日本共同発電株式会社君津共同発電所,火力（ガス）,5号機,300000,計画外停止,,,2020/02/17 19:49,あり,2020/02/18,設備不具合,2020/02/18 23:44,added,outages_20261001_081325.csv,outages_20261001_111428.csv,18/02/2020 23:44,01/10/2026 11:14
東京,東日本共同発電株式会社,6065330508,東日本共同発電株式会社君津共同発電所,火力（ガス）,6号機,152900,計画外停止,,,2020/02/17 19:33,あり,2020/02/18,設備不具合,2020/02/18 06:14,added,outages_20261001_081325.csv,outages_20261001_111428.csv,18/02/2020 06:14,01/10/2026 11:14
東京,東日本共同発電株式会社,6065330508,東日本共同発電株式会社君津共同発電所,火力（ガス）,5号機,300000,計画停止,,,2020/02/13 05:51,あり,2020/02/16,運用停止,2020/02/15 14:04,added,outages_20261001_081325.csv,outages_20261001_111428.csv,15/02/2020 14:04,01/10/2026 11:14
東京,東日本共同発電株式会社,6065330508,東日本共同発電株式会社君津共同発電所,火力（ガス）,6号機,152900,計画停止,,,2020/02/13 04:53,あり,2020/02/15,運用停止,2020/02/13 04:53,added,outages_20261001_081325.csv,outages_20261001_111428.csv,13/02/2020 04:53,01/10/2026 11:14
東京,東日本共同発電株式会社,6065330508,東日本共同発電株式会社君津共同発電所,火力（ガス）,6号機,152900,計画停止,,,2020/01/21 05:49,あり,2020/01/23,,2020/01/21 05:51,added,outages_20261001_081325.csv,outages_20261001_111428.csv,21/01/2020 05:51,01/10/2026 11:14
東京,東日本共同発電株式会社,6065330508,東日本共同発電株式会社君津共同発電所,火力（ガス）,6号機,152900,計画停止,,,2020/01/14 05:51,あり,2020/01/15,運用停止,2020/01/15 12:26,added,outages_20261001_081325.csv,outages_20261001_111428.csv,15/01/2020 12:26,01/10/2026 11:14
東京,東日本共同発電株式会社,6065330508,東日本共同発電株式会社君津共同発電所,火力（ガス）,5号機,300000,計画停止,,,2019/12/25 05:50,あり,2019/12/27,運用停止,2019/12/25 06:35,added,outages_20261001_081325.csv,outages_20261001_111428.csv,25/12/2019 06:35,01/10/2026 11:14
東京,東日本共同発電株式会社,6065330508,東日本共同発電株式会社君津共同発電所,火力（ガス）,6号機,152900,計画外停止,,,2019/12/23 15:45,あり,2019/12/23,設備不具合,2019/12/23 18:29,added,outages_20261001_081325.csv,outages_20261001_111428.csv,23/12/2019 18:29,01/10/2026 11:14
東京,東日本共同発電株式会社,6065330508,東日本共同発電株式会社君津共同発電所,火力（ガス）,6号機,152900,計画停止,,,2019/12/15 07:30,あり,2019/12/15,運用停止,2019/12/14 23:16,added,outages_20261001_081325.csv,outages_20261001_111428.csv,14/12/2019 23:16,01/10/2026 11:14
東京,東日本共同発電株式会社,6065330508,東日本共同発電株式会社君津共同発電所,火力（ガス）,3号機,350000,計画外停止,,,2019/05/04 12:52,あり,2019/12/13,設備不具合,2019/12/13 04:03,added,outages_20261001_081325.csv,outages_20261001_111428.csv,13/12/2019 04:03,01/10/2026 11:14
東京,東日本共同発電株式会社,6065330508,東日本共同発電株式会社君津共同発電所,火力（ガス）,6号機,152900,計画停止,,,2019/12/11 06:45,あり,2019/12/12,運用停止,2019/12/11 06:54,added,outages_20261001_081325.csv,outages_20261001_111428.csv,11/12/2019 06:54,01/10/2026 11:14
東京,東日本共同発電株式会社,6065330508,東日本共同発電株式会社君津共同発電所,火力（ガス）,6号機,152900,計画外停止,,,2019/12/06 16:18,あり,2019/12/10,設備不具合,2019/12/09 17:39,added,outages_20261001_081325.csv,outages_20261001_111428.csv,09/12/2019 17:39,01/10/2026 11:14
東京,東日本共同発電株式会社,6065330508,東日本共同発電株式会社君津共同発電所,火力（ガス）,5号機,300000,計画外停止,,,2019/12/03 05:53,あり,2019/12/07,設備不具合,2019/12/05 20:29,added,outages_20261001_081325.csv,outages_20261001_111428.csv,05/12/2019 20:29,01/10/2026 11:14
東京,東日本共同発電株式会社,6065330508,東日本共同発電株式会社君津共同発電所,火力（ガス）,6号機,152900,計画停止,,,2019/12/02 05:48,あり,2019/12/05,運用停止,2019/12/04 20:40,added,outages_20261001_081325.csv,outages_20261001_111428.csv,04/12/2019 20:40,01/10/2026 11:14
東京,東日本共同発電株式会社,6065330508,東日本共同発電株式会社君津共同発電所,火力（ガス）,5号機,300000,計画外停止,,,2019/11/28 06:51,あり,2019/11/29,設備不具合,2019/11/28 06:59,added,outages_20261001_081325.csv,outages_20261001_111428.csv,28/11/2019 06:59,01/10/2026 11:14
東京,東日本共同発電株式会社,6065330508,東日本共同発電株式会社君津共同発電所,火力（ガス）,6号機,152900,計画停止,,,2019/11/28 06:50,あり,2019/11/28,運用停止,2019/11/28 06:58,added,outages_20261001_081325.csv,outages_20261001_111428.csv,28/11/2019 06:58,01/10/2026 11:14
東京,東日本共同発電株式会社,6065330508,東日本共同発電株式会社君津共同発電所,火力（ガス）,6号機,152900,計画停止,,,2019/11/17 13:51,あり,2019/11/18,運用停止,2019/11/17 13:55,added,outages_20261001_081325.csv,outages_20261001_111428.csv,17/11/2019 13:55,01/10/2026 11:14
東京,東日本共同発電株式会社,6065330508,東日本共同発電株式会社君津共同発電所,火力（ガス）,6号機,152900,計画停止,,,2019/11/16 11:51,あり,2019/11/16,運用停止,2019/11/16 12:12,added,outages_20261001_081325.csv,outages_20261001_111428.csv,16/11/2019 12:12,01/10/2026 11:14
東京,東日本共同発電株式会社,6065330508,東日本共同発電株式会社君津共同発電所,火力（ガス）,6号機,152900,計画停止,,,2019/11/12 05:12,あり,2019/11/15,運用停止,2019/11/12 05:32,added,outages_20261001_081325.csv,outages_20261001_111428.csv,12/11/2019 05:32,01/10/2026 11:14
東京,東日本共同発電株式会社,6065330508,東日本共同発電株式会社君津共同発電所,火力（ガス）,5号機,300000,計画停止,,,2019/11/01 05:56,あり,2019/11/02,運用停止,2019/11/01 09:04,added,outages_20261001_081325.csv,outages_20261001_111428.csv,01/11/2019 09:04,01/10/2026 11:14
東京,東日本共同発電株式会社,6065330508,東日本共同発電株式会社君津共同発電所,火力（ガス）,4号機,350000,計画外停止,,,2019/10/30 17:47,あり,2019/11/01,設備不具合,2019/11/01 09:02,added,outages_20261001_081325.csv,outages_20261001_111428.csv,01/11/2019 09:02,01/10/2026 11:14
東京,東日本共同発電株式会社,6065330508,東日本共同発電株式会社君津共同発電所,火力（ガス）,6号機,152900,計画外停止,,,2019/10/25 16:18,あり,2019/10/27,設備不具合,2019/10/27 10:23,added,outages_20261001_081325.csv,outages_20261001_111428.csv,27/10/2019 10:23,01/10/2026 11:14
東京,東日本共同発電株式会社,6065330508,東日本共同発電株式会社君津共同発電所,火力（ガス）,5号機,300000,計画外停止,,,2019/10/25 17:26,あり,2019/10/26,設備不具合,2019/10/26 21:03,added,outages_20261001_081325.csv,outages_20261001_111428.csv,26/10/2019 21:03,01/10/2026 11:14
東京,東日本共同発電株式会社,6065330508,東日本共同発電株式会社君津共同発電所,火力（ガス）,6号機,152900,計画停止,,,2019/10/11 10:39,あり,2019/10/24,運用停止,2019/10/24 01:44,added,outages_20261001_081325.csv,outages_20261001_111428.csv,24/10/2019 01:44,01/10/2026 11:14
東京,東日本共同発電株式会社,6065330508,東日本共同発電株式会社君津共同発電所,火力（ガス）,5号機,300000,計画外停止,,,2019/10/23 05:49,あり,2019/10/24,設備不具合,2019/10/23 09:13,added,outages_20261001_081325.csv,outages_20261001_111428.csv,23/10/2019 09:13,01/10/2026 11:14
東京,東日本共同発電株式会社,6065330508,東日本共同発電株式会社君津共同発電所,火力（ガス）,5号機,300000,計画停止,,,2019/10/21 05:55,あり,2019/10/23,運用停止,2019/10/21 06:00,added,outages_20261001_081325.csv,outages_20261001_111428.csv,21/10/2019 06:00,01/10/2026 11:14
東京,東日本共同発電株式会社,6065330508,東日本共同発電株式会社君津共同発電所,火力（ガス）,5号機,300000,計画停止,,,2019/10/12 05:38,あり,2019/10/14,運用停止,2019/10/14 00:13,added,outages_20261001_081325.csv,outages_20261001_111428.csv,14/10/2019 00:13,01/10/2026 11:14
東京,東日本共同発電株式会社,6065330508,東日本共同発電株式会社君津共同発電所,火力（ガス）,6号機,152900,計画停止,,,2019/10/01 05:57,あり,2019/10/04,運用停止,2019/10/01 06:14,added,outages_20261001_081325.csv,outages_20261001_111428.csv,01/10/2019 06:14,01/10/2026 11:14
東京,東日本共同発電株式会社,6065330508,東日本共同発電株式会社君津共同発電所,火力（ガス）,5号機,300000,計画停止,,,2019/09/24 17:56,あり,2019/10/11,定検停止,2019/09/24 18:01,added,outages_20261001_081325.csv,outages_20261001_111428.csv,24/09/2019 18:01,01/10/2026 11:14
東京,東日本共同発電株式会社,6065330508,東日本共同発電株式会社君津共同発電所,火力（ガス）,5号機,300000,計画停止,,,2019/09/08 17:17,あり,2019/09/11,運用停止,2019/09/11 06:05,added,outages_20261001_081325.csv,outages_20261001_111428.csv,11/09/2019 06:05,01/10/2026 11:14
東京,東日本共同発電株式会社,6065330508,東日本共同発電株式会社君津共同発電所,火力（ガス）,6号機,152900,計画外停止,,,2019/09/09 03:30,あり,2019/09/09,設備不具合,2019/09/10 08:46,added,outages_20261001_081325.csv,outages_20261001_111428.csv,10/09/2019 08:46,01/10/2026 11:14
東京,東日本共同発電株式会社,6065330508,東日本共同発電株式会社君津共同発電所,火力（ガス）,5号機,300000,計画停止,,,2019/09/04 05:50,あり,2019/09/07,運用停止,2019/09/06 17:38,added,outages_20261001_081325.csv,outages_20261001_111428.csv,06/09/2019 17:38,01/10/2026 11:14
東京,東日本共同発電株式会社,6065330508,東日本共同発電株式会社君津共同発電所,火力（ガス）,5号機,300000,計画停止,,,2019/08/26 05:55,あり,2019/08/30,運用停止,2019/08/29 16:52,added,outages_20261001_081325.csv,outages_20261001_111428.csv,29/08/2019 16:52,01/10/2026 11:14
東京,東日本共同発電株式会社,6065330508,東日本共同発電株式会社君津共同発電所,火力（ガス）,6号機,152900,計画外停止,,,2019/08/29 11:45,あり,2019/08/29,設備不具合,2019/08/29 16:51,added,outages_20261001_081325.csv,outages_20261001_111428.csv,29/08/2019 16:51,01/10/2026 11:14
東京,東日本共同発電株式会社,6065330508,東日本共同発電株式会社君津共同発電所,火力（ガス）,6号機,152900,計画外停止,,,2019/08/28 18:22,あり,2019/08/29,設備不具合,2019/08/29 09:33,added,outages_20261001_081325.csv,outages_20261001_111428.csv,29/08/2019 09:33,01/10/2026 11:14
東京,東日本共同発電株式会社,6065330508,東日本共同発電株式会社君津共同発電所,火力（ガス）,5号機,300000,計画外停止,,,2019/08/10 08:14,あり,2019/08/12,設備不具合,2019/08/12 02:46,added,outages_20261001_081325.csv,outages_20261001_111428.csv,12/08/2019 02:46,01/10/2026 11:14
東京,東日本共同発電株式会社,6065330508,東日本共同発電株式会社君津共同発電所,火力（ガス）,6号機,152900,計画外停止,,,2019/08/10 19:17,あり,2019/08/12,設備不具合,2019/08/12 02:45,added,outages_20261001_081325.csv,outages_20261001_111428.csv,12/08/2019 02:45,01/10/2026 11:14
東京,東日本共同発電株式会社,6065330508,東日本共同発電株式会社君津共同発電所,火力（ガス）,5号機,300000,計画停止,,,2019/08/08 06:11,あり,2019/08/09,運用停止,2019/08/08 06:50,added,outages_20261001_081325.csv,outages_20261001_111428.csv,08/08/2019 06:50,01/10/2026 11:14
東京,東日本共同発電株式会社,6065330508,東日本共同発電株式会社君津共同発電所,火力（ガス）,5号機,300000,計画外停止,,,2019/07/22 07:07,あり,2019/07/24,運用外停止,2019/07/24 17:22,added,outages_20261001_081325.csv,outages_20261001_111428.csv,24/07/2019 17:22,01/10/2026 11:14
東京,東日本共同発電株式会社,6065330508,東日本共同発電株式会社君津共同発電所,火力（ガス）,6号機,152900,計画外停止,,,2019/07/23 19:57,あり,2019/07/24,運用外停止,2019/07/24 03:24,added,outages_20261001_081325.csv,outages_20261001_111428.csv,24/07/2019 03:24,01/10/2026 11:14
東京,東日本共同発電株式会社,6065330508,東日本共同発電株式会社君津共同発電所,火力（ガス）,6号機,152900,計画停止,,,2019/03/28 07:57,あり,2019/07/23,運用停止 4/1 17:00以降は定検停止,2019/07/23 05:44,added,outages_20261001_081325.csv,outages_20261001_111428.csv,23/07/2019 05:44,01/10/2026 11:14
東京,東日本共同発電株式会社,6065330508,東日本共同発電株式会社君津共同発電所,火力（ガス）,6号機,152900,計画外停止,,,2019/07/22 06:18,あり,2019/07/23,運用外停止,2019/07/22 22:34,added,outages_20261001_081325.csv,outages_20261001_111428.csv,22/07/2019 22:34,01/10/2026 11:14
東京,東日本共同発電株式会社,6065330508,東日本共同発電株式会社君津共同発電所,火力（ガス）,5号機,300000,計画停止,,,2019/05/29 05:45,あり,2019/05/31,運用停止,2019/05/29 07:34,added,outages_20261001_081325.csv,outages_20261001_111428.csv,29/05/2019 07:34,01/10/2026 11:14
東京,東日本共同発電株式会社,6065330508,東日本共同発電株式会社君津共同発電所,火力（ガス）,5号機,300000,計画外停止,,,2019/05/04 12:53,あり,2019/05/10,設備不具合,2019/05/09 19:18,added,outages_20261001_081325.csv,outages_20261001_111428.csv,09/05/2019 19:18,01/10/2026 11:14
東京,東日本共同発電株式会社,6065330508,東日本共同発電株式会社君津共同発電所,火力（ガス）,5号機,300000,計画外停止,,,2019/04/25 02:49,あり,2019/04/26,設備不具合,2019/04/25 21:24,added,outages_20261001_081325.csv,outages_20261001_111428.csv,25/04/2019 21:24,01/10/2026 11:14
東京,東日本共同発電株式会社,6065330508,東日本共同発電株式会社君津共同発電所,火力（ガス）,6号機,152900,計画外停止,,,2019/03/25 11:01,あり,2019/03/25,設備不具合,2019/03/25 16:42,added,outages_20261001_081325.csv,outages_20261001_111428.csv,25/03/2019 16:42,01/10/2026 11:14
東京,東日本共同発電株式会社,6065330508,東日本共同発電株式会社君津共同発電所,火力（ガス）,6号機,152900,計画外停止,,,2019/03/22 09:50,あり,2019/03/22,設備不具合,2019/03/22 09:53,added,outages_20261001_081325.csv,outages_20261001_111428.csv,22/03/2019 09:53,01/10/2026 11:14
東京,東日本共同発電株式会社,6065330508,東日本共同発電株式会社君津共同発電所,火力（ガス）,5号機,300000,計画停止,,,2019/03/20 05:45,あり,2019/03/21,運用停止,2019/03/21 18:37,added,outages_20261001_081325.csv,outages_20261001_111428.csv,21/03/2019 18:37,01/10/2026 11:14
東京,東日本共同発電株式会社,6065330508,東日本共同発電株式会社君津共同発電所,火力（ガス）,6号機,152900,計画停止,,,2019/03/12 05:50,あり,2019/03/13,運用停止,2019/03/12 06:04,added,outages_20261001_081325.csv,outages_20261001_111428.csv,12/03/2019 06:04,01/10/2026 11:14
東京,東日本共同発電株式会社,6065330508,東日本共同発電株式会社君津共同発電所,火力（ガス）,5号機,300000,計画外停止,,,2019/03/07 15:29,あり,2019/03/08,設備不具合,2019/03/07 19:45,added,outages_20261001_081325.csv,outages_20261001_111428.csv,07/03/2019 19:45,01/10/2026 11:14
東京,東日本共同発電株式会社,6065330508,東日本共同発電株式会社君津共同発電所,火力（ガス）,5号機,300000,計画外停止,,,2019/02/21 23:10,あり,2019/02/23,設備不具合,2019/02/22 20:45,added,outages_20261001_081325.csv,outages_20261001_111428.csv,22/02/2019 20:45,01/10/2026 11:14
東京,東日本共同発電株式会社,6065330508,東日本共同発電株式会社君津共同発電所,火力（ガス）,6号機,152900,計画停止,,,2019/02/12 06:05,あり,2019/02/16,設備不具合,2019/02/15 21:04,added,outages_20261001_081325.csv,outages_20261001_111428.csv,15/02/2019 21:04,01/10/2026 11:14
東京,東日本共同発電株式会社,6065330508,東日本共同発電株式会社君津共同発電所,火力（ガス）,5号機,300000,計画外停止,,,2019/01/28 04:41,あり,2019/01/28,設備不具合,2019/01/28 15:09,added,outages_20261001_081325.csv,outages_20261001_111428.csv,28/01/2019 15:09,01/10/2026 11:14
東京,東日本共同発電株式会社,6065330508,東日本共同発電株式会社君津共同発電所,火力（ガス）,5号機,300000,計画外停止,,,2019/01/21 14:43,あり,2019/01/25,設備不具合,2019/01/23 22:33,added,outages_20261001_081325.csv,outages_20261001_111428.csv,23/01/2019 22:33,01/10/2026 11:14
東京,東日本共同発電株式会社,6065330508,東日本共同発電株式会社君津共同発電所,火力（ガス）,6号機,152900,計画外停止,,,2019/01/23 16:24,あり,2019/01/24,設備不具合,2019/01/23 16:27,added,outages_20261001_081325.csv,outages_20261001_111428.csv,23/01/2019 16:27,01/10/2026 11:14
東京,東日本共同発電株式会社,6065330508,東日本共同発電株式会社君津共同発電所,火力（ガス）,6号機,152900,計画停止,,,2019/01/19 02:03,あり,2019/01/22,運用停止,2019/01/21 18:04,added,outages_20261001_081325.csv,outages_20261001_111428.csv,21/01/2019 18:04,01/10/2026 11:14
東京,東日本共同発電株式会社,6065330508,東日本共同発電株式会社君津共同発電所,火力（ガス）,6号機,152900,計画停止,,,2019/01/03 12:20,あり,2019/01/13,運用停止,2019/01/12 08:02,added,outages_20261001_081325.csv,outages_20261001_111428.csv,12/01/2019 08:02,01/10/2026 11:14
東京,東日本共同発電株式会社,6065330508,東日本共同発電株式会社君津共同発電所,火力（ガス）,5号機,300000,計画停止,,,2019/01/22 06:00,あり,2019/01/26,運用停止,2019/01/08 19:23,added,outages_20261001_081325.csv,outages_20261001_111428.csv,08/01/2019 19:23,01/10/2026 11:14
東京,東日本共同発電株式会社,6065330508,東日本共同発電株式会社君津共同発電所,火力（ガス）,6号機,152900,計画停止,,,2019/01/07 21:30,あり,2019/01/08,運用停止,2018/12/28 17:32,added,outages_20261001_081325.csv,outages_20261001_111428.csv,28/12/2018 17:32,01/10/2026 11:14
東京,東日本共同発電株式会社,6065330508,東日本共同発電株式会社君津共同発電所,火力（ガス）,5号機,300000,計画停止,,,2018/12/25 05:40,あり,2018/12/27,運用停止,2018/12/25 05:50,added,outages_20261001_081325.csv,outages_20261001_111428.csv,25/12/2018 05:50,01/10/2026 11:14
東京,東日本共同発電株式会社,6065330508,東日本共同発電株式会社君津共同発電所,火力（ガス）,6号機,152900,計画停止,,,2018/12/04 12:00,あり,2018/12/21,運用停止,2018/12/18 16:43,added,outages_20261001_081325.csv,outages_20261001_111428.csv,18/12/2018 16:43,01/10/2026 11:14
東京,東日本共同発電株式会社,6065330508,東日本共同発電株式会社君津共同発電所,火力（ガス）,5号機,300000,計画外停止,,,2018/12/15 08:00,あり,2018/12/17,設備不具合,2018/12/16 19:18,added,outages_20261001_081325.csv,outages_20261001_111428.csv,16/12/2018 19:18,01/10/2026 11:14
東京,東日本共同発電株式会社,6065330508,東日本共同発電株式会社君津共同発電所,火力（ガス）,5号機,300000,計画停止,,,2018/12/13 05:51,あり,2018/12/15,運用停止,2018/12/14 08:15,added,outages_20261001_081325.csv,outages_20261001_111428.csv,14/12/2018 08:15,01/10/2026 11:14
東京,東日本共同発電株式会社,6065330508,東日本共同発電株式会社君津共同発電所,火力（ガス）,5号機,300000,計画停止,,,2018/12/04 05:55,あり,2018/12/07,運用停止,2018/12/08 16:41,added,outages_20261001_081325.csv,outages_20261001_111428.csv,08/12/2018 16:41,01/10/2026 11:14
東京,東日本共同発電株式会社,6065330508,東日本共同発電株式会社君津共同発電所,火力（ガス）,5号機,300000,計画停止,,,2018/11/29 07:26,あり,2018/11/30,運用停止,2018/11/29 07:40,added,outages_20261001_081325.csv,outages_20261001_111428.csv,29/11/2018 07:40,01/10/2026 11:14
東京,東日本共同発電株式会社,6065330508,東日本共同発電株式会社君津共同発電所,火力（ガス）,5号機,300000,計画停止,,,2018/11/19 05:57,あり,2018/11/22,運用停止,2018/11/19 06:01,added,outages_20261001_081325.csv,outages_20261001_111428.csv,19/11/2018 06:01,01/10/2026 11:14
東京,東日本共同発電株式会社,6065330508,東日本共同発電株式会社君津共同発電所,火力（ガス）,5号機,300000,計画外停止,,,2018/11/07 07:41,あり,2018/11/10,設備不具合,2018/11/09 16:27,added,outages_20261001_081325.csv,outages_20261001_111428.csv,09/11/2018 16:27,01/10/2026 11:14
東京,東日本共同発電株式会社,6065330508,東日本共同発電株式会社君津共同発電所,火力（ガス）,5号機,300000,計画停止,,,2018/10/31 05:40,あり,2018/11/03,運用停止,2018/10/31 06:22,added,outages_20261001_081325.csv,outages_20261001_111428.csv,31/10/2018 06:22,01/10/2026 11:14
東京,東日本共同発電株式会社,6065330508,東日本共同発電株式会社君津共同発電所,火力（ガス）,5号機,300000,計画外停止,,,2018/10/15 08:47,あり,2018/10/17,設備不具合,2018/10/17 00:08,added,outages_20261001_081325.csv,outages_20261001_111428.csv,17/10/2018 00:08,01/10/2026 11:14
東京,東日本共同発電株式会社,6065330508,東日本共同発電株式会社君津共同発電所,火力（ガス）,6号機,152900,計画外停止,,,2018/10/05 13:37,あり,2018/10/06,設備不具合,2018/10/06 20:00,added,outages_20261001_081325.csv,outages_20261001_111428.csv,06/10/2018 20:00,01/10/2026 11:14
東京,東日本共同発電株式会社,6065330508,東日本共同発電株式会社君津共同発電所,火力（ガス）,6号機,152900,計画停止,,,2018/10/04 10:39,あり,2018/10/05,,2018/10/04 10:41,added,outages_20261001_081325.csv,outages_20261001_111428.csv,04/10/2018 10:41,01/10/2026 11:14
東京,東日本共同発電株式会社,6065330508,東日本共同発電株式会社君津共同発電所,火力（ガス）,5号機,300000,計画停止,,,2018/10/03 05:59,あり,2018/10/06,運用停止,2018/10/03 06:08,added,outages_20261001_081325.csv,outages_20261001_111428.csv,03/10/2018 06:08,01/10/2026 11:14
東京,東日本共同発電株式会社,6065330508,東日本共同発電株式会社君津共同発電所,火力（ガス）,5号機,300000,計画外停止,,,2018/09/30 09:50,あり,2018/10/02,設備不具合,2018/10/02 08:41,added,outages_20261001_081325.csv,outages_20261001_111428.csv,02/10/2018 08:41,01/10/2026 11:14
東京,東日本共同発電株式会社,6065330508,東日本共同発電株式会社君津共同発電所,火力（ガス）,6号機,152900,計画外停止,,,2018/09/30 23:07,あり,2018/10/01,設備不具合,2018/09/30 23:36,added,outages_20261001_081325.csv,outages_20261001_111428.csv,30/09/2018 23:36,01/10/2026 11:14
東京,東日本共同発電株式会社,6065330508,東日本共同発電株式会社君津共同発電所,火力（ガス）,5号機,300000,計画停止,,,2018/08/12 18:24,あり,2018/09/29,定検停止,2018/09/21 11:20,added,outages_20261001_081325.csv,outages_20261001_111428.csv,21/09/2018 11:20,01/10/2026 11:14
東京,東日本共同発電株式会社,6065330508,東日本共同発電株式会社君津共同発電所,火力（ガス）,3号機,350000,計画停止,,,2018/07/21 09:04,あり,2018/08/05,運用停止,2018/08/04 23:35,added,outages_20261001_081325.csv,outages_20261001_111428.csv,04/08/2018 23:35,01/10/2026 11:14
東京,東日本共同発電株式会社,6065330508,東日本共同発電株式会社君津共同発電所,火力（ガス）,5号機,300000,計画外停止,,,2018/08/04 19:34,あり,2018/08/05,設備不具合,2018/08/04 23:34,added,outages_20261001_081325.csv,outages_20261001_111428.csv,04/08/2018 23:34,01/10/2026 11:14
東京,東日本共同発電株式会社,6065330508,東日本共同発電株式会社君津共同発電所,火力（ガス）,5号機,300000,計画外停止,,,2018/07/27 17:00,あり,2018/07/28,設備不具合,2018/07/28 10:02,added,outages_20261001_081325.csv,outages_20261001_111428.csv,28/07/2018 10:02,01/10/2026 11:14
東京,東日本共同発電株式会社,6065330508,東日本共同発電株式会社君津共同発電所,火力（ガス）,5号機,300000,計画停止,,,2018/07/19 06:03,あり,2018/07/21,運用停止,2018/07/19 06:05,added,outages_20261001_081325.csv,outages_20261001_111428.csv,19/07/2018 06:05,01/10/2026 11:14
東京,東日本共同発電株式会社,6065330508,東日本共同発電株式会社君津共同発電所,火力（ガス）,5号機,300000,計画停止,,,2018/07/11 06:09,あり,2018/07/13,運用停止,2018/07/11 06:19,added,outages_20261001_081325.csv,outages_20261001_111428.csv,11/07/2018 06:19,01/10/2026 11:14
東京,東日本共同発電株式会社,6065330508,東日本共同発電株式会社君津共同発電所,火力（ガス）,5号機,300000,計画停止,,,2018/07/09 07:07,あり,2018/07/10,運用停止,2018/07/09 07:17,added,outages_20261001_081325.csv,outages_20261001_111428.csv,09/07/2018 07:17,01/10/2026 11:14
東京,東日本共同発電株式会社,6065330508,東日本共同発電株式会社君津共同発電所,火力（ガス）,5号機,300000,計画外停止,,,2018/07/08 09:35,あり,2018/07/08,設備不具合,2018/07/08 09:36,added,outages_20261001_081325.csv,outages_20261001_111428.csv,08/07/2018 09:36,01/10/2026 11:14
東京,東日本共同発電株式会社,6065330508,東日本共同発電株式会社君津共同発電所,火力（ガス）,6号機,152900,計画停止,,,2018/06/30 06:50,あり,2018/07/02,運用停止,2018/06/30 06:52,added,outages_20261001_081325.csv,outages_20261001_111428.csv,30/06/2018 06:52,01/10/2026 11:14
東京,東日本共同発電株式会社,6065330508,東日本共同発電株式会社君津共同発電所,火力（ガス）,5号機,300000,計画停止,,,2018/06/16 11:55,あり,2018/06/17,運用停止,2018/06/16 12:45,added,outages_20261001_081325.csv,outages_20261001_111428.csv,16/06/2018 12:45,01/10/2026 11:14
東京,東日本共同発電株式会社,6065330508,東日本共同発電株式会社君津共同発電所,火力（ガス）,5号機,300000,計画停止,,,2018/06/13 06:04,あり,2018/06/15,運用停止,2018/06/13 06:10,added,outages_20261001_081325.csv,outages_20261001_111428.csv,13/06/2018 06:10,01/10/2026 11:14
東京,東日本共同発電株式会社,6065330508,東日本共同発電株式会社君津共同発電所,火力（ガス）,5号機,300000,計画停止,,,2018/06/07 06:07,あり,2018/06/10,運用停止,2018/06/09 23:57,added,outages_20261001_081325.csv,outages_20261001_111428.csv,09/06/2018 23:57,01/10/2026 11:14
東京,東日本共同発電株式会社,6065330508,東日本共同発電株式会社君津共同発電所,火力（ガス）,6号機,152900,計画停止,,,2018/04/10 18:03,あり,2018/06/05,定検停止,2018/06/01 23:40,added,outages_20261001_081325.csv,outages_20261001_111428.csv,01/06/2018 23:40,01/10/2026 11:14
東京,東日本共同発電株式会社,6065330508,東日本共同発電株式会社君津共同発電所,火力（ガス）,5号機,300000,計画停止,,,2018/05/08 05:47,あり,2018/05/10,運用停止,2018/05/08 06:05,added,outages_20261001_081325.csv,outages_20261001_111428.csv,08/05/2018 06:05,01/10/2026 11:14
東京,東日本共同発電株式会社,6065330508,東日本共同発電株式会社君津共同発電所,火力（ガス）,5号機,300000,計画外停止,,,2018/05/01 12:16,あり,2018/05/02,設備不具合,2018/05/01 13:01,added,outages_20261001_081325.csv,outages_20261001_111428.csv,01/05/2018 13:01,01/10/2026 11:14
東京,東日本共同発電株式会社,6065330508,東日本共同発電株式会社君津共同発電所,火力（ガス）,5号機,300000,計画停止,,,2018/04/23 12:21,あり,2018/04/23,運用停止,2018/04/23 13:44,added,outages_20261001_081325.csv,outages_20261001_111428.csv,23/04/2018 13:44,01/10/2026 11:14
東京,東日本共同発電株式会社,6065330508,東日本共同発電株式会社君津共同発電所,火力（ガス）,5号機,300000,計画停止,,,2018/04/19 05:58,あり,2018/04/23,運用停止,2018/04/23 09:10,added,outages_20261001_081325.csv,outages_20261001_111428.csv,23/04/2018 09:10,01/10/2026 11:14
東京,東日本共同発電株式会社,6065330508,東日本共同発電株式会社君津共同発電所,火力（ガス）,5号機,300000,計画外停止,,,2018/04/09 11:42,あり,2018/04/11,設備不具合,2018/04/10 07:26,added,outages_20261001_081325.csv,outages_20261001_111428.csv,10/04/2018 07:26,01/10/2026 11:14
東京,東日本共同発電株式会社,6065330508,東日本共同発電株式会社君津共同発電所,火力（ガス）,5号機,300000,計画停止,,,2018/04/03 05:45,あり,2018/04/04,運用停止,2018/04/03 08:28,added,outages_20261001_081325.csv,outages_20261001_111428.csv,03/04/2018 08:28,01/10/2026 11:14
東京,東日本共同発電株式会社,6065330508,東日本共同発電株式会社君津共同発電所,火力（ガス）,5号機,300000,計画停止,,,2018/03/24 05:59,あり,2018/03/26,運用停止,2018/03/25 02:52,added,outages_20261001_081325.csv,outages_20261001_111428.csv,25/03/2018 02:52,01/10/2026 11:14
東京,東日本共同発電株式会社,6065330508,東日本共同発電株式会社君津共同発電所,火力（ガス）,5号機,300000,計画外停止,,,2018/03/08 15:49,あり,2018/03/10,設備不具合,2018/03/08 16:05,added,outages_20261001_081325.csv,outages_20261001_111428.csv,08/03/2018 16:05,01/10/2026 11:14
東京,東日本共同発電株式会社,6065330508,東日本共同発電株式会社君津共同発電所,火力（ガス）,5号機,300000,計画外停止,,,2018/02/28 17:57,あり,2018/03/04,設備不具合,2018/03/03 11:24,added,outages_20261001_081325.csv,outages_20261001_111428.csv,03/03/2018 11:24,01/10/2026 11:14
東京,東日本共同発電株式会社,6065330508,東日本共同発電株式会社君津共同発電所,火力（ガス）,5号機,300000,計画停止,,,2018/02/23 05:40,あり,2018/02/24,運用停止,2018/02/23 05:48,added,outages_20261001_081325.csv,outages_20261001_111428.csv,23/02/2018 05:48,01/10/2026 11:14
東京,東日本共同発電株式会社,6065330508,東日本共同発電株式会社君津共同発電所,火力（ガス）,5号機,300000,計画停止,,,2018/02/20 05:55,あり,2018/02/22,運用停止,2018/02/20 08:39,added,outages_20261001_081325.csv,outages_20261001_111428.csv,20/02/2018 08:39,01/10/2026 11:14
東京,東日本共同発電株式会社,6065330508,東日本共同発電株式会社君津共同発電所,火力（ガス）,3号機,350000,計画停止,,,2018/02/03 19:14,あり,2018/04/04,定検停止,2018/02/19 21:37,added,outages_20261001_081325.csv,outages_20261001_111428.csv,19/02/2018 21:37,01/10/2026 11:14
東京,東日本共同発電株式会社,6065330508,東日本共同発電株式会社君津共同発電所,火力（ガス）,5号機,300000,計画停止,,,2018/02/09 16:55,あり,2018/02/11,運用停止,2018/02/09 18:13,added,outages_20261001_081325.csv,outages_20261001_111428.csv,09/02/2018 18:13,01/10/2026 11:14
東京,東日本共同発電株式会社,6065330508,東日本共同発電株式会社君津共同発電所,火力（ガス）,4号機,350000,計画停止,,,2016/09/01 06:00,あり,2019/03/31,定検,2016/09/01 04:12,added,outages_20261001_081325.csv,outages_20261001_111428.csv,01/09/2016 04:12,01/10/2026 11:14
東京,君津共同火力株式会社,6065330508,君津共同火力株式会社君津共同発電所,火力（ガス）,5号機,300000,出力低下,低下・燃料制約,190000,2026/09/29 03:30,あり,2026/09/29,燃料制約 最大抑制量:225000kW 最小抑制量:150000kW,2026/09/29 13:07,removed,outages_20261001_081325.csv,outages_20261001_111428.csv,01/10/2026 08:13,01/10/2026 11:14
東京,君津共同火力株式会社,6065330508,君津共同火力株式会社君津共同発電所,火力（ガス）,6号機,152900,計画外停止,停止・燃料制約,,2026/09/29 04:30,あり,2026/09/29,燃料制約,2026/09/29 13:06,removed,outages_20261001_081325.csv,outages_20261001_111428.csv,01/10/2026 08:13,01/10/2026 11:14
東京,株式会社扇島パワー,6149331758,扇島パワー,火力（ガス）,３,407100,計画停止,停止・その他,,2030/01/01 00:00,なし,,確認試験のため,2026/09/26 23:36,removed,outages_20261001_081325.csv,outages_20261001_111428.csv,01/10/2026 08:13,01/10/2026 11:14
東京,君津共同火力株式会社,6065330508,君津共同火力株式会社君津共同発電所,火力（ガス）,6号機,152900,計画停止,停止・燃料制約,,2026/09/25 23:30,あり,2026/09/26,燃料制約,2026/09/26 11:48,removed,outages_20261001_081325.csv,outages_20261001_111428.csv,01/10/2026 08:13,01/10/2026 11:14
東京,君津共同火力株式会社,6065330508,君津共同火力株式会社君津共同発電所,火力（ガス）,5号機,300000,計画停止,停止・燃料制約,,2026/09/21 07:00,あり,2026/09/26,燃料制約,2026/09/25 16:45,removed,outages_20261001_081325.csv,outages_20261001_111428.csv,01/10/2026 08:13,01/10/2026 11:14
北陸,北陸電力株式会社,51502,北陸電力 敦賀火力発電所,火力（石炭）,1号機,500000,計画停止,停止・定期検査等,,2026/10/16 22:00,あり,2026/10/19,AH水洗 当社管理番号:5935F260207,2026/09/24 18:49,removed,outages_20261001_081325.csv,outages_20261001_111428.csv,01/10/2026 08:13,01/10/2026 11:14
北陸,北陸電力株式会社,51502,北陸電力 敦賀火力発電所,火力（石炭）,1号機,500000,計画停止,停止・定期検査等,,2026/10/16 22:00,あり,2026/10/19,冬季ピーク前設備点検 当社管理番号:5935F260209,2026/09/24 18:48,removed,outages_20261001_081325.csv,outages_20261001_111428.csv,01/10/2026 08:13,01/10/2026 11:14
東京,君津共同火力株式会社,6065330508,君津共同火力株式会社君津共同発電所,火力（ガス）,6号機,152900,計画外停止,停止・燃料制約,,2026/09/20 17:10,あり,2026/09/24,燃料制約,2026/09/24 03:02,removed,outages_20261001_081325.csv,outages_20261001_111428.csv,01/10/2026 08:13,01/10/2026 11:14
東京,君津共同火力株式会社,6065330508,君津共同火力株式会社君津共同発電所,火力（ガス）,3号機,350000,出力低下,低下・燃料制約,150000,2026/09/21 15:00,あり,2026/09/22,燃料停止 抑制最大量　190000kW 抑制最大量　110000kW,2026/09/22 04:51,removed,outages_20261001_081325.csv,outages_20261001_111428.csv,01/10/2026 08:13,01/10/2026 11:14
東京,君津共同火力株式会社,6065330508,君津共同火力株式会社君津共同発電所,火力（ガス）,4号機,350000,出力低下,低下・燃料制約,300000,2026/09/21 22:00,あり,2026/09/22,燃料制約 抑制最大量　300000kW 抑制最小量　260000kW,2026/09/22 04:50,removed,outages_20261001_081325.csv,outages_20261001_111428.csv,01/10/2026 08:13,01/10/2026 11:14
東京,君津共同火力株式会社,6065330508,君津共同火力株式会社君津共同発電所,火力（ガス）,5号機,300000,出力低下,低下・燃料制約,150000,2026/09/20 17:00,あり,2026/09/21,燃料制約 抑制最大量　190000kW 抑制最小量　110000kW,2026/09/21 02:30,removed,outages_20261001_081325.csv,outages_20261001_111428.csv,01/10/2026 08:13,01/10/2026 11:14
東京,君津共同火力株式会社,6065330508,君津共同火力株式会社君津共同発電所,火力（ガス）,5号機,300000,計画外停止,停止・燃料制約,,2026/09/14 13:00,あり,2026/09/17,燃料制約,2026/09/16 05:20,removed,outages_20261001_081325.csv,outages_20261001_111428.csv,01/10/2026 08:13,01/10/2026 11:14
東京,君津共同火力株式会社,6065330508,君津共同火力株式会社君津共同発電所,火力（ガス）,6号機,152900,計画外停止,停止・燃料制約,,2026/09/12 20:30,あり,2026/09/16,運用停止,2026/09/16 05:19,removed,outages_20261001_081325.csv,outages_20261001_111428.csv,01/10/2026 08:13,01/10/2026 11:14
東京,君津共同火力株式会社,6065330508,君津共同火力株式会社君津共同発電所,火力（ガス）,5号機,300000,出力低下,低下・燃料制約,150000,2026/09/12 19:30,あり,2026/09/13,燃料制約 抑制最大量　190000kW 抑制最小量　110000kW,2026/09/13 06:26,removed,outages_20261001_081325.csv,outages_20261001_111428.csv,01/10/2026 08:13,01/10/2026 11:14
東京,君津共同火力株式会社,6065330508,君津共同火力株式会社君津共同発電所,火力（ガス）,5号機,300000,計画外停止,停止・燃料制約,,2026/09/07 07:00,あり,2026/09/08,燃料制約,2026/09/07 19:39,removed,outages_20261001_081325.csv,outages_20261001_111428.csv,01/10/2026 08:13,01/10/2026 11:14
東京,君津共同火力株式会社,6065330508,君津共同火力株式会社君津共同発電所,火力（ガス）,6号機,152900,計画外停止,停止・燃料制約,,2026/09/06 21:00,あり,2026/09/08,燃料制約,2026/09/07 19:36,removed,outages_20261001_081325.csv,outages_20261001_111428.csv,01/10/2026 08:13,01/10/2026 11:14
東京,君津共同火力株式会社,6065330508,君津共同火力株式会社君津共同発電所,火力（ガス）,5号機,300000,出力低下,低下・燃料制約,190000,2026/09/14 05:00,あり,2026/09/16,最大抑制量:225000kW 最小抑制量:150000kW,2026/09/04 14:16,removed,outages_20261001_081325.csv,outages_20261001_111428.csv,01/10/2026 08:13,01/10/2026 11:14
東京,君津共同火力株式会社,6065330508,君津共同火力株式会社君津共同発電所,火力（ガス）,5号機,300000,出力低下,低下・燃料制約,225000,2026/08/30 11:00,あり,2026/08/31,抑制最大量：225000kW 抑制最小量：185000kW,2026/08/31 02:26,removed,outages_20261001_081325.csv,outages_20261001_111428.csv,01/10/2026 08:13,01/10/2026 11:14
東京,君津共同火力株式会社,6065330508,君津共同火力株式会社君津共同発電所,火力（ガス）,6号機,152900,計画外停止,停止・燃料制約,,2026/08/30 12:00,あり,2026/08/31,燃料制約,2026/08/31 02:26,removed,outages_20261001_081325.csv,outages_20261001_111428.csv,01/10/2026 08:13,01/10/2026 11:14
東京,君津共同火力株式会社,6065330508,君津共同火力株式会社君津共同発電所,火力（ガス）,4号機,350000,計画停止,停止・定期検査等,,2026/09/23 05:00,あり,2026/10/03,定期点検,2026/08/28 16:42,removed,outages_20261001_081325.csv,outages_20261001_111428.csv,01/10/2026 08:13,01/10/2026 11:14
東京,君津共同火力株式会社,6065330508,君津共同火力株式会社君津共同発電所,火力（ガス）,6号機,152900,計画外停止,停止・燃料制約,,2026/08/25 05:30,あり,2026/08/28,燃料制約,2026/08/27 19:21,removed,outages_20261001_081325.csv,outages_20261001_111428.csv,01/10/2026 08:13,01/10/2026 11:14
東京,君津共同火力株式会社,6065330508,君津共同火力株式会社君津共同発電所,火力（ガス）,5号機,300000,出力低下,低下・燃料制約,190000,2026/08/25 04:30,あり,2026/08/28,抑制最大量：225000kW 抑制最小量：150000kW,2026/08/27 19:20,removed,outages_20261001_081325.csv,outages_20261001_111428.csv,01/10/2026 08:13,01/10/2026 11:14
東京,君津共同火力株式会社,6065330508,君津共同火力株式会社君津共同発電所,火力（ガス）,6号機,152900,計画外停止,停止・燃料制約,,2026/08/22 09:00,あり,2026/08/23,燃料制約,2026/08/22 18:27,removed,outages_20261001_081325.csv,outages_20261001_111428.csv,01/10/2026 08:13,01/10/2026 11:14
東京,君津共同火力株式会社,6065330508,君津共同火力株式会社君津共同発電所,火力（ガス）,5号機,300000,出力低下,低下・燃料制約,190000,2026/08/22 08:00,あり,2026/08/23,抑制最大量：225000 抑制最小量：150000,2026/08/22 18:27,removed,outages_20261001_081325.csv,outages_20261001_111428.csv,01/10/2026 08:13,01/10/2026 11:14
東京,君津共同火力株式会社,6065330508,君津共同火力株式会社君津共同発電所,火力（ガス）,6号機,152900,計画外停止,停止・燃料制約,,2026/08/21 06:00,あり,2026/08/22,燃料制約,2026/08/21 18:57,removed,outages_20261001_081325.csv,outages_20261001_111428.csv,01/10/2026 08:13,01/10/2026 11:14
東京,君津共同火力株式会社,6065330508,君津共同火力株式会社君津共同発電所,火力（ガス）,5号機,300000,出力低下,低下・燃料制約,180000,2026/08/21 05:00,あり,2026/08/21,抑制最大量：220000 抑制最小量：140000,2026/08/21 07:16,removed,outages_20261001_081325.csv,outages_20261001_111428.csv,01/10/2026 08:13,01/10/2026 11:14
東京,君津共同火力株式会社,6065330508,君津共同火力株式会社君津共同発電所,火力（ガス）,5号機,300000,計画停止,停止・設備故障,,2026/08/13 19:00,あり,2026/08/14,HRSG設備不具合,2026/08/14 10:52,removed,outages_20261001_081325.csv,outages_20261001_111428.csv,01/10/2026 08:13,01/10/2026 11:14
東京,君津共同火力株式会社,6065330508,君津共同火力株式会社君津共同発電所,火力（ガス）,5号機,300000,計画停止,停止・燃料制約,,2026/08/04 06:00,あり,2026/08/06,燃料制約,2026/08/03 17:52,removed,outages_20261001_081325.csv,outages_20261001_111428.csv,01/10/2026 08:13,01/10/2026 11:14
東京,君津共同火力株式会社,6065330508,君津共同火力株式会社君津共同発電所,火力（ガス）,5号機,300000,計画外停止,停止・燃料制約,,2026/07/31 16:00,あり,2026/08/01,燃料制約,2026/08/01 12:14,removed,outages_20261001_081325.csv,outages_20261001_111428.csv,01/10/2026 08:13,01/10/2026 11:14
東京,君津共同火力株式会社,6065330508,君津共同火力株式会社君津共同発電所,火力（ガス）,6号機,152900,計画停止,停止・燃料制約,,2026/07/28 06:00,あり,2026/08/01,燃料制約,2026/07/31 23:55,removed,outages_20261001_081325.csv,outages_20261001_111428.csv,01/10/2026 08:13,01/10/2026 11:14
東京,君津共同火力株式会社,6065330508,君津共同火力株式会社君津共同発電所,火力（ガス）,5号機,300000,出力低下,低下・燃料制約,225000,2026/07/28 05:00,あり,2026/07/31,最大抑制量:225000kW 最小抑制量:185000kW,2026/07/31 05:57,removed,outages_20261001_081325.csv,outages_20261001_111428.csv,01/10/2026 08:13,01/10/2026 11:14
東京,君津共同火力株式会社,6065330508,君津共同火力株式会社君津共同発電所,火力（ガス）,5号機,300000,計画外停止,停止・燃料制約,,2026/07/26 13:30,あり,2026/07/26,燃料制約,2026/07/26 17:33,removed,outages_20261001_081325.csv,outages_20261001_111428.csv,01/10/2026 08:13,01/10/2026 11:14
東京,君津共同火力株式会社,6065330508,君津共同火力株式会社君津共同発電所,火力（ガス）,6号機,152900,計画外停止,停止・燃料制約,,2026/07/26 13:30,あり,2026/07/27,燃料制約,2026/07/26 17:33,removed,outages_20261001_081325.csv,outages_20261001_111428.csv,01/10/2026 08:13,01/10/2026 11:14
東京,君津共同火力株式会社,6065330508,君津共同火力株式会社君津共同発電所,火力（ガス）,5号機,300000,出力低下,低下・燃料制約,225000,2026/07/15 04:00,あり,2026/07/16,最大抑制量：225000kW 最小抑制量：185000kW,2026/07/15 12:15,removed,outages_20261001_081325.csv,outages_20261001_111428.csv,01/10/2026 08:13,01/10/2026 11:14
東京,君津共同火力株式会社,6065330508,君津共同火力株式会社君津共同発電所,火力（ガス）,6号機,152900,計画外停止,停止・燃料制約,,2026/07/15 05:00,あり,2026/07/16,燃料制約,2026/07/15 12:14,removed,outages_20261001_081325.csv,outages_20261001_111428.csv,01/10/2026 08:13,01/10/2026 11:14
東京,君津共同火力株式会社,6065330508,君津共同火力株式会社君津共同発電所,火力（ガス）,5号機,300000,出力低下,低下・燃料制約,225000,2026/07/03 02:00,あり,2026/07/03,燃料制約 抑制最大量　225000ｋW 抑制最小量　185000ｋW,2026/07/03 05:30,removed,outages_20261001_081325.csv,outages_20261001_111428.csv,01/10/2026 08:13,01/10/2026 11:14
東京,君津共同火力株式会社,6065330508,君津共同火力株式会社君津共同発電所,火力（ガス）,6号機,152900,計画外停止,停止・燃料制約,,2026/07/03 03:00,あり,2026/07/03,燃料制約,2026/07/03 05:30,removed,outages_20261001_081325.csv,outages_20261001_111428.csv,01/10/2026 08:13,01/10/2026 11:14
東京,君津共同火力株式会社,6065330508,君津共同火力株式会社君津共同発電所,火力（ガス）,5号機,300000,計画停止,停止・燃料制約,,2026/07/08 05:00,あり,2026/07/09,燃料制約,2026/06/30 10:49,removed,outages_20261001_081325.csv,outages_20261001_111428.csv,01/10/2026 08:13,01/10/2026 11:14
東京,君津共同火力株式会社,6065330508,君津共同火力株式会社君津共同発電所,火力（ガス）,5号機,300000,出力低下,低下・燃料制約,225000,2026/06/26 05:00,あり,2026/06/28,最大抑制量:225000kW 最小抑制量:185000kW,2026/06/29 08:23,removed,outages_20261001_081325.csv,outages_20261001_111428.csv,01/10/2026 08:13,01/10/2026 11:14
東京,君津共同火力株式会社,6065330508,君津共同火力株式会社君津共同発電所,火力（ガス）,6号機,152900,計画停止,停止・定期検査等,,2026/06/09 01:00,あり,2026/06/29,定期点検,2026/06/29 08:04,removed,outages_20261001_081325.csv,outages_20261001_111428.csv,01/10/2026 08:13,01/10/2026 11:14
東京,君津共同火力株式会社,6065330508,君津共同火力株式会社君津共同発電所,火力（ガス）,5号機,300000,計画外停止,停止・燃料制約,,2026/06/27 15:53,あり,2026/06/28,燃料制約,2026/06/27 22:57,removed,outages_20261001_081325.csv,outages_20261001_111428.csv,01/10/2026 08:13,01/10/2026 11:14
東京,君津共同火力株式会社,6065330508,君津共同火力株式会社君津共同発電所,火力（ガス）,5号機,300000,計画停止,停止・設備故障,,2026/06/23 06:00,あり,2026/06/25,GT関連設備,2026/06/24 22:39,removed,outages_20261001_081325.csv,outages_20261001_111428.csv,01/10/2026 08:13,01/10/2026 11:14
東京,君津共同火力株式会社,6065330508,君津共同火力株式会社君津共同発電所,火力（ガス）,5号機,300000,出力低下,低下・燃料制約,190000,2026/06/18 05:00,あり,2026/06/19,最大抑制量:225000kW 最小抑制量:150000kW,2026/06/17 11:06,removed,outages_20261001_081325.csv,outages_20261001_111428.csv,01/10/2026 08:13,01/10/2026 11:14
東京,君津共同火力株式会社,6065330508,君津共同火力株式会社君津共同発電所,火力（ガス）,5号機,300000,出力低下,低下・燃料制約,190000,2026/06/15 05:00,あり,2026/06/15,最大抑制量:225000kW 最小抑制量:150000kW,2026/06/11 15:26,removed,outages_20261001_081325.csv,outages_20261001_111428.csv,01/10/2026 08:13,01/10/2026 11:14
東京,君津共同火力株式会社,6065330508,君津共同火力株式会社君津共同発電所,火力（ガス）,3号機,350000,計画停止,停止・定期検査等,,2026/04/01 05:00,あり,2026/06/08,定期点検,2026/06/06 16:12,removed,outages_20261001_081325.csv,outages_20261001_111428.csv,01/10/2026 08:13,01/10/2026 11:14
東京,君津共同火力株式会社,6065330508,君津共同火力株式会社君津共同発電所,火力（ガス）,5号機,300000,計画停止,停止・燃料制約,,2026/06/01 10:00,あり,2026/06/08,燃料制約,2026/06/05 09:35,removed,outages_20261001_081325.csv,outages_20261001_111428.csv,01/10/2026 08:13,01/10/2026 11:14
東京,君津共同火力株式会社,6065330508,君津共同火力株式会社君津共同発電所,火力（ガス）,6号機,152900,計画外停止,停止・燃料制約,,2026/06/03 06:00,あり,2026/06/04,燃料制約,2026/06/04 09:46,removed,outages_20261001_081325.csv,outages_20261001_111428.csv,01/10/2026 08:13,01/10/2026 11:14
東京,君津共同火力株式会社,6065330508,君津共同火力株式会社君津共同発電所,火力（ガス）,6号機,152900,計画外停止,停止・燃料制約,,2026/05/30 00:00,あり,2026/06/02,燃料制約,2026/06/01 18:20,removed,outages_20261001_081325.csv,outages_20261001_111428.csv,01/10/2026 08:13,01/10/2026 11:14
東京,君津共同火力株式会社,6065330508,君津共同火力株式会社君津共同発電所,火力（ガス）,5号機,300000,出力低下,低下・燃料制約,225000,2026/05/29 23:00,あり,2026/06/01,最大抑制量:225000kW 最小抑制量:185000kW,2026/06/01 03:09,removed,outages_20261001_081325.csv,outages_20261001_111428.csv,01/10/2026 08:13,01/10/2026 11:14
東京,君津共同火力株式会社,6065330508,君津共同火力株式会社君津共同発電所,火力（ガス）,5号機,300000,出力低下,低下・燃料制約,240000,2026/05/23 13:00,あり,2026/05/24,最大抑制量:240000kW 最小抑制量:200000kW,2026/05/26 17:19,removed,outages_20261001_081325.csv,outages_20261001_111428.csv,01/10/2026 08:13,01/10/2026 11:14
東京,君津共同火力株式会社,6065330508,君津共同火力株式会社君津共同発電所,火力（ガス）,5号機,300000,計画外停止,停止・燃料制約,,2026/05/23 21:19,あり,2026/05/24,燃料制約,2026/05/24 13:57,removed,outages_20261001_081325.csv,outages_20261001_111428.csv,01/10/2026 08:13,01/10/2026 11:14
東京,君津共同火力株式会社,6065330508,君津共同火力株式会社君津共同発電所,火力（ガス）,6号機,152900,計画外停止,停止・燃料制約,,2026/05/23 14:00,あり,2026/05/24,燃料制約,2026/05/24 04:12,removed,outages_20261001_081325.csv,outages_20261001_111428.csv,01/10/2026 08:13,01/10/2026 11:14
東京,君津共同火力株式会社,6065330508,君津共同火力株式会社君津共同発電所,火力（ガス）,6号機,152900,計画停止,停止・燃料制約,,2026/05/12 06:00,あり,2026/05/16,運用停止,2026/05/15 13:23,removed,outages_20261001_081325.csv,outages_20261001_111428.csv,01/10/2026 08:13,01/10/2026 11:14
東京,君津共同火力株式会社,6065330508,君津共同火力株式会社君津共同発電所,火力（ガス）,5号機,300000,出力低下,低下・燃料制約,190000,2026/05/12 05:00,あり,2026/05/16,最大抑制量:225000kW 最小抑制量:150000kW,2026/05/15 13:22,removed,outages_20261001_081325.csv,outages_20261001_111428.csv,01/10/2026 08:13,01/10/2026 11:14
東京,君津共同火力株式会社,6065330508,君津共同火力株式会社君津共同発電所,火力（ガス）,6号機,152900,計画停止,停止・燃料制約,,2026/05/08 08:00,あり,2026/05/08,運用停止,2026/05/07 18:08,removed,outages_20261001_081325.csv,outages_20261001_111428.csv,01/10/2026 08:13,01/10/2026 11:14
東京,君津共同火力株式会社,6065330508,君津共同火力株式会社君津共同発電所,火力（ガス）,6号機,152900,計画外停止,停止・燃料制約,,2026/05/01 06:15,あり,2026/05/01,燃料制約,2026/05/01 05:39,removed,outages_20261001_081325.csv,outages_20261001_111428.csv,01/10/2026 08:13,01/10/2026 11:14
東京,君津共同火力株式会社,6065330508,君津共同火力株式会社君津共同発電所,火力（ガス）,6号機,152900,計画停止,停止・燃料制約,,2026/04/28 06:00,あり,2026/04/28,運用停止,2026/04/28 00:22,removed,outages_20261001_081325.csv,outages_20261001_111428.csv,01/10/2026 08:13,01/10/2026 11:14
東京,君津共同火力株式会社,6065330508,君津共同火力株式会社君津共同発電所,火力（ガス）,5号機,300000,計画停止,停止・燃料制約,,2026/04/19 06:00,あり,2026/04/23,燃料制約,2026/04/21 19:37,removed,outages_20261001_081325.csv,outages_20261001_111428.csv,01/10/2026 08:13,01/10/2026 11:14
東京,君津共同火力株式会社,6065330508,君津共同火力株式会社君津共同発電所,火力（ガス）,6号機,152900,計画停止,停止・燃料制約,,2026/04/18 07:00,あり,2026/04/18,運用停止,2026/04/17 18:39,removed,outages_20261001_081325.csv,outages_20261001_111428.csv,01/10/2026 08:13,01/10/2026 11:14
東京,君津共同火力株式会社,6065330508,君津共同火力株式会社君津共同発電所,火力（ガス）,6号機,152900,計画停止,停止・燃料制約,,2026/04/11 06:00,あり,2026/04/12,運用停止,2026/04/11 15:22,removed,outages_20261001_081325.csv,outages_20261001_111428.csv,01/10/2026 08:13,01/10/2026 11:14
東京,君津共同火力株式会社,6065330508,君津共同火力株式会社君津共同発電所,火力（ガス）,5号機,300000,出力低下,低下・燃料制約,225000,2026/04/11 05:00,あり,2026/04/11,最大抑制量：225000kW 最小抑制量：185000kW,2026/04/10 18:05,removed,outages_20261001_081325.csv,outages_20261001_111428.csv,01/10/2026 08:13,01/10/2026 11:14
東京,君津共同火力株式会社,6065330508,君津共同火力株式会社君津共同発電所,火力（ガス）,5号機,300000,出力低下,低下・燃料制約,190000,2026/04/07 22:00,あり,2026/04/08,最大抑制量:225000kW 最小抑制量:150000kW,2026/04/08 01:55,removed,outages_20261001_081325.csv,outages_20261001_111428.csv,01/10/2026 08:13,01/10/2026 11:14
東京,君津共同火力株式会社,6065330508,君津共同火力株式会社君津共同発電所,火力（ガス）,6号機,152900,計画外停止,停止・燃料制約,,2026/04/07 23:00,あり,2026/04/08,燃料制約,2026/04/08 01:54,removed,outages_20261001_081325.csv,outages_20261001_111428.csv,01/10/2026 08:13,01/10/2026 11:14
東京,君津共同火力株式会社,6065330508,君津共同火力株式会社君津共同発電所,火力（ガス）,6号機,152900,計画外停止,停止・設備故障,,2026/04/01 06:00,あり,2026/04/05,設備故障,2026/04/04 21:21,removed,outages_20261001_081325.csv,outages_20261001_111428.csv,01/10/2026 08:13,01/10/2026 11:14
東京,君津共同火力株式会社,6065330508,君津共同火力株式会社君津共同発電所,火力（ガス）,5号機,300000,計画停止,停止・燃料制約,,2026/04/03 06:00,あり,2026/04/05,燃料制約,2026/03/26 17:20,removed,outages_20261001_081325.csv,outages_20261001_111428.csv,01/10/2026 08:13,01/10/2026 11:14
東京,君津共同火力株式会社,6065330508,君津共同火力株式会社君津共同発電所,火力（ガス）,5号機,300000,出力低下,低下・燃料制約,190000,2026/04/01 05:00,あり,2026/04/03,最大抑制量:225000kW 最小抑制量:150000kW,2026/03/26 17:17,removed,outages_20261001_081325.csv,outages_20261001_111428.csv,01/10/2026 08:13,01/10/2026 11:14
東京,君津共同火力株式会社,6065330508,君津共同火力株式会社君津共同発電所,火力（ガス）,4号機,350000,出力低下,低下・送電線等制約,130000,2026/03/17 02:00,あり,2026/03/22,最大抑制量：130000kW 最小抑制量：130000kW,2026/03/21 10:31,removed,outages_20261001_081325.csv,outages_20261001_111428.csv,01/10/2026 08:13,01/10/2026 11:14
東京,君津共同火力株式会社,6065330508,君津共同火力株式会社君津共同発電所,火力（ガス）,6号機,152900,計画外停止,停止・燃料制約,,2026/03/21 08:00,あり,2026/03/21,燃料制約,2026/03/21 05:15,removed,outages_20261001_081325.csv,outages_20261001_111428.csv,01/10/2026 08:13,01/10/2026 11:14
東京,君津共同火力株式会社,6065330508,君津共同火力株式会社君津共同発電所,火力（ガス）,6号機,152900,計画外停止,停止・燃料制約,,2026/03/16 02:15,あり,2026/03/16,運用停止,2026/03/16 02:37,removed,outages_20261001_081325.csv,outages_20261001_111428.csv,01/10/2026 08:13,01/10/2026 11:14
東京,君津共同火力株式会社,6065330508,君津共同火力株式会社君津共同発電所,火力（ガス）,6号機,152900,計画停止,停止・燃料制約,,2026/03/09 05:00,あり,2026/03/11,燃料制約,2026/03/11 03:08,removed,outages_20261001_081325.csv,outages_20261001_111428.csv,01/10/2026 08:13,01/10/2026 11:14
東京,君津共同火力株式会社,6065330508,君津共同火力株式会社君津共同発電所,火力（ガス）,5号機,300000,出力低下,低下・燃料制約,190000,2026/03/09 04:00,あり,2026/03/11,最大抑制量:225000kW 最小抑制量:150000kW,2026/03/11 03:07,removed,outages_20261001_081325.csv,outages_20261001_111428.csv,01/10/2026 08:13,01/10/2026 11:14
東京,君津共同火力株式会社,6065330508,君津共同火力株式会社君津共同発電所,火力（ガス）,6号機,152900,計画停止,停止・燃料制約,,2026/03/23 06:00,あり,2026/03/25,燃料制約,2026/03/03 17:35,removed,outages_20261001_081325.csv,outages_20261001_111428.csv,01/10/2026 08:13,01/10/2026 11:14
東京,君津共同火力株式会社,6065330508,君津共同火力株式会社君津共同発電所,火力（ガス）,5号機,300000,出力低下,低下・燃料制約,225000,2026/03/23 05:00,あり,2026/03/25,最大抑制量:225000kW 最小抑制量:185000kW,2026/03/03 17:34,removed,outages_20261001_081325.csv,outages_20261001_111428.csv,01/10/2026 08:13,01/10/2026 11:14
東京,君津共同火力株式会社,6065330508,君津共同火力株式会社君津共同発電所,火力（ガス）,5号機,300000,出力低下,低下・燃料制約,225000,2026/03/02 07:00,あり,2026/03/02,最大抑制量：225000KW 最小抑制量：185000KW,2026/03/01 16:41,removed,outages_20261001_081325.csv,outages_20261001_111428.csv,01/10/2026 08:13,01/10/2026 11:14
東京,君津共同火力株式会社,6065330508,君津共同火力株式会社君津共同発電所,火力（ガス）,6号機,152900,計画停止,停止・燃料制約,,2026/03/02 08:00,あり,2026/03/03,運用停止,2026/03/01 16:31,removed,outages_20261001_081325.csv,outages_20261001_111428.csv,01/10/2026 08:13,01/10/2026 11:14
東京,君津共同火力株式会社,6065330508,君津共同火力株式会社君津共同発電所,火力（ガス）,6号機,152900,計画停止,停止・燃料制約,,2026/02/28 06:00,あり,2026/02/28,運用停止,2026/02/28 22:00,removed,outages_20261001_081325.csv,outages_20261001_111428.csv,01/10/2026 08:13,01/10/2026 11:14
東京,君津共同火力株式会社,6065330508,君津共同火力株式会社君津共同発電所,火力（ガス）,5号機,300000,出力低下,低下・燃料制約,225000,2026/02/28 05:00,あり,2026/02/28,最大抑制量：225000kW 最小抑制量：185000kW,2026/02/27 22:40,removed,outages_20261001_081325.csv,outages_20261001_111428.csv,01/10/2026 08:13,01/10/2026 11:14
東京,君津共同火力株式会社,6065330508,君津共同火力株式会社君津共同発電所,火力（ガス）,6号機,152900,計画停止,停止・燃料制約,,2026/02/23 07:00,あり,2026/02/24,燃料制約,2026/02/24 01:29,removed,outages_20261001_081325.csv,outages_20261001_111428.csv,01/10/2026 08:13,01/10/2026 11:14
東京,君津共同火力株式会社,6065330508,君津共同火力株式会社君津共同発電所,火力（ガス）,5号機,300000,出力低下,低下・燃料制約,225000,2026/02/23 07:00,あり,2026/02/23,最大抑制量 : 225000kW 最小抑制量 : 185000kW,2026/02/23 02:50,removed,outages_20261001_081325.csv,outages_20261001_111428.csv,01/10/2026 08:13,01/10/2026 11:14
東京,君津共同火力株式会社,6065330508,君津共同火力株式会社君津共同発電所,火力（ガス）,6号機,152900,計画停止,停止・燃料制約,,2026/02/18 07:00,あり,2026/02/18,運用停止,2026/02/16 18:27,removed,outages_20261001_081325.csv,outages_20261001_111428.csv,01/10/2026 08:13,01/10/2026 11:14
東京,君津共同火力株式会社,6065330508,君津共同火力株式会社君津共同発電所,火力（ガス）,5号機,300000,出力低下,低下・燃料制約,225000,2026/02/18 06:00,あり,2026/02/18,燃料制約 最大抑制量：225000kW 最小抑制量：185000kW,2026/02/16 18:25,removed,outages_20261001_081325.csv,outages_20261001_111428.csv,01/10/2026 08:13,01/10/2026 11:14
東京,君津共同火力株式会社,6065330508,君津共同火力株式会社君津共同発電所,火力（ガス）,6号機,152900,計画外停止,停止・燃料制約,,2026/02/12 09:00,あり,2026/02/13,運用停止,2026/02/12 09:45,removed,outages_20261001_081325.csv,outages_20261001_111428.csv,01/10/2026 08:13,01/10/2026 11:14
東京,君津共同火力株式会社,6065330508,君津共同火力株式会社君津共同発電所,火力（ガス）,5号機,300000,出力低下,低下・燃料制約,180000,2026/02/12 08:00,あり,2026/02/12,燃料制約 最大抑制量：220000kW 最小抑制量：140000kW,2026/02/12 08:09,removed,outages_20261001_081325.csv,outages_20261001_111428.csv,01/10/2026 08:13,01/10/2026 11:14
東京,君津共同火力株式会社,6065330508,君津共同火力株式会社君津共同発電所,火力（ガス）,6号機,152900,計画停止,停止・燃料制約,,2026/02/05 05:00,あり,2026/02/06,運用停止,2026/02/04 21:11,removed,outages_20261001_081325.csv,outages_20261001_111428.csv,01/10/2026 08:13,01/10/2026 11:14
東京,君津共同火力株式会社,6065330508,君津共同火力株式会社君津共同発電所,火力（ガス）,5号機,300000,出力低下,低下・燃料制約,190000,2026/02/05 04:00,あり,2026/02/06,最大抑制量:225000kW 最小抑制量：150000kW,2026/02/04 21:10,removed,outages_20261001_081325.csv,outages_20261001_111428.csv,01/10/2026 08:13,01/10/2026 11:14
東京,君津共同火力株式会社,6065330508,君津共同火力株式会社君津共同発電所,火力（ガス）,6号機,152900,計画停止,停止・燃料制約,,2026/02/09 06:00,あり,2026/02/11,運用停止,2026/01/27 16:05,removed,outages_20261001_081325.csv,outages_20261001_111428.csv,01/10/2026 08:13,01/10/2026 11:14
東京,君津共同火力株式会社,6065330508,君津共同火力株式会社君津共同発電所,火力（ガス）,5号機,300000,出力低下,低下・燃料制約,225000,2026/02/09 05:00,あり,2026/02/11,最大抑制量:225000kW 最小抑制量:185000kW,2026/01/27 16:04,removed,outages_20261001_081325.csv,outages_20261001_111428.csv,01/10/2026 08:13,01/10/2026 11:14
東京,君津共同火力株式会社,6065330508,君津共同火力株式会社君津共同発電所,火力（ガス）,5号機,300000,計画停止,停止・定期検査等,,2026/01/05 02:00,あり,2026/01/30,定期点検,2026/01/21 16:57,removed,outages_20261001_081325.csv,outages_20261001_111428.csv,01/10/2026 08:13,01/10/2026 11:14
東京,君津共同火力株式会社,6065330508,君津共同火力株式会社君津共同発電所,火力（ガス）,5号機,300000,計画外停止,停止・燃料制約,,2025/12/20 01:00,あり,2025/12/23,停止・燃料制約,2025/12/22 19:22,removed,outages_20261001_081325.csv,outages_20261001_111428.csv,01/10/2026 08:13,01/10/2026 11:14
東京,君津共同火力株式会社,6065330508,君津共同火力株式会社君津共同発電所,火力（ガス）,6号機,152900,計画停止,停止・燃料制約,,2025/12/19 06:00,あり,2025/12/21,運用停止,2025/12/21 10:11,removed,outages_20261001_081325.csv,outages_20261001_111428.csv,01/10/2026 08:13,01/10/2026 11:14
東京,君津共同火力株式会社,6065330508,君津共同火力株式会社君津共同発電所,火力（ガス）,5号機,300000,出力低下,低下・設備故障,150000,2025/12/18 08:00,あり,2025/12/18,最大抑制量：240000 最小抑制量：160000,2025/12/18 17:45,removed,outages_20261001_081325.csv,outages_20261001_111428.csv,01/10/2026 08:13,01/10/2026 11:14
東京,君津共同火力株式会社,6065330508,君津共同火力株式会社君津共同発電所,火力（ガス）,6号機,152900,計画停止,停止・燃料制約,,2025/12/26 06:00,あり,2025/12/27,運用停止,2025/12/18 13:41,removed,outages_20261001_081325.csv,outages_20261001_111428.csv,01/10/2026 08:13,01/10/2026 11:14
東京,君津共同火力株式会社,6065330508,君津共同火力株式会社君津共同発電所,火力（ガス）,5号機,300000,出力低下,低下・燃料制約,225000,2025/12/26 05:00,あり,2025/12/27,最大抑制量:225000kW 最小抑制量:185000kW,2025/12/18 13:41,removed,outages_20261001_081325.csv,outages_20261001_111428.csv,01/10/2026 08:13,01/10/2026 11:14
東京,君津共同火力株式会社,6065330508,君津共同火力株式会社君津共同発電所,火力（ガス）,5号機,300000,出力低下,低下・燃料制約,190000,2025/12/19 05:00,あり,2025/12/21,最大抑制量:225000kW 最小抑制量:150000kW,2025/12/18 13:39,removed,outages_20261001_081325.csv,outages_20261001_111428.csv,01/10/2026 08:13,01/10/2026 11:14
東京,君津共同火力株式会社,6065330508,君津共同火力株式会社君津共同発電所,火力（ガス）,5号機,300000,出力低下,低下・燃料制約,190000,2025/12/17 13:45,あり,2025/12/17,最大抑制量:225000KW 最小抑制量:150000KW,2025/12/17 13:45,removed,outages_20261001_081325.csv,outages_20261001_111428.csv,01/10/2026 08:13,01/10/2026 11:14
東京,君津共同火力株式会社,6065330508,君津共同火力株式会社君津共同発電所,火力（ガス）,6号機,152900,計画外停止,停止・燃料制約,,2025/12/17 14:30,あり,2025/12/18,運用停止,2025/12/17 13:42,removed,outages_20261001_081325.csv,outages_20261001_111428.csv,01/10/2026 08:13,01/10/2026 11:14
東京,君津共同火力株式会社,6065330508,君津共同火力株式会社君津共同発電所,火力（ガス）,4号機,350000,計画停止,停止・定期検査等,,2025/09/16 06:00,あり,2025/12/17,定検停止,2025/12/15 13:47,removed,outages_20261001_081325.csv,outages_20261001_111428.csv,01/10/2026 08:13,01/10/2026 11:14
東京,君津共同火力株式会社,6065330508,君津共同火力株式会社君津共同発電所,火力（ガス）,5号機,300000,計画外停止,停止・設備故障,,2025/12/12 06:47,あり,2025/12/13,設備不具合,2025/12/13 14:41,removed,outages_20261001_081325.csv,outages_20261001_111428.csv,01/10/2026 08:13,01/10/2026 11:14
東京,君津共同火力株式会社,6065330508,君津共同火力株式会社君津共同発電所,火力（ガス）,6号機,152900,計画外停止,停止・燃料制約,,2025/12/11 18:00,あり,2025/12/12,燃料制約,2025/12/11 14:26,removed,outages_20261001_081325.csv,outages_20261001_111428.csv,01/10/2026 08:13,01/10/2026 11:14
東京,君津共同火力株式会社,6065330508,君津共同火力株式会社君津共同発電所,火力（ガス）,6号機,152900,計画外停止,停止・燃料制約,,2025/12/06 06:15,あり,2025/12/06,燃料制約,2025/12/06 09:21,removed,outages_20261001_081325.csv,outages_20261001_111428.csv,01/10/2026 08:13,01/10/2026 11:14
東京,君津共同火力株式会社,6065330508,君津共同火力株式会社君津共同発電所,火力（ガス）,5号機,300000,出力低下,低下・燃料制約,190000,2025/12/09 13:00,あり,2025/12/10,最大抑制量:225000kW 最小抑制量:150000kW,2025/12/05 18:05,removed,outages_20261001_081325.csv,outages_20261001_111428.csv,01/10/2026 08:13,01/10/2026 11:14
東京,君津共同火力株式会社,6065330508,君津共同火力株式会社君津共同発電所,火力（ガス）,6号機,152900,計画外停止,停止・燃料制約,,2025/12/05 08:30,あり,2025/12/05,燃料制約,2025/12/05 15:41,removed,outages_20261001_081325.csv,outages_20261001_111428.csv,01/10/2026 08:13,01/10/2026 11:14
東京,君津共同火力株式会社,6065330508,君津共同火力株式会社君津共同発電所,火力（ガス）,6号機,152900,計画停止,停止・燃料制約,,2025/12/08 06:00,あり,2025/12/11,運用停止,2025/11/28 16:27,removed,outages_20261001_081325.csv,outages_20261001_111428.csv,01/10/2026 08:13,01/10/2026 11:14
東京,君津共同火力株式会社,6065330508,君津共同火力株式会社君津共同発電所,火力（ガス）,5号機,300000,計画停止,停止・燃料制約,,2025/12/04 04:00,あり,2025/12/07,運用停止,2025/11/28 16:23,removed,outages_20261001_081325.csv,outages_20261001_111428.csv,01/10/2026 08:13,01/10/2026 11:14
東京,君津共同火力株式会社,6065330508,君津共同火力株式会社君津共同発電所,火力（ガス）,6号機,152900,計画停止,停止・燃料制約,,2025/11/22 02:00,あり,2025/11/24,運用停止,2025/11/23 19:18,removed,outages_20261001_081325.csv,outages_20261001_111428.csv,01/10/2026 08:13,01/10/2026 11:14
東京,君津共同火力株式会社,6065330508,君津共同火力株式会社君津共同発電所,火力（ガス）,6号機,152900,計画停止,停止・燃料制約,,2025/11/17 06:00,あり,2025/11/19,運用停止,2025/11/18 21:31,removed,outages_20261001_081325.csv,outages_20261001_111428.csv,01/10/2026 08:13,01/10/2026 11:14
東京,君津共同火力株式会社,6065330508,君津共同火力株式会社君津共同発電所,火力（ガス）,5号機,300000,出力低下,低下・燃料制約,225000,2025/11/17 05:00,あり,2025/11/19,最大抑制量：225000KW 最小抑制量：185000KW,2025/11/18 21:30,removed,outages_20261001_081325.csv,outages_20261001_111428.csv,01/10/2026 08:13,01/10/2026 11:14
東京,君津共同火力株式会社,6065330508,君津共同火力株式会社君津共同発電所,火力（ガス）,6号機,152900,計画外停止,停止・燃料制約,,2025/11/08 13:20,あり,2025/11/08,運用停止,2025/11/08 15:33,removed,outages_20261001_081325.csv,outages_20261001_111428.csv,01/10/2026 08:13,01/10/2026 11:14
東京,君津共同火力株式会社,6065330508,君津共同火力株式会社君津共同発電所,火力（ガス）,6号機,152900,計画停止,停止・燃料制約,,2025/11/05 10:00,あり,2025/11/07,運用停止,2025/11/07 11:39,removed,outages_20261001_081325.csv,outages_20261001_111428.csv,01/10/2026 08:13,01/10/2026 11:14
東京,君津共同火力株式会社,6065330508,君津共同火力株式会社君津共同発電所,火力（ガス）,5号機,300000,出力低下,低下・燃料制約,225000,2025/11/05 09:00,あり,2025/11/07,最大抑制量:225000KW 最小抑制量:185000kW,2025/11/07 11:39,removed,outages_20261001_081325.csv,outages_20261001_111428.csv,01/10/2026 08:13,01/10/2026 11:14
東京,君津共同火力株式会社,6065330508,君津共同火力株式会社君津共同発電所,火力（ガス）,5号機,300000,出力低下,低下・燃料制約,225000,2025/10/31 11:00,あり,2025/11/02,燃料制約 抑制最大量 225000kW 抑制最小量 185000kW,2025/11/01 21:18,removed,outages_20261001_081325.csv,outages_20261001_111428.csv,01/10/2026 08:13,01/10/2026 11:14
東京,君津共同火力株式会社,6065330508,君津共同火力株式会社君津共同発電所,火力（ガス）,6号機,152900,計画停止,停止・燃料制約,,2025/10/31 12:00,あり,2025/11/02,運用停止,2025/11/01 21:18,removed,outages_20261001_081325.csv,outages_20261001_111428.csv,01/10/2026 08:13,01/10/2026 11:14
東京,君津共同火力株式会社,6065330508,君津共同火力株式会社君津共同発電所,火力（ガス）,6号機,152900,計画停止,停止・燃料制約,,2025/11/19 06:00,あり,2025/11/21,運用停止,2025/10/31 16:09,removed,outages_20261001_081325.csv,outages_20261001_111428.csv,01/10/2026 08:13,01/10/2026 11:14
東京,君津共同火力株式会社,6065330508,君津共同火力株式会社君津共同発電所,火力（ガス）,5号機,300000,出力低下,低下・燃料制約,190000,2025/11/19 05:00,あり,2025/11/21,最大抑制量:225000kW 最小抑制量;150000kW,2025/10/31 16:08,removed,outages_20261001_081325.csv,outages_20261001_111428.csv,01/10/2026 08:13,01/10/2026 11:14
東京,君津共同火力株式会社,6065330508,君津共同火力株式会社君津共同発電所,火力（ガス）,6号機,152900,計画外停止,停止・設備故障,,2025/10/17 05:00,あり,2025/10/21,設備不具合,2025/10/21 10:39,removed,outages_20261001_081325.csv,outages_20261001_111428.csv,01/10/2026 08:13,01/10/2026 11:14
東京,君津共同火力株式会社,6065330508,君津共同火力株式会社君津共同発電所,火力（ガス）,6号機,152900,計画停止,停止・燃料制約,,2025/10/22 06:00,あり,2025/10/23,運用停止,2025/10/16 14:59,removed,outages_20261001_081325.csv,outages_20261001_111428.csv,01/10/2026 08:13,01/10/2026 11:14
東京,君津共同火力株式会社,6065330508,君津共同火力株式会社君津共同発電所,火力（ガス）,5号機,300000,出力低下,低下・燃料制約,225000,2025/10/22 05:00,あり,2025/10/23,最大抑制量:225000kW 最小抑制量:185000kW,2025/10/16 14:58,removed,outages_20261001_081325.csv,outages_20261001_111428.csv,01/10/2026 08:13,01/10/2026 11:14
東京,君津共同火力株式会社,6065330508,君津共同火力株式会社君津共同発電所,火力（ガス）,6号機,152900,計画外停止,停止・燃料制約,,2025/10/14 03:10,あり,2025/10/14,燃料制約,2025/10/14 10:01,removed,outages_20261001_081325.csv,outages_20261001_111428.csv,01/10/2026 08:13,01/10/2026 11:14
東京,君津共同火力株式会社,6065330508,君津共同火力株式会社君津共同発電所,火力（ガス）,6号機,152900,計画停止,停止・燃料制約,,2025/10/06 05:00,あり,2025/10/07,運用停止,2025/10/06 00:38,removed,outages_20261001_081325.csv,outages_20261001_111428.csv,01/10/2026 08:13,01/10/2026 11:14
東京,君津共同火力株式会社,6065330508,君津共同火力株式会社君津共同発電所,火力（ガス）,5号機,300000,出力低下,低下・燃料制約,225000,2025/10/06 04:00,あり,2025/10/07,最大抑制量:225000kW 最小抑制量:185000kW,2025/10/06 00:37,removed,outages_20261001_081325.csv,outages_20261001_111428.csv,01/10/2026 08:13,01/10/2026 11:14
東京,君津共同火力株式会社,6065330508,君津共同火力株式会社君津共同発電所,火力（ガス）,5号機,300000,出力低下,低下・燃料制約,190000,2025/10/17 05:00,あり,2025/10/20,最大抑制量:225000kW 最小抑制量:150000kW,2025/09/30 17:00,removed,outages_20261001_081325.csv,outages_20261001_111428.csv,01/10/2026 08:13,01/10/2026 11:14
東京,君津共同火力株式会社,6065330508,君津共同火力株式会社君津共同発電所,火力（ガス）,5号機,300000,出力低下,低下・燃料制約,200000,2025/09/25 04:00,あり,2025/09/25,最大抑制量:225000kW 最小抑制量:160000kW,2025/09/24 19:52,removed,outages_20261001_081325.csv,outages_20261001_111428.csv,01/10/2026 08:13,01/10/2026 11:14
東京,君津共同火力株式会社,6065330508,君津共同火力株式会社君津共同発電所,火力（ガス）,6号機,152900,計画停止,停止・燃料制約,,2025/09/25 05:00,あり,2025/09/26,運用停止,2025/09/24 19:44,removed,outages_20261001_081325.csv,outages_20261001_111428.csv,01/10/2026 08:13,01/10/2026 11:14
東京,君津共同火力株式会社,6065330508,君津共同火力株式会社君津共同発電所,火力（ガス）,6号機,152900,計画外停止,停止・燃料制約,,2025/09/24 10:00,あり,2025/09/24,燃料制約,2025/09/24 07:48,removed,outages_20261001_081325.csv,outages_20261001_111428.csv,01/10/2026 08:13,01/10/2026 11:14
東京,君津共同火力株式会社,6065330508,君津共同火力株式会社君津共同発電所,火力（ガス）,5号機,300000,計画外停止,停止・燃料制約,,2025/09/14 06:00,あり,2025/09/15,燃料制約,2025/09/14 18:39,removed,outages_20261001_081325.csv,outages_20261001_111428.csv,01/10/2026 08:13,01/10/2026 11:14
東京,君津共同火力株式会社,6065330508,君津共同火力株式会社君津共同発電所,火力（ガス）,6号機,152900,計画外停止,停止・燃料制約,,2025/09/14 03:00,あり,2025/09/14,燃料制約,2025/09/14 00:55,removed,outages_20261001_081325.csv,outages_20261001_111428.csv,01/10/2026 08:13,01/10/2026 11:14
東京,君津共同火力株式会社,6065330508,君津共同火力株式会社君津共同発電所,火力（ガス）,3号機,350000,出力低下,低下・設備故障,120000,2025/09/07 03:34,あり,2025/09/09,設備不具合 最大抑制量:160000kW 最小抑制量:80000kW,2025/09/09 01:06,removed,outages_20261001_081325.csv,outages_20261001_111428.csv,01/10/2026 08:13,01/10/2026 11:14
東京,君津共同火力株式会社,6065330508,君津共同火力株式会社君津共同発電所,火力（ガス）,6号機,152900,計画外停止,停止・燃料制約,,2025/09/08 16:30,あり,2025/09/09,燃料制約,2025/09/08 14:07,removed,outages_20261001_081325.csv,outages_20261001_111428.csv,01/10/2026 08:13,01/10/2026 11:14
東京,君津共同火力株式会社,6065330508,君津共同火力株式会社君津共同発電所,火力（ガス）,6号機,152900,計画停止,停止・燃料制約,,2025/09/05 06:00,あり,2025/09/06,運用停止,2025/09/06 07:45,removed,outages_20261001_081325.csv,outages_20261001_111428.csv,01/10/2026 08:13,01/10/2026 11:14
東京,君津共同火力株式会社,6065330508,君津共同火力株式会社君津共同発電所,火力（ガス）,5号機,300000,計画外停止,停止・燃料制約,,2025/09/05 14:00,あり,2025/09/07,燃料制約,2025/09/06 07:45,removed,outages_20261001_081325.csv,outages_20261001_111428.csv,01/10/2026 08:13,01/10/2026 11:14
東京,君津共同火力株式会社,6065330508,君津共同火力株式会社君津共同発電所,火力（ガス）,5号機,300000,出力低下,低下・燃料制約,190000,2025/09/05 05:00,あり,2025/09/06,最大抑制量:225000kW 最小抑制量:150000kW,2025/09/04 05:11,removed,outages_20261001_081325.csv,outages_20261001_111428.csv,01/10/2026 08:13,01/10/2026 11:14
東京,君津共同火力株式会社,6065330508,君津共同火力株式会社君津共同発電所,火力（ガス）,5号機,300000,計画外停止,停止・燃料制約,,2025/08/26 07:30,あり,2025/09/01,燃料制約,2025/08/31 18:06,removed,outages_20261001_081325.csv,outages_20261001_111428.csv,01/10/2026 08:13,01/10/2026 11:14
東京,君津共同火力株式会社,6065330508,君津共同火力株式会社君津共同発電所,火力（ガス）,6号機,152900,計画外停止,停止・燃料制約,,2025/08/30 18:00,あり,2025/08/31,燃料制約,2025/08/31 02:45,removed,outages_20261001_081325.csv,outages_20261001_111428.csv,01/10/2026 08:13,01/10/2026 11:14
東京,君津共同火力株式会社,6065330508,君津共同火力株式会社君津共同発電所,火力（ガス）,6号機,152900,計画停止,停止・燃料制約,,2025/09/16 06:00,あり,2025/09/19,運用停止,2025/08/29 17:19,removed,outages_20261001_081325.csv,outages_20261001_111428.csv,01/10/2026 08:13,01/10/2026 11:14
東京,君津共同火力株式会社,6065330508,君津共同火力株式会社君津共同発電所,火力（ガス）,5号機,300000,出力低下,低下・燃料制約,225000,2025/09/16 05:00,あり,2025/09/19,最大抑制量:225000kW 最小抑制量:185000kW,2025/08/29 17:18,removed,outages_20261001_081325.csv,outages_20261001_111428.csv,01/10/2026 08:13,01/10/2026 11:14
東京,君津共同火力株式会社,6065330508,君津共同火力株式会社君津共同発電所,火力（ガス）,6号機,152900,計画停止,停止・燃料制約,,2025/09/10 06:00,あり,2025/09/13,運用停止,2025/08/29 17:16,removed,outages_20261001_081325.csv,outages_20261001_111428.csv,01/10/2026 08:13,01/10/2026 11:14
東京,君津共同火力株式会社,6065330508,君津共同火力株式会社君津共同発電所,火力（ガス）,5号機,300000,出力低下,低下・燃料制約,190000,2025/09/10 05:00,あり,2025/09/12,最大抑制量:225000kW 最小抑制量:150000kW,2025/08/29 17:15,removed,outages_20261001_081325.csv,outages_20261001_111428.csv,01/10/2026 08:13,01/10/2026 11:14
東京,君津共同火力株式会社,6065330508,君津共同火力株式会社君津共同発電所,火力（ガス）,3号機,350000,出力低下,低下・その他,100000,2025/08/28 00:00,あり,2025/08/31,最大抑制量:100000kW 最小抑制量:100000kW,2025/08/27 16:22,removed,outages_20261001_081325.csv,outages_20261001_111428.csv,01/10/2026 08:13,01/10/2026 11:14
東京,君津共同火力株式会社,6065330508,君津共同火力株式会社君津共同発電所,火力（ガス）,5号機,300000,出力低下,低下・燃料制約,225000,2025/08/26 05:30,あり,2025/08/26,最大抑制量：225000kW 最小抑制量：185000kW,2025/08/26 07:22,removed,outages_20261001_081325.csv,outages_20261001_111428.csv,01/10/2026 08:13,01/10/2026 11:14
東京,君津共同火力株式会社,6065330508,君津共同火力株式会社君津共同発電所,火力（ガス）,6号機,152900,計画外停止,停止・燃料制約,,2025/08/26 06:30,あり,2025/08/28,燃料制約,2025/08/26 07:03,removed,outages_20261001_081325.csv,outages_20261001_111428.csv,01/10/2026 08:13,01/10/2026 11:14
東京,君津共同火力株式会社,6065330508,君津共同火力株式会社君津共同発電所,火力（ガス）,5号機,300000,出力低下,低下・燃料制約,200000,2025/08/22 16:00,あり,2025/08/23,最大抑制量：225000kW 最小抑制量：160000kW,2025/08/22 17:20,removed,outages_20261001_081325.csv,outages_20261001_111428.csv,01/10/2026 08:13,01/10/2026 11:14
東京,君津共同火力株式会社,6065330508,君津共同火力株式会社君津共同発電所,火力（ガス）,6号機,152900,計画停止,停止・燃料制約,,2025/08/22 17:00,あり,2025/08/24,運用停止,2025/08/22 14:44,removed,outages_20261001_081325.csv,outages_20261001_111428.csv,01/10/2026 08:13,01/10/2026 11:14
東京,君津共同火力株式会社,6065330508,君津共同火力株式会社君津共同発電所,火力（ガス）,5号機,300000,計画外停止,停止・設備故障,,2025/08/17 10:59,あり,2025/08/18,設備不具合,2025/08/17 20:06,removed,outages_20261001_081325.csv,outages_20261001_111428.csv,01/10/2026 08:13,01/10/2026 11:14
東京,君津共同火力株式会社,6065330508,君津共同火力株式会社君津共同発電所,火力（ガス）,6号機,152900,計画停止,停止・燃料制約,,2025/08/19 06:00,あり,2025/08/21,運用停止,2025/08/04 17:36,removed,outages_20261001_081325.csv,outages_20261001_111428.csv,01/10/2026 08:13,01/10/2026 11:14
東京,君津共同火力株式会社,6065330508,君津共同火力株式会社君津共同発電所,火力（ガス）,5号機,300000,出力低下,低下・燃料制約,190000,2025/08/19 05:00,あり,2025/08/21,最大抑制量:225000kW 最小抑制量:150000kW,2025/08/04 17:36,removed,outages_20261001_081325.csv,outages_20261001_111428.csv,01/10/2026 08:13,01/10/2026 11:14
東京,君津共同火力株式会社,6065330508,君津共同火力株式会社君津共同発電所,火力（ガス）,5号機,300000,出力低下,低下・燃料制約,225000,2025/08/12 05:00,あり,2025/08/13,最大抑制量;225000kW 最小抑制量:185000kW,2025/08/04 17:34,removed,outages_20261001_081325.csv,outages_20261001_111428.csv,01/10/2026 08:13,01/10/2026 11:14
東京,君津共同火力株式会社,6065330508,君津共同火力株式会社君津共同発電所,火力（ガス）,6号機,152900,計画停止,停止・燃料制約,,2025/08/12 06:00,あり,2025/08/13,運用停止,2025/08/04 17:33,removed,outages_20261001_081325.csv,outages_20261001_111428.csv,01/10/2026 08:13,01/10/2026 11:14
東京,君津共同火力株式会社,6065330508,君津共同火力株式会社君津共同発電所,火力（ガス）,6号機,152900,計画外停止,停止・燃料制約,,2025/07/21 22:00,あり,2025/07/22,運用停止,2025/07/22 07:20,removed,outages_20261001_081325.csv,outages_20261001_111428.csv,01/10/2026 08:13,01/10/2026 11:14
東京,君津共同火力株式会社,6065330508,君津共同火力株式会社君津共同発電所,火力（ガス）,4号機,350000,出力低下,低下・設備故障,230000,2025/07/13 17:50,あり,2025/07/13,設備不具合 抑制最大値　230000kW 抑制最小値　170000kW,2025/07/14 19:16,removed,outages_20261001_081325.csv,outages_20261001_111428.csv,01/10/2026 08:13,01/10/2026 11:14
東京,君津共同火力株式会社,6065330508,君津共同火力株式会社君津共同発電所,火力（ガス）,6号機,152900,計画外停止,停止・燃料制約,,2025/07/13 21:04,あり,2025/07/15,運用停止,2025/07/14 19:15,removed,outages_20261001_081325.csv,outages_20261001_111428.csv,01/10/2026 08:13,01/10/2026 11:14
東京,君津共同火力株式会社,6065330508,君津共同火力株式会社君津共同発電所,火力（ガス）,5号機,300000,出力低下,低下・燃料制約,225000,2025/07/13 18:00,あり,2025/07/15,最大抑制量：225000kW 最小抑制量：185000kW,2025/07/14 19:13,removed,outages_20261001_081325.csv,outages_20261001_111428.csv,01/10/2026 08:13,01/10/2026 11:14
東京,君津共同火力株式会社,6065330508,君津共同火力株式会社君津共同発電所,火力（ガス）,5号機,300000,出力低下,低下・燃料制約,225000,2025/07/11 13:00,あり,2025/07/12,最大抑制量：225000kW 最小抑制量：185000kW,2025/07/11 13:08,removed,outages_20261001_081325.csv,outages_20261001_111428.csv,01/10/2026 08:13,01/10/2026 11:14
東京,君津共同火力株式会社,6065330508,君津共同火力株式会社君津共同発電所,火力（ガス）,6号機,152900,計画外停止,停止・燃料制約,,2025/07/11 14:00,あり,2025/07/12,運用停止,2025/07/11 12:38,removed,outages_20261001_081325.csv,outages_20261001_111428.csv,01/10/2026 08:13,01/10/2026 11:14
東京,君津共同火力株式会社,6065330508,君津共同火力株式会社君津共同発電所,火力（ガス）,6号機,152900,計画停止,停止・燃料制約,,2025/07/07 04:00,あり,2025/07/10,運用停止,2025/07/04 08:09,removed,outages_20261001_081325.csv,outages_20261001_111428.csv,01/10/2026 08:13,01/10/2026 11:14
東京,君津共同火力株式会社,6065330508,君津共同火力株式会社君津共同発電所,火力（ガス）,5号機,300000,出力低下,低下・燃料制約,225000,2025/07/07 04:00,あり,2025/07/10,最大抑制量：225000ｋW 最小抑制量：185000ｋW,2025/07/04 08:08,removed,outages_20261001_081325.csv,outages_20261001_111428.csv,01/10/2026 08:13,01/10/2026 11:14
東京,君津共同火力株式会社,6065330508,君津共同火力株式会社君津共同発電所,火力（ガス）,5号機,300000,計画停止,停止・燃料制約,,2025/07/21 04:00,あり,2025/07/24,運用停止,2025/06/30 15:39,removed,outages_20261001_081325.csv,outages_20261001_111428.csv,01/10/2026 08:13,01/10/2026 11:14
東京,君津共同火力株式会社,6065330508,君津共同火力株式会社君津共同発電所,火力（ガス）,6号機,152900,計画停止,停止・定期検査等,,2025/05/16 05:00,あり,2025/06/28,定期点検,2025/06/25 18:21,removed,outages_20261001_081325.csv,outages_20261001_111428.csv,01/10/2026 08:13,01/10/2026 11:14
東京,君津共同火力株式会社,6065330508,君津共同火力株式会社君津共同発電所,火力（ガス）,5号機,300000,出力低下,低下・燃料制約,225000,2025/06/23 05:00,あり,2025/06/25,最大抑制量：225000kW 最小抑制量：185000kW,2025/06/12 14:19,removed,outages_20261001_081325.csv,outages_20261001_111428.csv,01/10/2026 08:13,01/10/2026 11:14
東京,君津共同火力株式会社,6065330508,君津共同火力株式会社君津共同発電所,火力（ガス）,5号機,300000,出力低下,低下・燃料制約,190000,2025/06/05 05:00,あり,2025/06/08,最大抑制量：225000kW 最小抑制量：150000kW,2025/06/02 09:13,removed,outages_20261001_081325.csv,outages_20261001_111428.csv,01/10/2026 08:13,01/10/2026 11:14
東京,君津共同火力株式会社,6065330508,君津共同火力株式会社君津共同発電所,火力（ガス）,5号機,300000,出力低下,低下・燃料制約,225000,2025/06/08 10:00,あり,2025/06/12,最大抑制量：225000kW 最小抑制量：185000kW,2025/06/02 09:10,removed,outages_20261001_081325.csv,outages_20261001_111428.csv,01/10/2026 08:13,01/10/2026 11:14
東京,君津共同火力株式会社,6065330508,君津共同火力株式会社君津共同発電所,火力（ガス）,5号機,300000,出力低下,低下・燃料制約,200000,2025/05/27 08:00,あり,2025/05/28,最大抑制量：225000kW 最小抑制量：160000kW,2025/05/26 17:45,removed,outages_20261001_081325.csv,outages_20261001_111428.csv,01/10/2026 08:13,01/10/2026 11:14
東京,君津共同火力株式会社,6065330508,君津共同火力株式会社君津共同発電所,火力（ガス）,5号機,300000,計画停止,停止・燃料制約,,2025/05/13 08:00,あり,2025/05/16,運用停止,2025/05/15 08:14,removed,outages_20261001_081325.csv,outages_20261001_111428.csv,01/10/2026 08:13,01/10/2026 11:14
東京,君津共同火力株式会社,6065330508,君津共同火力株式会社君津共同発電所,火力（ガス）,3号機,350000,計画外停止,停止・設備故障,,2025/04/17 23:45,あり,2025/05/09,設備不具合,2025/05/08 17:22,removed,outages_20261001_081325.csv,outages_20261001_111428.csv,01/10/2026 08:13,01/10/2026 11:14
東京,君津共同火力株式会社,6065330508,君津共同火力株式会社君津共同発電所,火力（ガス）,6号機,152900,計画停止,停止・燃料制約,,2025/05/07 06:00,あり,2025/05/07,運用停止,2025/05/07 22:36,removed,outages_20261001_081325.csv,outages_20261001_111428.csv,01/10/2026 08:13,01/10/2026 11:14
東京,君津共同火力株式会社,6065330508,君津共同火力株式会社君津共同発電所,火力（ガス）,5号機,300000,出力低下,低下・燃料制約,210000,2025/05/07 05:00,あり,2025/05/07,最大抑制量：225000kW 最小抑制量：170000kW,2025/05/06 00:42,removed,outages_20261001_081325.csv,outages_20261001_111428.csv,01/10/2026 08:13,01/10/2026 11:14
東京,君津共同火力株式会社,6065330508,君津共同火力株式会社君津共同発電所,火力（ガス）,5号機,300000,出力低下,低下・燃料制約,190000,2025/05/23 05:00,あり,2025/05/25,最大抑制量：225000kW 最小抑制量：150000kW,2025/04/25 13:48,removed,outages_20261001_081325.csv,outages_20261001_111428.csv,01/10/2026 08:13,01/10/2026 11:14
東京,君津共同火力株式会社,6065330508,君津共同火力株式会社君津共同発電所,火力（ガス）,6号機,152900,計画外停止,停止・燃料制約,,2025/04/18 20:25,あり,2025/04/18,燃料制約,2025/04/18 21:49,removed,outages_20261001_081325.csv,outages_20261001_111428.csv,01/10/2026 08:13,01/10/2026 11:14
東京,君津共同火力株式会社,6065330508,君津共同火力株式会社君津共同発電所,火力（ガス）,6号機,152900,計画停止,停止・燃料制約,,2025/04/10 06:00,あり,2025/04/13,運用停止,2025/04/10 23:41,removed,outages_20261001_081325.csv,outages_20261001_111428.csv,01/10/2026 08:13,01/10/2026 11:14
東京,君津共同火力株式会社,6065330508,君津共同火力株式会社君津共同発電所,火力（ガス）,3号機,350000,計画停止,停止・定期検査等,,2025/04/05 13:00,あり,2025/04/13,定期点検,2025/04/07 16:40,removed,outages_20261001_081325.csv,outages_20261001_111428.csv,01/10/2026 08:13,01/10/2026 11:14
東京,君津共同火力株式会社,6065330508,君津共同火力株式会社君津共同発電所,火力（ガス）,5号機,300000,出力低下,低下・燃料制約,225000,2025/04/10 05:00,あり,2025/04/12,最大抑制量：225000kW 最小抑制量：185000kW,2025/04/01 19:13,removed,outages_20261001_081325.csv,outages_20261001_111428.csv,01/10/2026 08:13,01/10/2026 11:14
東京,君津共同火力株式会社,6065330508,君津共同火力株式会社君津共同発電所,火力（ガス）,6号機,152900,計画停止,停止・燃料制約,,2025/04/22 05:00,あり,2025/04/24,運用停止,2025/03/27 17:45,removed,outages_20261001_081325.csv,outages_20261001_111428.csv,01/10/2026 08:13,01/10/2026 11:14
東京,君津共同火力株式会社,6065330508,君津共同火力株式会社君津共同発電所,火力（ガス）,5号機,300000,出力低下,低下・燃料制約,190000,2025/04/22 05:00,あり,2025/04/24,最大抑制量：225000kW 最小抑制量：150000kW,2025/03/27 17:44,removed,outages_20261001_081325.csv,outages_20261001_111428.csv,01/10/2026 08:13,01/10/2026 11:14
東京,君津共同火力株式会社,6065330508,君津共同火力株式会社君津共同発電所,火力（ガス）,5号機,300000,出力低下,低下・燃料制約,210000,2025/03/19 13:00,あり,2025/03/20,燃料制約 最大抑制量：225000kW 最小抑制量：170000kW,2025/03/19 12:31,removed,outages_20261001_081325.csv,outages_20261001_111428.csv,01/10/2026 08:13,01/10/2026 11:14
東京,君津共同火力株式会社,6065330508,君津共同火力株式会社君津共同発電所,火力（ガス）,6号機,152900,計画外停止,停止・燃料制約,,2025/03/19 14:00,あり,2025/03/20,燃料制約,2025/03/19 12:21,removed,outages_20261001_081325.csv,outages_20261001_111428.csv,01/10/2026 08:13,01/10/2026 11:14
東京,君津共同火力株式会社,6065330508,君津共同火力株式会社君津共同発電所,火力（ガス）,5号機,300000,計画停止,停止・燃料制約,,2025/03/23 06:00,あり,2025/03/26,運用停止,2025/03/06 01:41,removed,outages_20261001_081325.csv,outages_20261001_111428.csv,01/10/2026 08:13,01/10/2026 11:14
東京,君津共同火力株式会社,6065330508,君津共同火力株式会社君津共同発電所,火力（ガス）,5号機,300000,計画停止,停止・燃料制約,,2025/03/12 06:00,あり,2025/03/13,運用停止,2025/03/06 01:41,removed,outages_20261001_081325.csv,outages_20261001_111428.csv,01/10/2026 08:13,01/10/2026 11:14
東京,君津共同火力株式会社,6065330508,君津共同火力株式会社君津共同発電所,火力（ガス）,6号機,152900,計画停止,停止・燃料制約,,2025/03/07 06:00,あり,2025/03/11,運用停止,2025/03/06 01:40,removed,outages_20261001_081325.csv,outages_20261001_111428.csv,01/10/2026 08:13,01/10/2026 11:14
東京,君津共同火力株式会社,6065330508,君津共同火力株式会社君津共同発電所,火力（ガス）,6号機,152900,計画停止,停止・燃料制約,,2025/02/28 05:00,あり,2025/03/02,燃料制約,2025/03/01 19:11,removed,outages_20261001_081325.csv,outages_20261001_111428.csv,01/10/2026 08:13,01/10/2026 11:14
東京,君津共同火力株式会社,6065330508,君津共同火力株式会社君津共同発電所,火力（ガス）,5号機,300000,出力低下,低下・燃料制約,190000,2025/03/07 05:00,あり,2025/03/11,最大抑制量：225000kW 最小抑制量：150000kW,2025/02/28 12:52,removed,outages_20261001_081325.csv,outages_20261001_111428.csv,01/10/2026 08:13,01/10/2026 11:14
東京,君津共同火力株式会社,6065330508,君津共同火力株式会社君津共同発電所,火力（ガス）,5号機,300000,出力低下,低下・燃料制約,225000,2025/02/28 04:00,あり,2025/03/01,最大抑制量：225000kW 最小抑制量：185000kW,2025/02/27 14:00,removed,outages_20261001_081325.csv,outages_20261001_111428.csv,01/10/2026 08:13,01/10/2026 11:14
東京,君津共同火力株式会社,6065330508,君津共同火力株式会社君津共同発電所,火力（ガス）,6号機,152900,計画外停止,停止・燃料制約,,2025/02/25 09:00,あり,2025/02/25,燃料制約,2025/02/25 06:05,removed,outages_20261001_081325.csv,outages_20261001_111428.csv,01/10/2026 08:13,01/10/2026 11:14
東京,君津共同火力株式会社,6065330508,君津共同火力株式会社君津共同発電所,火力（ガス）,6号機,152900,計画外停止,停止・燃料制約,,2025/02/24 18:00,あり,2025/02/24,燃料制約,2025/02/24 21:13,removed,outages_20261001_081325.csv,outages_20261001_111428.csv,01/10/2026 08:13,01/10/2026 11:14
東京,君津共同火力株式会社,6065330508,君津共同火力株式会社君津共同発電所,火力（ガス）,6号機,152900,計画外停止,停止・燃料制約,,2025/02/17 16:15,あり,2025/02/20,燃料制約,2025/02/17 16:41,removed,outages_20261001_081325.csv,outages_20261001_111428.csv,01/10/2026 08:13,01/10/2026 11:14
東京,君津共同火力株式会社,6065330508,君津共同火力株式会社君津共同発電所,火力（ガス）,5号機,300000,出力低下,低下・燃料制約,225000,2025/02/17 16:30,あり,2025/02/20,最大抑制量：225000kW 最小抑制量：185000kW,2025/02/17 16:38,removed,outages_20261001_081325.csv,outages_20261001_111428.csv,01/10/2026 08:13,01/10/2026 11:14
東京,君津共同火力株式会社,6065330508,君津共同火力株式会社君津共同発電所,火力（ガス）,6号機,152900,計画停止,停止・燃料制約,,2025/02/13 05:00,あり,2025/02/14,運用停止,2025/02/10 15:13,removed,outages_20261001_081325.csv,outages_20261001_111428.csv,01/10/2026 08:13,01/10/2026 11:14
東京,君津共同火力株式会社,6065330508,君津共同火力株式会社君津共同発電所,火力（ガス）,5号機,300000,出力低下,低下・燃料制約,225000,2025/02/13 05:00,あり,2025/02/14,最大抑制量：225000kW 最小抑制量：185000kW,2025/02/10 15:01,removed,outages_20261001_081325.csv,outages_20261001_111428.csv,01/10/2026 08:13,01/10/2026 11:14
東京,君津共同火力株式会社,6065330508,君津共同火力株式会社君津共同発電所,火力（ガス）,6号機,152900,計画停止,停止・燃料制約,,2025/02/10 06:00,あり,2025/02/10,運用停止,2025/02/08 02:55,removed,outages_20261001_081325.csv,outages_20261001_111428.csv,01/10/2026 08:13,01/10/2026 11:14
東京,君津共同火力株式会社,6065330508,君津共同火力株式会社君津共同発電所,火力（ガス）,5号機,300000,出力低下,低下・燃料制約,225000,2025/01/27 23:00,あり,2025/01/28,最大抑制量 : 225000kW 最小抑制量 : 150000kW,2025/01/28 02:12,removed,outages_20261001_081325.csv,outages_20261001_111428.csv,01/10/2026 08:13,01/10/2026 11:14
東京,君津共同火力株式会社,6065330508,君津共同火力株式会社君津共同発電所,火力（ガス）,6号機,152900,計画外停止,停止・燃料制約,,2025/01/28 00:00,あり,2025/01/28,燃料制約,2025/01/28 02:11,removed,outages_20261001_081325.csv,outages_20261001_111428.csv,01/10/2026 08:13,01/10/2026 11:14
東京,君津共同火力株式会社,6065330508,君津共同火力株式会社君津共同発電所,火力（ガス）,6号機,152900,計画停止,停止・燃料制約,,2025/01/25 05:54,あり,2025/01/27,運用停止,2025/01/27 08:28,removed,outages_20261001_081325.csv,outages_20261001_111428.csv,01/10/2026 08:13,01/10/2026 11:14
東京,君津共同火力株式会社,6065330508,君津共同火力株式会社君津共同発電所,火力（ガス）,5号機,300000,出力低下,低下・燃料制約,225000,2025/01/14 05:00,あり,2025/01/16,最大抑制量：225000kW 最小抑制量：185000kW,2025/01/10 16:32,removed,outages_20261001_081325.csv,outages_20261001_111428.csv,01/10/2026 08:13,01/10/2026 11:14
東京,君津共同火力株式会社,6065330508,君津共同火力株式会社君津共同発電所,火力（ガス）,6号機,152900,計画停止,停止・燃料制約,,2025/01/14 06:00,あり,2025/01/16,運用停止,2025/01/10 15:19,removed,outages_20261001_081325.csv,outages_20261001_111428.csv,01/10/2026 08:13,01/10/2026 11:14
東京,君津共同火力株式会社,6065330508,君津共同火力株式会社君津共同発電所,火力（ガス）,5号機,300000,出力低下,低下・燃料制約,225000,2025/01/09 05:00,あり,2025/01/09,燃料制約 最大抑制量：225000kW 最小抑制量：185000kW,2025/01/09 20:11,removed,outages_20261001_081325.csv,outages_20261001_111428.csv,01/10/2026 08:13,01/10/2026 11:14
東京,君津共同火力株式会社,6065330508,君津共同火力株式会社君津共同発電所,火力（ガス）,6号機,152900,計画停止,停止・燃料制約,,2025/01/09 06:00,あり,2025/01/10,運用停止 燃料制約,2025/01/08 15:58,removed,outages_20261001_081325.csv,outages_20261001_111428.csv,01/10/2026 08:13,01/10/2026 11:14
東京,君津共同火力株式会社,6065330508,君津共同火力株式会社君津共同発電所,火力（ガス）,5号機,300000,出力低下,低下・燃料制約,225000,2025/01/04 03:00,あり,2025/01/05,最大抑制量：225000kW 最小抑制量：185000kW,2025/01/03 23:32,removed,outages_20261001_081325.csv,outages_20261001_111428.csv,01/10/2026 08:13,01/10/2026 11:14
東京,君津共同火力株式会社,6065330508,君津共同火力株式会社君津共同発電所,火力（ガス）,6号機,152900,計画停止,停止・燃料制約,,2025/01/04 03:00,あり,2025/01/05,運用停止 燃料制約,2025/01/03 23:30,removed,outages_20261001_081325.csv,outages_20261001_111428.csv,01/10/2026 08:13,01/10/2026 11:14
東京,君津共同火力株式会社,6065330508,君津共同火力株式会社君津共同発電所,火力（ガス）,6号機,152900,計画停止,停止・燃料制約,,2024/12/30 08:00,あり,2024/12/30,運用停止 燃料制約,2024/12/29 19:10,removed,outages_20261001_081325.csv,outages_20261001_111428.csv,01/10/2026 08:13,01/10/2026 11:14
東京,君津共同火力株式会社,6065330508,君津共同火力株式会社君津共同発電所,火力（ガス）,5号機,300000,出力低下,低下・燃料制約,225000,2024/12/28 09:00,あり,2024/12/29,最大抑制量：225000kW 最小抑制量：185000kW,2024/12/28 02:23,removed,outages_20261001_081325.csv,outages_20261001_111428.csv,01/10/2026 08:13,01/10/2026 11:14
東京,君津共同火力株式会社,6065330508,君津共同火力株式会社君津共同発電所,火力（ガス）,6号機,152900,計画停止,停止・燃料制約,,2024/12/28 10:00,あり,2024/12/29,運用停止,2024/12/28 01:53,removed,outages_20261001_081325.csv,outages_20261001_111428.csv,01/10/2026 08:13,01/10/2026 11:14
東京,君津共同火力株式会社,6065330508,君津共同火力株式会社君津共同発電所,火力（ガス）,5号機,300000,計画外停止,停止・燃料制約,,2024/12/24 15:10,あり,2024/12/26,燃料制約,2024/12/26 14:33,removed,outages_20261001_081325.csv,outages_20261001_111428.csv,01/10/2026 08:13,01/10/2026 11:14
東京,君津共同火力株式会社,6065330508,君津共同火力株式会社君津共同発電所,火力（ガス）,5号機,300000,出力低下,低下・燃料制約,190000,2025/01/25 05:00,あり,2025/01/27,最大抑制量：225000kW 最小抑制量：150000kW,2024/12/25 14:10,removed,outages_20261001_081325.csv,outages_20261001_111428.csv,01/10/2026 08:13,01/10/2026 11:14
東京,君津共同火力株式会社,6065330508,君津共同火力株式会社君津共同発電所,火力（ガス）,6号機,152900,計画停止,停止・燃料制約,,2025/01/25 06:00,あり,2025/01/27,運用停止,2024/12/25 14:09,removed,outages_20261001_081325.csv,outages_20261001_111428.csv,01/10/2026 08:13,01/10/2026 11:14
東京,君津共同火力株式会社,6065330508,君津共同火力株式会社君津共同発電所,火力（ガス）,5号機,300000,出力低下,低下・燃料制約,190000,2024/12/23 05:00,あり,2024/12/24,最大抑制量：225000kW 最小抑制量：150000kW,2024/12/24 13:57,removed,outages_20261001_081325.csv,outages_20261001_111428.csv,01/10/2026 08:13,01/10/2026 11:14
東京,君津共同火力株式会社,6065330508,君津共同火力株式会社君津共同発電所,火力（ガス）,6号機,152900,計画外停止,停止・燃料制約,,2024/12/15 06:45,あり,2024/12/15,燃料制約,2024/12/15 14:09,removed,outages_20261001_081325.csv,outages_20261001_111428.csv,01/10/2026 08:13,01/10/2026 11:14
東京,君津共同火力株式会社,6065330508,君津共同火力株式会社君津共同発電所,火力（ガス）,6号機,152900,計画停止,停止・燃料制約,,2024/12/10 06:00,あり,2024/12/14,運用停止,2024/12/05 16:55,removed,outages_20261001_081325.csv,outages_20261001_111428.csv,01/10/2026 08:13,01/10/2026 11:14
東京,君津共同火力株式会社,6065330508,君津共同火力株式会社君津共同発電所,火力（ガス）,5号機,300000,出力低下,低下・燃料制約,225000,2024/12/10 05:00,あり,2024/12/14,最大抑制量：225000kW 最小抑制量：185000kW,2024/12/05 16:55,removed,outages_20261001_081325.csv,outages_20261001_111428.csv,01/10/2026 08:13,01/10/2026 11:14
東京,君津共同火力株式会社,6065330508,君津共同火力株式会社君津共同発電所,火力（ガス）,6号機,152900,計画停止,停止・燃料制約,,2024/12/23 06:00,あり,2024/12/26,運用停止,2024/12/03 10:54,removed,outages_20261001_081325.csv,outages_20261001_111428.csv,01/10/2026 08:13,01/10/2026 11:14
東京,君津共同火力株式会社,6065330508,君津共同火力株式会社君津共同発電所,火力（ガス）,6号機,152900,計画停止,停止・その他,,2024/11/30 00:00,あり,2024/12/01,通告対応,2024/11/29 21:54,removed,outages_20261001_081325.csv,outages_20261001_111428.csv,01/10/2026 08:13,01/10/2026 11:14
東京,君津共同火力株式会社,6065330508,君津共同火力株式会社君津共同発電所,火力（ガス）,5号機,300000,出力低下,低下・その他,130000,2024/11/29 22:00,あり,2024/12/01,通告対応,2024/11/29 21:53,removed,outages_20261001_081325.csv,outages_20261001_111428.csv,01/10/2026 08:13,01/10/2026 11:14
東京,君津共同火力株式会社,6065330508,君津共同火力株式会社君津共同発電所,火力（ガス）,4号機,350000,出力低下,低下・その他,112000,2024/11/29 22:00,あり,2024/12/01,通告対応,2024/11/29 21:52,removed,outages_20261001_081325.csv,outages_20261001_111428.csv,01/10/2026 08:13,01/10/2026 11:14
東京,君津共同火力株式会社,6065330508,君津共同火力株式会社君津共同発電所,火力（ガス）,3号機,350000,出力低下,低下・その他,162000,2024/11/29 22:00,あり,2024/12/01,通告対応,2024/11/29 21:50,removed,outages_20261001_081325.csv,outages_20261001_111428.csv,01/10/2026 08:13,01/10/2026 11:14
東京,君津共同火力株式会社,6065330508,君津共同火力株式会社君津共同発電所,火力（ガス）,6号機,152900,計画外停止,停止・燃料制約,,2024/11/28 09:00,あり,2024/11/29,燃料制約,2024/11/29 05:45,removed,outages_20261001_081325.csv,outages_20261001_111428.csv,01/10/2026 08:13,01/10/2026 11:14
東京,君津共同火力株式会社,6065330508,君津共同火力株式会社君津共同発電所,火力（ガス）,5号機,300000,計画停止,停止・定期検査等,,2024/10/11 18:00,あり,2024/11/28,定検停止,2024/11/25 15:29,removed,outages_20261001_081325.csv,outages_20261001_111428.csv,01/10/2026 08:13,01/10/2026 11:14
東京,君津共同火力株式会社,6065330508,君津共同火力株式会社君津共同発電所,火力（ガス）,6号機,152900,計画外停止,停止・燃料制約,,2024/11/21 07:30,あり,2024/11/22,燃料制約,2024/11/21 20:39,removed,outages_20261001_081325.csv,outages_20261001_111428.csv,01/10/2026 08:13,01/10/2026 11:14
東京,君津共同火力株式会社,6065330508,君津共同火力株式会社君津共同発電所,火力（ガス）,4号機,350000,計画停止,停止・設備故障,,2024/12/07 17:00,あり,2024/12/08,運炭設備不具合,2024/11/19 13:40,removed,outages_20261001_081325.csv,outages_20261001_111428.csv,01/10/2026 08:13,01/10/2026 11:14
東京,君津共同火力株式会社,6065330508,君津共同火力株式会社君津共同発電所,火力（ガス）,6号機,152900,計画外停止,停止・燃料制約,,2024/10/23 08:15,あり,2024/10/25,設備不具合,2024/10/24 21:48,removed,outages_20261001_081325.csv,outages_20261001_111428.csv,01/10/2026 08:13,01/10/2026 11:14
東京,君津共同火力株式会社,6065330508,君津共同火力株式会社君津共同発電所,火力（ガス）,5号機,300000,計画停止,停止・燃料制約,,2024/10/08 04:00,あり,2024/10/11,運用停止,2024/10/07 11:02,removed,outages_20261001_081325.csv,outages_20261001_111428.csv,01/10/2026 08:13,01/10/2026 11:14
東京,君津共同火力株式会社,6065330508,君津共同火力株式会社君津共同発電所,火力（ガス）,5号機,300000,出力低下,低下・燃料制約,200000,2024/10/03 09:00,あり,2024/10/04,最大抑制量：225000kW 最小抑制量：160000kW,2024/10/03 21:26,removed,outages_20261001_081325.csv,outages_20261001_111428.csv,01/10/2026 08:13,01/10/2026 11:14
東京,君津共同火力株式会社,6065330508,君津共同火力株式会社君津共同発電所,火力（ガス）,6号機,152900,計画外停止,停止・燃料制約,,2024/10/03 10:00,あり,2024/10/04,設備不具合,2024/10/03 21:25,removed,outages_20261001_081325.csv,outages_20261001_111428.csv,01/10/2026 08:13,01/10/2026 11:14
東京,君津共同火力株式会社,6065330508,君津共同火力株式会社君津共同発電所,火力（ガス）,4号機,350000,計画停止,停止・定期検査等,,2024/09/23 13:00,あり,2024/10/04,定期点検,2024/10/03 16:13,removed,outages_20261001_081325.csv,outages_20261001_111428.csv,01/10/2026 08:13,01/10/2026 11:14
東京,君津共同火力株式会社,6065330508,君津共同火力株式会社君津共同発電所,火力（ガス）,6号機,152900,計画停止,停止・燃料制約,,2024/09/08 08:00,あり,2024/09/08,運用停止,2024/09/07 20:15,removed,outages_20261001_081325.csv,outages_20261001_111428.csv,01/10/2026 08:13,01/10/2026 11:14
東京,君津共同火力株式会社,6065330508,君津共同火力株式会社君津共同発電所,火力（ガス）,6号機,152900,計画停止,停止・燃料制約,,2024/09/24 06:00,あり,2024/09/27,運用停止,2024/09/02 17:29,removed,outages_20261001_081325.csv,outages_20261001_111428.csv,01/10/2026 08:13,01/10/2026 11:14
東京,君津共同火力株式会社,6065330508,君津共同火力株式会社君津共同発電所,火力（ガス）,5号機,300000,出力低下,低下・燃料制約,190000,2024/09/24 05:00,あり,2024/09/27,最大抑制量：225000kW 最小抑制量：150000kW,2024/09/02 17:29,removed,outages_20261001_081325.csv,outages_20261001_111428.csv,01/10/2026 08:13,01/10/2026 11:14
東京,君津共同火力株式会社,6065330508,君津共同火力株式会社君津共同発電所,火力（ガス）,6号機,152900,計画停止,停止・燃料制約,,2024/09/17 06:00,あり,2024/09/21,運用停止,2024/09/02 17:27,removed,outages_20261001_081325.csv,outages_20261001_111428.csv,01/10/2026 08:13,01/10/2026 11:14
東京,君津共同火力株式会社,6065330508,君津共同火力株式会社君津共同発電所,火力（ガス）,5号機,300000,出力低下,低下・燃料制約,225000,2024/09/17 05:00,あり,2024/09/21,最大抑制量：225000kW 最小抑制量：185000kW,2024/09/02 17:27,removed,outages_20261001_081325.csv,outages_20261001_111428.csv,01/10/2026 08:13,01/10/2026 11:14
東京,君津共同火力株式会社,6065330508,君津共同火力株式会社君津共同発電所,火力（ガス）,5号機,300000,出力低下,低下・燃料制約,190000,2024/09/10 05:00,あり,2024/09/13,最大抑制量：225000kW 最小抑制量：150000kW,2024/09/02 17:25,removed,outages_20261001_081325.csv,outages_20261001_111428.csv,01/10/2026 08:13,01/10/2026 11:14
東京,君津共同火力株式会社,6065330508,君津共同火力株式会社君津共同発電所,火力（ガス）,6号機,152900,計画停止,停止・燃料制約,,2024/09/10 06:00,あり,2024/09/13,運用停止,2024/09/02 17:25,removed,outages_20261001_081325.csv,outages_20261001_111428.csv,01/10/2026 08:13,01/10/2026 11:14
東京,君津共同火力株式会社,6065330508,君津共同火力株式会社君津共同発電所,火力（ガス）,6号機,152900,計画外停止,停止・燃料制約,,2024/09/01 09:00,あり,2024/09/01,燃料制約,2024/09/01 20:18,removed,outages_20261001_081325.csv,outages_20261001_111428.csv,01/10/2026 08:13,01/10/2026 11:14
東京,君津共同火力株式会社,6065330508,君津共同火力株式会社君津共同発電所,火力（ガス）,4号機,350000,出力低下,低下・燃料制約,110000,2024/08/31 00:00,あり,2024/09/01,燃料制約のため 抑制最大値：150000 抑制最小値：70000,2024/08/30 22:45,removed,outages_20261001_081325.csv,outages_20261001_111428.csv,01/10/2026 08:13,01/10/2026 11:14
東京,君津共同火力株式会社,6065330508,君津共同火力株式会社君津共同発電所,火力（ガス）,3号機,350000,出力低下,低下・燃料制約,110000,2024/08/31 00:00,あり,2024/09/01,燃料制約のため 抑制最大値：150000 抑制最小量：70000,2024/08/30 22:43,removed,outages_20261001_081325.csv,outages_20261001_111428.csv,01/10/2026 08:13,01/10/2026 11:14
東京,君津共同火力株式会社,6065330508,君津共同火力株式会社君津共同発電所,火力（ガス）,5号機,300000,計画停止,停止・燃料制約,,2024/08/16 04:00,あり,2024/08/18,運用停止,2024/08/18 00:49,removed,outages_20261001_081325.csv,outages_20261001_111428.csv,01/10/2026 08:13,01/10/2026 11:14
東京,君津共同火力株式会社,6065330508,君津共同火力株式会社君津共同発電所,火力（ガス）,6号機,152900,計画停止,停止・燃料制約,,2024/08/16 00:00,あり,2024/08/17,運用停止,2024/08/16 01:38,removed,outages_20261001_081325.csv,outages_20261001_111428.csv,01/10/2026 08:13,01/10/2026 11:14
東京,君津共同火力株式会社,6065330508,君津共同火力株式会社君津共同発電所,火力（ガス）,5号機,300000,出力低下,低下・燃料制約,190000,2024/08/26 05:00,あり,2024/08/29,抑制最大値 225000kW 抑制最小値 150000kW,2024/07/31 15:21,removed,outages_20261001_081325.csv,outages_20261001_111428.csv,01/10/2026 08:13,01/10/2026 11:14
東京,君津共同火力株式会社,6065330508,君津共同火力株式会社君津共同発電所,火力（ガス）,6号機,152900,計画停止,停止・燃料制約,,2024/08/26 06:00,あり,2024/08/29,運用停止,2024/07/31 15:20,removed,outages_20261001_081325.csv,outages_20261001_111428.csv,01/10/2026 08:13,01/10/2026 11:14
東京,君津共同火力株式会社,6065330508,君津共同火力株式会社君津共同発電所,火力（ガス）,6号機,152900,計画停止,停止・燃料制約,,2024/08/09 05:00,あり,2024/08/10,運用停止,2024/07/31 15:19,removed,outages_20261001_081325.csv,outages_20261001_111428.csv,01/10/2026 08:13,01/10/2026 11:14
東京,君津共同火力株式会社,6065330508,君津共同火力株式会社君津共同発電所,火力（ガス）,5号機,300000,出力低下,低下・燃料制約,225000,2024/08/09 04:00,あり,2024/08/10,最大抑制量：225000kW 最小抑制量：185000kW,2024/07/31 15:18,removed,outages_20261001_081325.csv,outages_20261001_111428.csv,01/10/2026 08:13,01/10/2026 11:14
東京,君津共同火力株式会社,6065330508,君津共同火力株式会社君津共同発電所,火力（ガス）,6号機,152900,計画停止,停止・燃料制約,,2024/07/11 06:00,あり,2024/07/11,運用停止,2024/07/10 19:00,removed,outages_20261001_081325.csv,outages_20261001_111428.csv,01/10/2026 08:13,01/10/2026 11:14
東京,君津共同火力株式会社,6065330508,君津共同火力株式会社君津共同発電所,火力（ガス）,5号機,300000,出力低下,低下・燃料制約,200000,2024/07/11 05:00,あり,2024/07/11,燃料制約 抑制最大値　225000ｋW 抑制最小値　160000ｋW,2024/07/10 18:58,removed,outages_20261001_081325.csv,outages_20261001_111428.csv,01/10/2026 08:13,01/10/2026 11:14
東京,君津共同火力株式会社,6065330508,君津共同火力株式会社君津共同発電所,火力（ガス）,6号機,152900,計画停止,停止・定期検査等,,2024/06/09 18:00,あり,2024/06/29,定期点検,2024/06/29 08:55,removed,outages_20261001_081325.csv,outages_20261001_111428.csv,01/10/2026 08:13,01/10/2026 11:14
東京,君津共同火力株式会社,6065330508,君津共同火力株式会社君津共同発電所,火力（ガス）,6号機,152900,計画停止,停止・燃料制約,,2024/07/18 06:00,あり,2024/07/20,運用停止,2024/06/27 13:35,removed,outages_20261001_081325.csv,outages_20261001_111428.csv,01/10/2026 08:13,01/10/2026 11:14
東京,君津共同火力株式会社,6065330508,君津共同火力株式会社君津共同発電所,火力（ガス）,5号機,300000,出力低下,低下・燃料制約,190000,2024/07/18 05:00,あり,2024/07/20,最大抑制量：225000kW 最小抑制量：150000kW,2024/06/27 13:34,removed,outages_20261001_081325.csv,outages_20261001_111428.csv,01/10/2026 08:13,01/10/2026 11:14
東京,君津共同火力株式会社,6065330508,君津共同火力株式会社君津共同発電所,火力（ガス）,6号機,152900,計画停止,停止・燃料制約,,2024/07/02 06:00,あり,2024/07/06,運用停止,2024/06/27 13:32,removed,outages_20261001_081325.csv,outages_20261001_111428.csv,01/10/2026 08:13,01/10/2026 11:14
東京,君津共同火力株式会社,6065330508,君津共同火力株式会社君津共同発電所,火力（ガス）,5号機,300000,出力低下,低下・燃料制約,225000,2024/07/02 05:00,あり,2024/07/06,最大抑制量：225000kW 最小抑制量：185000kW,2024/06/27 13:31,removed,outages_20261001_081325.csv,outages_20261001_111428.csv,01/10/2026 08:13,01/10/2026 11:14
東京,君津共同火力株式会社,6065330508,君津共同火力株式会社君津共同発電所,火力（ガス）,5号機,300000,出力低下,低下・燃料制約,180000,2024/06/19 05:00,あり,2024/06/19,燃料制約 抑制最大値　220000 抑制最小値　140000,2024/06/17 19:48,removed,outages_20261001_081325.csv,outages_20261001_111428.csv,01/10/2026 08:13,01/10/2026 11:14
東京,君津共同火力株式会社,6065330508,君津共同火力株式会社君津共同発電所,火力（ガス）,5号機,300000,計画外停止,停止・燃料制約,,2024/06/08 18:00,あり,2024/06/15,燃料制約,2024/06/14 18:48,removed,outages_20261001_081325.csv,outages_20261001_111428.csv,01/10/2026 08:13,01/10/2026 11:14
東京,君津共同火力株式会社,6065330508,君津共同火力株式会社君津共同発電所,火力（ガス）,5号機,300000,出力低下,低下・燃料制約,225000,2024/06/08 14:30,あり,2024/06/08,燃料制約 抑制最大値　225000 抑制最小値　185000,2024/06/11 15:09,removed,outages_20261001_081325.csv,outages_20261001_111428.csv,01/10/2026 08:13,01/10/2026 11:14
東京,君津共同火力株式会社,6065330508,君津共同火力株式会社君津共同発電所,火力（ガス）,6号機,152900,計画外停止,停止・燃料制約,,2024/06/08 15:29,あり,2024/06/30,燃料制約,2024/06/08 22:08,removed,outages_20261001_081325.csv,outages_20261001_111428.csv,01/10/2026 08:13,01/10/2026 11:14
東京,君津共同火力株式会社,6065330508,君津共同火力株式会社君津共同発電所,火力（ガス）,5号機,300000,出力低下,低下・燃料制約,200000,2024/06/04 11:00,あり,2024/06/05,最大抑制量：225000kW 最小抑制量：160000kW,2024/06/04 11:24,removed,outages_20261001_081325.csv,outages_20261001_111428.csv,01/10/2026 08:13,01/10/2026 11:14
東京,君津共同火力株式会社,6065330508,君津共同火力株式会社君津共同発電所,火力（ガス）,6号機,152900,計画外停止,停止・燃料制約,,2024/06/04 12:00,あり,2024/06/05,設備不具合,2024/06/04 11:18,removed,outages_20261001_081325.csv,outages_20261001_111428.csv,01/10/2026 08:13,01/10/2026 11:14
東京,君津共同火力株式会社,6065330508,君津共同火力株式会社君津共同発電所,火力（ガス）,6号機,152900,計画停止,停止・燃料制約,,2024/06/03 08:00,あり,2024/06/03,運用停止,2024/06/02 20:27,removed,outages_20261001_081325.csv,outages_20261001_111428.csv,01/10/2026 08:13,01/10/2026 11:14
東京,君津共同火力株式会社,6065330508,君津共同火力株式会社君津共同発電所,火力（ガス）,6号機,152900,計画外停止,停止・設備故障,,2024/05/31 02:54,あり,2024/05/31,設備不具合,2024/05/31 07:55,removed,outages_20261001_081325.csv,outages_20261001_111428.csv,01/10/2026 08:13,01/10/2026 11:14
東京,君津共同火力株式会社,6065330508,君津共同火力株式会社君津共同発電所,火力（ガス）,3号機,350000,計画停止,停止・定期検査等,,2024/04/06 05:00,あり,2024/05/26,定期点検,2024/05/21 16:48,removed,outages_20261001_081325.csv,outages_20261001_111428.csv,01/10/2026 08:13,01/10/2026 11:14
東京,君津共同火力株式会社,6065330508,君津共同火力株式会社君津共同発電所,火力（ガス）,5号機,300000,出力低下,低下・燃料制約,190000,2024/05/23 05:00,あり,2024/05/25,最大抑制量：225000kW 最小抑制量：150000kW,2024/05/21 04:27,removed,outages_20261001_081325.csv,outages_20261001_111428.csv,01/10/2026 08:13,01/10/2026 11:14
東京,君津共同火力株式会社,6065330508,君津共同火力株式会社君津共同発電所,火力（ガス）,5号機,300000,出力低下,低下・燃料制約,100000,2024/05/10 05:00,あり,2024/05/12,最大抑制量：140000kW 最小抑制量：60000kW,2024/05/10 00:33,removed,outages_20261001_081325.csv,outages_20261001_111428.csv,01/10/2026 08:13,01/10/2026 11:14
東京,君津共同火力株式会社,6065330508,君津共同火力株式会社君津共同発電所,火力（ガス）,6号機,152900,計画停止,停止・燃料制約,,2024/05/23 06:00,あり,2024/05/26,運用停止,2024/04/30 13:46,removed,outages_20261001_081325.csv,outages_20261001_111428.csv,01/10/2026 08:13,01/10/2026 11:14
東京,君津共同火力株式会社,6065330508,君津共同火力株式会社君津共同発電所,火力（ガス）,6号機,152900,計画停止,停止・燃料制約,,2024/05/16 06:00,あり,2024/05/18,運用停止,2024/04/30 13:45,removed,outages_20261001_081325.csv,outages_20261001_111428.csv,01/10/2026 08:13,01/10/2026 11:14
東京,君津共同火力株式会社,6065330508,君津共同火力株式会社君津共同発電所,火力（ガス）,5号機,300000,出力低下,低下・燃料制約,225000,2024/05/16 05:00,あり,2024/05/18,最大抑制量：225000kW 最小抑制量：185000kW,2024/04/30 13:43,removed,outages_20261001_081325.csv,outages_20261001_111428.csv,01/10/2026 08:13,01/10/2026 11:14
東京,君津共同火力株式会社,6065330508,君津共同火力株式会社君津共同発電所,火力（ガス）,6号機,152900,計画停止,停止・燃料制約,,2024/05/10 06:00,あり,2024/05/12,運用停止,2024/04/30 13:41,removed,outages_20261001_081325.csv,outages_20261001_111428.csv,01/10/2026 08:13,01/10/2026 11:14
東京,君津共同火力株式会社,6065330508,君津共同火力株式会社君津共同発電所,火力（ガス）,5号機,300000,出力低下,低下・燃料制約,190000,2024/04/23 05:00,あり,2024/04/25,最大抑制量：225000ｋW 最小抑制量：150000ｋW,2024/04/24 21:11,removed,outages_20261001_081325.csv,outages_20261001_111428.csv,01/10/2026 08:13,01/10/2026 11:14
東京,君津共同火力株式会社,6065330508,君津共同火力株式会社君津共同発電所,火力（ガス）,6号機,152900,計画停止,停止・燃料制約,,2024/04/23 06:00,あり,2024/04/25,運用停止,2024/04/22 20:58,removed,outages_20261001_081325.csv,outages_20261001_111428.csv,01/10/2026 08:13,01/10/2026 11:14
東京,君津共同火力株式会社,6065330508,君津共同火力株式会社君津共同発電所,火力（ガス）,6号機,152900,計画停止,停止・燃料制約,,2024/04/18 06:00,あり,2024/04/21,運用停止,2024/04/20 08:58,removed,outages_20261001_081325.csv,outages_20261001_111428.csv,01/10/2026 08:13,01/10/2026 11:14
東京,君津共同火力株式会社,6065330508,君津共同火力株式会社君津共同発電所,火力（ガス）,6号機,152900,計画停止,停止・燃料制約,,2024/04/15 15:00,あり,2024/04/17,運用停止,2024/04/16 20:09,removed,outages_20261001_081325.csv,outages_20261001_111428.csv,01/10/2026 08:13,01/10/2026 11:14
東京,君津共同火力株式会社,6065330508,君津共同火力株式会社君津共同発電所,火力（ガス）,5号機,300000,出力低下,低下・燃料制約,200000,2024/04/15 14:00,あり,2024/04/16,最大抑制量：225000kW 最小抑制量：160000kW,2024/04/16 20:08,removed,outages_20261001_081325.csv,outages_20261001_111428.csv,01/10/2026 08:13,01/10/2026 11:14
東京,君津共同火力株式会社,6065330508,君津共同火力株式会社君津共同発電所,火力（ガス）,5号機,300000,出力低下,低下・燃料制約,225000,2024/04/18 05:00,あり,2024/04/20,最大抑制量：225000kW 最小抑制量：185000kW,2024/04/15 16:22,removed,outages_20261001_081325.csv,outages_20261001_111428.csv,01/10/2026 08:13,01/10/2026 11:14
東京,君津共同火力株式会社,6065330508,君津共同火力株式会社君津共同発電所,火力（ガス）,5号機,300000,出力低下,低下・燃料制約,190000,2024/04/03 05:00,あり,2024/04/04,最大抑制量：225000kW 最小抑制量：150000kW,2024/04/04 10:15,removed,outages_20261001_081325.csv,outages_20261001_111428.csv,01/10/2026 08:13,01/10/2026 11:14
東京,君津共同火力株式会社,6065330508,君津共同火力株式会社君津共同発電所,火力（ガス）,6号機,152900,計画停止,停止・燃料制約,,2024/04/03 06:00,あり,2024/04/04,運用停止,2024/04/04 10:14,removed,outages_20261001_081325.csv,outages_20261001_111428.csv,01/10/2026 08:13,01/10/2026 11:14
東京,君津共同火力株式会社,6065330508,君津共同火力株式会社君津共同発電所,火力（ガス）,5号機,300000,出力低下,低下・燃料制約,225000,2024/04/01 06:00,あり,2024/04/02,燃料制約 最大抑制量：225000KW 最小抑制量：185000KW,2024/03/31 14:30,removed,outages_20261001_081325.csv,outages_20261001_111428.csv,01/10/2026 08:13,01/10/2026 11:14
東京,君津共同火力株式会社,6065330508,君津共同火力株式会社君津共同発電所,火力（ガス）,6号機,152900,計画停止,停止・燃料制約,,2024/04/01 07:00,あり,2024/04/02,運用停止,2024/03/31 14:22,removed,outages_20261001_081325.csv,outages_20261001_111428.csv,01/10/2026 08:13,01/10/2026 11:14
東京,君津共同火力株式会社,6065330508,君津共同火力株式会社君津共同発電所,火力（ガス）,5号機,300000,計画停止,停止・燃料制約,,2024/03/26 06:00,あり,2024/03/27,運用停止,2024/03/25 18:03,removed,outages_20261001_081325.csv,outages_20261001_111428.csv,01/10/2026 08:13,01/10/2026 11:14
東京,君津共同火力株式会社,6065330508,君津共同火力株式会社君津共同発電所,火力（ガス）,5号機,300000,計画停止,停止・燃料制約,,2024/03/21 16:00,あり,2024/03/25,運用停止,2024/03/25 11:14,removed,outages_20261001_081325.csv,outages_20261001_111428.csv,01/10/2026 08:13,01/10/2026 11:14
東京,君津共同火力株式会社,6065330508,君津共同火力株式会社君津共同発電所,火力（ガス）,5号機,300000,計画停止,停止・燃料制約,,2024/03/19 21:00,あり,2024/03/19,運用停止,2024/03/19 21:15,removed,outages_20261001_081325.csv,outages_20261001_111428.csv,01/10/2026 08:13,01/10/2026 11:14
東京,君津共同火力株式会社,6065330508,君津共同火力株式会社君津共同発電所,火力（ガス）,5号機,300000,計画外停止,停止・燃料制約,,2024/03/10 18:00,あり,2024/03/12,運用停止,2024/03/17 13:44,removed,outages_20261001_081325.csv,outages_20261001_111428.csv,01/10/2026 08:13,01/10/2026 11:14
東京,君津共同火力株式会社,6065330508,君津共同火力株式会社君津共同発電所,火力（ガス）,4号機,350000,出力低下,低下・燃料制約,215000,2024/03/10 15:00,あり,2024/03/14,燃料制約 抑制最大値　175000kW 抑制最小値　135000kW,2024/03/12 14:15,removed,outages_20261001_081325.csv,outages_20261001_111428.csv,01/10/2026 08:13,01/10/2026 11:14
東京,君津共同火力株式会社,6065330508,君津共同火力株式会社君津共同発電所,火力（ガス）,3号機,350000,出力低下,低下・燃料制約,215000,2024/03/08 22:00,あり,2024/03/14,燃料制約 最大抑制量：175000kW 最小抑制量：135000kW,2024/03/12 14:14,removed,outages_20261001_081325.csv,outages_20261001_111428.csv,01/10/2026 08:13,01/10/2026 11:14
東京,君津共同火力株式会社,6065330508,君津共同火力株式会社君津共同発電所,火力（ガス）,5号機,300000,計画停止,停止・燃料制約,,2024/03/08 10:00,あり,2024/03/10,運用停止,2024/03/08 08:33,removed,outages_20261001_081325.csv,outages_20261001_111428.csv,01/10/2026 08:13,01/10/2026 11:14
東京,君津共同火力株式会社,6065330508,君津共同火力株式会社君津共同発電所,火力（ガス）,5号機,300000,計画停止,停止・燃料制約,,2024/03/14 06:00,あり,2024/03/17,運用停止,2024/03/04 18:21,removed,outages_20261001_081325.csv,outages_20261001_111428.csv,01/10/2026 08:13,01/10/2026 11:14
東京,君津共同火力株式会社,6065330508,君津共同火力株式会社君津共同発電所,火力（ガス）,6号機,152900,計画停止,停止・燃料制約,,2024/03/07 06:00,あり,2024/03/08,運用停止,2024/03/04 18:20,removed,outages_20261001_081325.csv,outages_20261001_111428.csv,01/10/2026 08:13,01/10/2026 11:14
東京,君津共同火力株式会社,6065330508,君津共同火力株式会社君津共同発電所,火力（ガス）,5号機,300000,出力低下,低下・燃料制約,225000,2024/03/07 05:00,あり,2024/03/08,最大抑制量：225000KW 最小抑制量：185000KW,2024/03/04 18:19,removed,outages_20261001_081325.csv,outages_20261001_111428.csv,01/10/2026 08:13,01/10/2026 11:14
東京,君津共同火力株式会社,6065330508,君津共同火力株式会社君津共同発電所,火力（ガス）,6号機,152900,計画停止,停止・燃料制約,,2024/02/24 07:00,あり,2024/02/26,運用停止,2024/02/25 19:32,removed,outages_20261001_081325.csv,outages_20261001_111428.csv,01/10/2026 08:13,01/10/2026 11:14
東京,君津共同火力株式会社,6065330508,君津共同火力株式会社君津共同発電所,火力（ガス）,5号機,300000,出力低下,低下・燃料制約,225000,2024/02/24 06:00,あり,2024/02/25,燃料制約 抑制最大値　225000kW 抑制最小値　185000kW,2024/02/25 19:31,removed,outages_20261001_081325.csv,outages_20261001_111428.csv,01/10/2026 08:13,01/10/2026 11:14
東京,君津共同火力株式会社,6065330508,君津共同火力株式会社君津共同発電所,火力（ガス）,6号機,152900,計画停止,停止・燃料制約,,2024/02/13 06:00,あり,2024/02/15,運用停止,2024/02/13 05:04,removed,outages_20261001_081325.csv,outages_20261001_111428.csv,01/10/2026 08:13,01/10/2026 11:14
東京,君津共同火力株式会社,6065330508,君津共同火力株式会社君津共同発電所,火力（ガス）,5号機,300000,計画停止,停止・燃料制約,,2024/02/13 10:00,あり,2024/02/15,運用停止,2024/02/08 12:07,removed,outages_20261001_081325.csv,outages_20261001_111428.csv,01/10/2026 08:13,01/10/2026 11:14
東京,君津共同火力株式会社,6065330508,君津共同火力株式会社君津共同発電所,火力（ガス）,5号機,300000,出力低下,低下・燃料制約,185000,2024/02/13 05:00,あり,2024/02/13,最大低下量：225000ｋW 最小低下量：145000ｋW,2024/02/08 12:04,removed,outages_20261001_081325.csv,outages_20261001_111428.csv,01/10/2026 08:13,01/10/2026 11:14
東京,君津共同火力株式会社,6065330508,君津共同火力株式会社君津共同発電所,火力（ガス）,6号機,152900,計画停止,停止・燃料制約,,2024/01/25 13:00,あり,2024/01/26,運用停止,2024/01/25 20:39,removed,outages_20261001_081325.csv,outages_20261001_111428.csv,01/10/2026 08:13,01/10/2026 11:14
東京,君津共同火力株式会社,6065330508,君津共同火力株式会社君津共同発電所,火力（ガス）,5号機,300000,計画停止,停止・燃料制約,,2024/01/22 06:00,あり,2024/01/24,運用停止,2024/01/23 08:31,removed,outages_20261001_081325.csv,outages_20261001_111428.csv,01/10/2026 08:13,01/10/2026 11:14
東京,君津共同火力株式会社,6065330508,君津共同火力株式会社君津共同発電所,火力（ガス）,6号機,152900,計画停止,停止・燃料制約,,2024/01/17 06:00,あり,2024/01/20,運用停止,2024/01/15 16:35,removed,outages_20261001_081325.csv,outages_20261001_111428.csv,01/10/2026 08:13,01/10/2026 11:14
東京,君津共同火力株式会社,6065330508,君津共同火力株式会社君津共同発電所,火力（ガス）,5号機,300000,出力低下,低下・燃料制約,190000,2024/01/17 05:00,あり,2024/01/20,最大抑制量：225000kW 最小抑制量：150000kW,2024/01/15 16:34,removed,outages_20261001_081325.csv,outages_20261001_111428.csv,01/10/2026 08:13,01/10/2026 11:14
東京,君津共同火力株式会社,6065330508,君津共同火力株式会社君津共同発電所,火力（ガス）,5号機,300000,出力低下,低下・燃料制約,224000,2024/01/10 05:00,あり,2024/01/13,最大抑制量：224000kW 最小抑制量：185000kW,2023/12/27 15:28,removed,outages_20261001_081325.csv,outages_20261001_111428.csv,01/10/2026 08:13,01/10/2026 11:14
東京,君津共同火力株式会社,6065330508,君津共同火力株式会社君津共同発電所,火力（ガス）,6号機,152900,計画停止,停止・燃料制約,,2024/01/10 06:00,あり,2024/01/13,運用停止,2023/12/27 15:24,removed,outages_20261001_081325.csv,outages_20261001_111428.csv,01/10/2026 08:13,01/10/2026 11:14
東京,君津共同火力株式会社,6065330508,君津共同火力株式会社君津共同発電所,火力（ガス）,6号機,152900,計画停止,停止・燃料制約,,2023/12/24 06:00,あり,2023/12/27,運用停止,2023/12/26 19:58,removed,outages_20261001_081325.csv,outages_20261001_111428.csv,01/10/2026 08:13,01/10/2026 11:14
東京,君津共同火力株式会社,6065330508,君津共同火力株式会社君津共同発電所,火力（ガス）,5号機,300000,出力低下,低下・燃料制約,184000,2023/12/24 06:00,あり,2023/12/26,最大抑制量：225000KW 最小抑制量：150000KW,2023/12/25 18:10,removed,outages_20261001_081325.csv,outages_20261001_111428.csv,01/10/2026 08:13,01/10/2026 11:14
東京,君津共同火力株式会社,6065330508,君津共同火力株式会社君津共同発電所,火力（ガス）,6号機,152900,計画停止,停止・燃料制約,,2023/12/23 06:00,あり,2023/12/23,燃料制約,2023/12/22 20:09,removed,outages_20261001_081325.csv,outages_20261001_111428.csv,01/10/2026 08:13,01/10/2026 11:14
東京,君津共同火力株式会社,6065330508,君津共同火力株式会社君津共同発電所,火力（ガス）,5号機,300000,計画停止,停止・定期検査等,,2023/12/06 18:00,あり,2023/12/22,定期検査,2023/12/22 06:33,removed,outages_20261001_081325.csv,outages_20261001_111428.csv,01/10/2026 08:13,01/10/2026 11:14
東京,君津共同火力株式会社,6065330508,君津共同火力株式会社君津共同発電所,火力（ガス）,4号機,350000,計画停止,停止・定期検査等,,2023/09/18 05:00,あり,2023/11/24,運用停止,2023/11/23 11:10,removed,outages_20261001_081325.csv,outages_20261001_111428.csv,01/10/2026 08:13,01/10/2026 11:14
東京,君津共同火力株式会社,6065330508,君津共同火力株式会社君津共同発電所,火力（ガス）,5号機,300000,計画外停止,停止・燃料制約,,2023/11/22 06:27,あり,2023/11/23,設備不具合,2023/11/22 14:32,removed,outages_20261001_081325.csv,outages_20261001_111428.csv,01/10/2026 08:13,01/10/2026 11:14
東京,君津共同火力株式会社,6065330508,君津共同火力株式会社君津共同発電所,火力（ガス）,3号機,350000,出力低下,低下・送電線等制約,72000,2023/11/21 10:00,あり,2023/11/21,最大抑制量：122000kW 最小抑制量：32000kW,2023/11/21 17:39,removed,outages_20261001_081325.csv,outages_20261001_111428.csv,01/10/2026 08:13,01/10/2026 11:14
東京,君津共同火力株式会社,6065330508,君津共同火力株式会社君津共同発電所,火力（ガス）,6号機,152900,計画停止,停止・燃料制約,,2023/11/14 06:00,あり,2023/11/18,運用停止,2023/11/17 18:04,removed,outages_20261001_081325.csv,outages_20261001_111428.csv,01/10/2026 08:13,01/10/2026 11:14
東京,君津共同火力株式会社,6065330508,君津共同火力株式会社君津共同発電所,火力（ガス）,5号機,300000,出力低下,低下・燃料制約,225000,2023/11/14 05:00,あり,2023/11/17,燃料制約 抑制最大値　225000 抑制最小値　185000,2023/11/17 18:04,removed,outages_20261001_081325.csv,outages_20261001_111428.csv,01/10/2026 08:13,01/10/2026 11:14
東京,君津共同火力株式会社,6065330508,君津共同火力株式会社君津共同発電所,火力（ガス）,5号機,300000,出力低下,低下・燃料制約,190000,2023/11/06 05:00,あり,2023/11/08,抑制最大値　225000 抑制最小値　150000,2023/11/04 13:36,removed,outages_20261001_081325.csv,outages_20261001_111428.csv,01/10/2026 08:13,01/10/2026 11:14
東京,君津共同火力株式会社,6065330508,君津共同火力株式会社君津共同発電所,火力（ガス）,6号機,152900,計画停止,停止・燃料制約,,2023/11/06 05:00,あり,2023/11/08,運用停止,2023/11/04 13:30,removed,outages_20261001_081325.csv,outages_20261001_111428.csv,01/10/2026 08:13,01/10/2026 11:14
東京,君津共同火力株式会社,6065330508,君津共同火力株式会社君津共同発電所,火力（ガス）,5号機,300000,計画停止,停止・燃料制約,,2023/10/09 06:00,あり,2023/10/11,運用停止,2023/10/05 20:09,removed,outages_20261001_081325.csv,outages_20261001_111428.csv,01/10/2026 08:13,01/10/2026 11:14
東京,君津共同火力株式会社,6065330508,君津共同火力株式会社君津共同発電所,火力（ガス）,6号機,152900,計画停止,停止・燃料制約,,2023/10/15 17:00,あり,2023/10/21,運用停止,2023/10/03 18:46,removed,outages_20261001_081325.csv,outages_20261001_111428.csv,01/10/2026 08:13,01/10/2026 11:14
東京,君津共同火力株式会社,6065330508,君津共同火力株式会社君津共同発電所,火力（ガス）,5号機,300000,出力低下,低下・燃料制約,190000,2023/10/15 16:00,あり,2023/10/21,最大低下量：225000kW 最小低下量：150000kW,2023/10/03 18:45,removed,outages_20261001_081325.csv,outages_20261001_111428.csv,01/10/2026 08:13,01/10/2026 11:14
東京,君津共同火力株式会社,6065330508,君津共同火力株式会社君津共同発電所,火力（ガス）,5号機,300000,計画外停止,停止・燃料制約,,2023/09/30 03:52,あり,2023/10/02,設備不具合,2023/10/01 17:44,removed,outages_20261001_081325.csv,outages_20261001_111428.csv,01/10/2026 08:13,01/10/2026 11:14
東京,君津共同火力株式会社,6065330508,君津共同火力株式会社君津共同発電所,火力（ガス）,6号機,152900,計画停止,停止・燃料制約,,2023/09/30 01:00,あり,2023/09/30,運用停止,2023/09/30 12:57,removed,outages_20261001_081325.csv,outages_20261001_111428.csv,01/10/2026 08:13,01/10/2026 11:14
東京,君津共同火力株式会社,6065330508,君津共同火力株式会社君津共同発電所,火力（ガス）,6号機,152900,計画停止,停止・燃料制約,,2023/09/28 12:00,あり,2023/09/29,運用停止,2023/09/28 20:14,removed,outages_20261001_081325.csv,outages_20261001_111428.csv,01/10/2026 08:13,01/10/2026 11:14
東京,君津共同火力株式会社,6065330508,君津共同火力株式会社君津共同発電所,火力（ガス）,5号機,300000,計画停止,停止・燃料制約,,2023/09/11 06:00,あり,2023/09/14,燃料制約,2023/09/10 13:05,removed,outages_20261001_081325.csv,outages_20261001_111428.csv,01/10/2026 08:13,01/10/2026 11:14
東京,君津共同火力株式会社,6065330508,君津共同火力株式会社君津共同発電所,火力（ガス）,3号機,350000,計画外停止,停止・設備故障,,2023/09/07 17:30,あり,2023/09/12,設備不具合,2023/09/08 19:57,removed,outages_20261001_081325.csv,outages_20261001_111428.csv,01/10/2026 08:13,01/10/2026 11:14
東京,君津共同火力株式会社,6065330508,君津共同火力株式会社君津共同発電所,火力（ガス）,5号機,300000,計画停止,停止・燃料制約,,2023/09/06 05:00,あり,2023/09/09,運用停止,2023/09/08 19:05,removed,outages_20261001_081325.csv,outages_20261001_111428.csv,01/10/2026 08:13,01/10/2026 11:14
東京,君津共同火力株式会社,6065330508,君津共同火力株式会社君津共同発電所,火力（ガス）,6号機,152900,計画外停止,停止・燃料制約,,2023/08/25 10:00,あり,2023/08/26,設備不具合,2023/08/25 20:30,removed,outages_20261001_081325.csv,outages_20261001_111428.csv,01/10/2026 08:13,01/10/2026 11:14
東京,君津共同火力株式会社,6065330508,君津共同火力株式会社君津共同発電所,火力（ガス）,6号機,152900,計画停止,停止・燃料制約,,2023/08/19 05:00,あり,2023/08/19,運用停止,2023/08/18 18:48,removed,outages_20261001_081325.csv,outages_20261001_111428.csv,01/10/2026 08:13,01/10/2026 11:14
東京,君津共同火力株式会社,6065330508,君津共同火力株式会社君津共同発電所,火力（ガス）,6号機,152900,計画停止,停止・燃料制約,,2023/08/17 06:00,あり,2023/08/19,燃料制約,2023/08/17 22:34,removed,outages_20261001_081325.csv,outages_20261001_111428.csv,01/10/2026 08:13,01/10/2026 11:14
東京,君津共同火力株式会社,6065330508,君津共同火力株式会社君津共同発電所,火力（ガス）,5号機,300000,出力低下,低下・燃料制約,200000,2023/08/17 05:00,あり,2023/08/18,燃料制約 抑制最大値　225000ｋＷ 抑制最小値　160000ｋＷ,2023/08/16 14:50,removed,outages_20261001_081325.csv,outages_20261001_111428.csv,01/10/2026 08:13,01/10/2026 11:14
東京,君津共同火力株式会社,6065330508,君津共同火力株式会社君津共同発電所,火力（ガス）,5号機,300000,出力低下,低下・燃料制約,190000,2023/08/08 05:00,あり,2023/08/10,最大抑制量：225000KW 最小抑制量：150000KW,2023/07/28 16:06,removed,outages_20261001_081325.csv,outages_20261001_111428.csv,01/10/2026 08:13,01/10/2026 11:14
東京,君津共同火力株式会社,6065330508,君津共同火力株式会社君津共同発電所,火力（ガス）,5号機,300000,出力低下,低下・燃料制約,225000,2023/08/01 05:00,あり,2023/08/04,最大抑制量：225000KW 最小抑制量：185000KW,2023/07/28 16:04,removed,outages_20261001_081325.csv,outages_20261001_111428.csv,01/10/2026 08:13,01/10/2026 11:14
東京,君津共同火力株式会社,6065330508,君津共同火力株式会社君津共同発電所,火力（ガス）,6号機,152900,計画停止,停止・燃料制約,,2023/08/08 06:00,あり,2023/08/10,運用停止,2023/07/28 16:03,removed,outages_20261001_081325.csv,outages_20261001_111428.csv,01/10/2026 08:13,01/10/2026 11:14
東京,君津共同火力株式会社,6065330508,君津共同火力株式会社君津共同発電所,火力（ガス）,6号機,152900,計画停止,停止・燃料制約,,2023/08/01 06:00,あり,2023/08/04,運用停止,2023/07/28 16:02,removed,outages_20261001_081325.csv,outages_20261001_111428.csv,01/10/2026 08:13,01/10/2026 11:14
東京,君津共同火力株式会社,6065330508,君津共同火力株式会社君津共同発電所,火力（ガス）,6号機,152900,計画停止,停止・燃料制約,,2023/07/21 08:00,あり,2023/07/21,運用停止,2023/07/21 06:58,removed,outages_20261001_081325.csv,outages_20261001_111428.csv,01/10/2026 08:13,01/10/2026 11:14
東京,君津共同火力株式会社,6065330508,君津共同火力株式会社君津共同発電所,火力（ガス）,5号機,300000,計画停止,停止・燃料制約,,2023/07/11 05:00,あり,2023/07/13,運用停止,2023/07/10 19:49,removed,outages_20261001_081325.csv,outages_20261001_111428.csv,01/10/2026 08:13,01/10/2026 11:14
東京,君津共同火力株式会社,6065330508,君津共同火力株式会社君津共同発電所,火力（ガス）,5号機,300000,出力低下,低下・燃料制約,190000,2023/07/25 05:00,あり,2023/07/28,最大抑制量：225000MW 最小抑制量：150000MW,2023/07/07 18:44,removed,outages_20261001_081325.csv,outages_20261001_111428.csv,01/10/2026 08:13,01/10/2026 11:14
東京,君津共同火力株式会社,6065330508,君津共同火力株式会社君津共同発電所,火力（ガス）,6号機,152900,計画停止,停止・燃料制約,,2023/07/25 06:00,あり,2023/07/28,運用停止,2023/07/07 18:41,removed,outages_20261001_081325.csv,outages_20261001_111428.csv,01/10/2026 08:13,01/10/2026 11:14
東京,君津共同火力株式会社,6065330508,君津共同火力株式会社君津共同発電所,火力（ガス）,6号機,152900,計画停止,停止・燃料制約,,2023/07/06 06:00,あり,2023/07/07,運用停止,2023/07/05 20:47,removed,outages_20261001_081325.csv,outages_20261001_111428.csv,01/10/2026 08:13,01/10/2026 11:14
東京,君津共同火力株式会社,6065330508,君津共同火力株式会社君津共同発電所,火力（ガス）,6号機,152900,計画停止,停止・燃料制約,,2023/07/03 09:00,あり,2023/07/03,運用停止,2023/07/03 07:51,removed,outages_20261001_081325.csv,outages_20261001_111428.csv,01/10/2026 08:13,01/10/2026 11:14
東京,君津共同火力株式会社,6065330508,君津共同火力株式会社君津共同発電所,火力（ガス）,6号機,152900,計画停止,停止・定期検査等,,2023/05/09 06:00,あり,2023/06/26,運用停止,2023/06/24 21:26,removed,outages_20261001_081325.csv,outages_20261001_111428.csv,01/10/2026 08:13,01/10/2026 11:14
東京,君津共同火力株式会社,6065330508,君津共同火力株式会社君津共同発電所,火力（ガス）,5号機,300000,計画停止,停止・燃料制約,,2023/06/23 01:00,あり,2023/06/24,運用停止,2023/06/23 00:09,removed,outages_20261001_081325.csv,outages_20261001_111428.csv,01/10/2026 08:13,01/10/2026 11:14
東京,君津共同火力株式会社,6065330508,君津共同火力株式会社君津共同発電所,火力（ガス）,5号機,300000,計画停止,停止・燃料制約,,2023/06/12 06:00,あり,2023/06/15,運用停止,2023/06/11 20:58,removed,outages_20261001_081325.csv,outages_20261001_111428.csv,01/10/2026 08:13,01/10/2026 11:14
東京,君津共同火力株式会社,6065330508,君津共同火力株式会社君津共同発電所,火力（ガス）,5号機,300000,出力低下,低下・燃料制約,225000,2023/06/09 05:00,あり,2023/06/12,燃料制約 抑制最大値　225000kW 抑制最小値　185000kW,2023/06/11 20:58,removed,outages_20261001_081325.csv,outages_20261001_111428.csv,01/10/2026 08:13,01/10/2026 11:14
東京,君津共同火力株式会社,6065330508,君津共同火力株式会社君津共同発電所,火力（ガス）,5号機,300000,計画外停止,停止・燃料制約,,2023/06/03 07:13,あり,2023/06/06,設備不具合,2023/06/05 20:34,removed,outages_20261001_081325.csv,outages_20261001_111428.csv,01/10/2026 08:13,01/10/2026 11:14
東京,君津共同火力株式会社,6065330508,君津共同火力株式会社君津共同発電所,火力（ガス）,5号機,300000,出力低下,低下・燃料制約,180000,2023/05/23 05:00,あり,2023/05/24,燃料制約 抑制最大値220000kW 抑制最小値140000kW,2023/05/24 10:56,removed,outages_20261001_081325.csv,outages_20261001_111428.csv,01/10/2026 08:13,01/10/2026 11:14
東京,君津共同火力株式会社,6065330508,君津共同火力株式会社君津共同発電所,火力（ガス）,4号機,350000,計画停止,停止・設備故障,,2023/05/16 09:30,あり,2023/05/19,設備不具合,2023/05/12 10:34,removed,outages_20261001_081325.csv,outages_20261001_111428.csv,01/10/2026 08:13,01/10/2026 11:14
東京,君津共同火力株式会社,6065330508,君津共同火力株式会社君津共同発電所,火力（ガス）,5号機,300000,計画停止,停止・燃料制約,,2023/05/10 06:00,あり,2023/05/12,運用停止,2023/05/09 05:15,removed,outages_20261001_081325.csv,outages_20261001_111428.csv,01/10/2026 08:13,01/10/2026 11:14
東京,君津共同火力株式会社,6065330508,君津共同火力株式会社君津共同発電所,火力（ガス）,5号機,300000,計画停止,停止・燃料制約,,2023/04/26 06:00,あり,2023/04/28,運用停止,2023/04/25 23:47,removed,outages_20261001_081325.csv,outages_20261001_111428.csv,01/10/2026 08:13,01/10/2026 11:14
東京,君津共同火力株式会社,6065330508,君津共同火力株式会社君津共同発電所,火力（ガス）,6号機,152900,計画停止,停止・燃料制約,,2023/04/24 10:00,あり,2023/04/28,運用停止,2023/04/25 23:45,removed,outages_20261001_081325.csv,outages_20261001_111428.csv,01/10/2026 08:13,01/10/2026 11:14
東京,君津共同火力株式会社,6065330508,君津共同火力株式会社君津共同発電所,火力（ガス）,4号機,350000,計画停止,停止・設備故障,,2023/04/19 22:00,あり,2023/04/21,運用停止,2023/04/21 03:08,removed,outages_20261001_081325.csv,outages_20261001_111428.csv,01/10/2026 08:13,01/10/2026 11:14
東京,君津共同火力株式会社,6065330508,君津共同火力株式会社君津共同発電所,火力（ガス）,4号機,350000,計画停止,停止・設備故障,,2023/04/09 02:00,あり,2023/04/18,運用停止,2023/04/17 16:49,removed,outages_20261001_081325.csv,outages_20261001_111428.csv,01/10/2026 08:13,01/10/2026 11:14
東京,君津共同火力株式会社,6065330508,君津共同火力株式会社君津共同発電所,火力（ガス）,6号機,152900,計画外停止,停止・燃料制約,,2023/04/14 20:00,あり,2023/04/15,設備不具合,2023/04/14 19:12,removed,outages_20261001_081325.csv,outages_20261001_111428.csv,01/10/2026 08:13,01/10/2026 11:14
東京,君津共同火力株式会社,6065330508,君津共同火力株式会社君津共同発電所,火力（ガス）,6号機,152900,計画外停止,停止・燃料制約,,2023/04/05 18:00,あり,2023/04/13,設備不具合,2023/04/13 19:16,removed,outages_20261001_081325.csv,outages_20261001_111428.csv,01/10/2026 08:13,01/10/2026 11:14
東京,君津共同火力株式会社,6065330508,君津共同火力株式会社君津共同発電所,火力（ガス）,5号機,300000,出力低下,低下・燃料制約,180000,2023/04/06 03:00,あり,2023/04/12,燃料制約 抑制最大値　220000kW　 抑制最低値　140000kW,2023/04/12 20:27,removed,outages_20261001_081325.csv,outages_20261001_111428.csv,01/10/2026 08:13,01/10/2026 11:14
東京,君津共同火力株式会社,6065330508,君津共同火力株式会社君津共同発電所,火力（ガス）,3号機,350000,計画停止,停止・定期検査等,,2023/04/05 18:00,あり,2023/04/11,運用停止,2023/04/11 20:46,removed,outages_20261001_081325.csv,outages_20261001_111428.csv,01/10/2026 08:13,01/10/2026 11:14
東京,君津共同火力株式会社,6065330508,君津共同火力株式会社君津共同発電所,火力（ガス）,5号機,300000,計画停止,停止・燃料制約,,2023/04/19 06:00,あり,2023/04/22,運用停止,2023/04/02 16:20,removed,outages_20261001_081325.csv,outages_20261001_111428.csv,01/10/2026 08:13,01/10/2026 11:14
東京,君津共同火力株式会社,6065330508,君津共同火力株式会社君津共同発電所,火力（ガス）,5号機,300000,出力低下,低下・燃料制約,225000,2023/04/18 09:00,あり,2023/04/19,燃料制約による出力低下 最大抑制量：225000KW 最小抑制量：185000KW,2023/04/02 16:20,removed,outages_20261001_081325.csv,outages_20261001_111428.csv,01/10/2026 08:13,01/10/2026 11:14
東京,君津共同火力株式会社,6065330508,君津共同火力株式会社君津共同発電所,火力（ガス）,6号機,152900,計画停止,停止・燃料制約,,2023/04/06 06:00,あり,2023/04/09,運用停止,2023/04/02 16:16,removed,outages_20261001_081325.csv,outages_20261001_111428.csv,01/10/2026 08:13,01/10/2026 11:14
東京,君津共同火力株式会社,6065330508,君津共同火力株式会社君津共同発電所,火力（ガス）,5号機,300000,出力低下,低下・燃料制約,225000,2023/04/06 05:00,あり,2023/04/09,燃料制約に伴う出力低下 最大抑制量：225000ｋW 最小抑制量：185000ｋW,2023/04/02 16:15,removed,outages_20261001_081325.csv,outages_20261001_111428.csv,01/10/2026 08:13,01/10/2026 11:14
東京,君津共同火力株式会社,6065330508,君津共同火力株式会社君津共同発電所,火力（ガス）,5号機,300000,出力低下,低下・燃料制約,100000,2023/03/21 14:30,あり,2023/03/23,燃料制約に伴う出力低下 抑制最大値 : 140000kW 抑制最小値 : 60000kW,2023/03/23 12:27,removed,outages_20261001_081325.csv,outages_20261001_111428.csv,01/10/2026 08:13,01/10/2026 11:14
東京,君津共同火力株式会社,6065330508,君津共同火力株式会社君津共同発電所,火力（ガス）,5号機,300000,出力低下,低下・燃料制約,225000,2023/03/16 11:32,あり,2023/03/20,抑制最大値 225000kW 抑制最小値 185000kW,2023/03/20 15:12,removed,outages_20261001_081325.csv,outages_20261001_111428.csv,01/10/2026 08:13,01/10/2026 11:14
東京,君津共同火力株式会社,6065330508,君津共同火力株式会社君津共同発電所,火力（ガス）,6号機,152900,計画停止,停止・燃料制約,,2023/03/13 06:00,あり,2023/03/20,運用停止,2023/03/20 15:12,removed,outages_20261001_081325.csv,outages_20261001_111428.csv,01/10/2026 08:13,01/10/2026 11:14
東京,君津共同火力株式会社,6065330508,君津共同火力株式会社君津共同発電所,火力（ガス）,5号機,300000,出力低下,低下・燃料制約,200000,2023/03/13 05:00,あり,2023/03/16,最大低下量：225000kW 最小低下量：160000kW,2023/03/16 16:01,removed,outages_20261001_081325.csv,outages_20261001_111428.csv,01/10/2026 08:13,01/10/2026 11:14
東京,君津共同火力株式会社,6065330508,君津共同火力株式会社君津共同発電所,火力（ガス）,4号機,350000,計画外停止,停止・設備故障,,2023/03/11 12:01,あり,2023/03/14,設備不具合,2023/03/13 20:42,removed,outages_20261001_081325.csv,outages_20261001_111428.csv,01/10/2026 08:13,01/10/2026 11:14
東京,君津共同火力株式会社,6065330508,君津共同火力株式会社君津共同発電所,火力（ガス）,5号機,300000,計画停止,停止・燃料制約,,2023/03/07 06:00,あり,2023/03/12,運用停止,2023/03/11 20:34,removed,outages_20261001_081325.csv,outages_20261001_111428.csv,01/10/2026 08:13,01/10/2026 11:14
東京,君津共同火力株式会社,6065330508,君津共同火力株式会社君津共同発電所,火力（ガス）,6号機,152900,計画外停止,停止・燃料制約,,2023/03/10 06:44,あり,2023/03/11,設備不具合,2023/03/11 05:19,removed,outages_20261001_081325.csv,outages_20261001_111428.csv,01/10/2026 08:13,01/10/2026 11:14
東京,君津共同火力株式会社,6065330508,君津共同火力株式会社君津共同発電所,火力（ガス）,5号機,300000,出力低下,低下・燃料制約,180000,2023/03/28 05:00,あり,2023/03/29,最大抑制量：220000kW 最小抑制量：140000kW,2023/03/06 16:45,removed,outages_20261001_081325.csv,outages_20261001_111428.csv,01/10/2026 08:13,01/10/2026 11:14
東京,君津共同火力株式会社,6065330508,君津共同火力株式会社君津共同発電所,火力（ガス）,6号機,152900,計画停止,停止・燃料制約,,2023/03/28 06:00,あり,2023/03/30,運用停止,2023/03/06 16:43,removed,outages_20261001_081325.csv,outages_20261001_111428.csv,01/10/2026 08:13,01/10/2026 11:14
東京,君津共同火力株式会社,6065330508,君津共同火力株式会社君津共同発電所,火力（ガス）,5号機,300000,出力低下,低下・燃料制約,180000,2023/02/20 05:00,あり,2023/02/22,燃料制約 抑制最大値　220000ｋｗ 抑制最小値　140000ｋｗ,2023/02/22 20:17,removed,outages_20261001_081325.csv,outages_20261001_111428.csv,01/10/2026 08:13,01/10/2026 11:14
東京,君津共同火力株式会社,6065330508,君津共同火力株式会社君津共同発電所,火力（ガス）,6号機,152900,計画停止,停止・燃料制約,,2023/02/20 06:00,あり,2023/02/23,運用停止,2023/02/20 04:57,removed,outages_20261001_081325.csv,outages_20261001_111428.csv,01/10/2026 08:13,01/10/2026 11:14
東京,君津共同火力株式会社,6065330508,君津共同火力株式会社君津共同発電所,火力（ガス）,5号機,300000,計画外停止,停止・燃料制約,,2023/02/14 14:47,あり,2023/02/18,設備不具合,2023/02/18 04:43,removed,outages_20261001_081325.csv,outages_20261001_111428.csv,01/10/2026 08:13,01/10/2026 11:14
東京,君津共同火力株式会社,6065330508,君津共同火力株式会社君津共同発電所,火力（ガス）,6号機,152900,計画停止,停止・燃料制約,,2023/02/14 06:00,あり,2023/02/18,運用停止,2023/02/18 04:43,removed,outages_20261001_081325.csv,outages_20261001_111428.csv,01/10/2026 08:13,01/10/2026 11:14
東京,君津共同火力株式会社,6065330508,君津共同火力株式会社君津共同発電所,火力（ガス）,6号機,152900,計画停止,停止・燃料制約,,2023/02/07 06:00,あり,2023/02/11,運用停止,2023/02/10 15:48,removed,outages_20261001_081325.csv,outages_20261001_111428.csv,01/10/2026 08:13,01/10/2026 11:14
東京,君津共同火力株式会社,6065330508,君津共同火力株式会社君津共同発電所,火力（ガス）,5号機,300000,計画外停止,停止・燃料制約,,2023/02/07 06:30,あり,2023/02/10,設備不具合,2023/02/10 02:32,removed,outages_20261001_081325.csv,outages_20261001_111428.csv,01/10/2026 08:13,01/10/2026 11:14
東京,君津共同火力株式会社,6065330508,君津共同火力株式会社君津共同発電所,火力（ガス）,5号機,300000,出力低下,低下・燃料制約,180000,2023/02/07 05:00,あり,2023/02/10,燃料制約 抑制最大値　220000ｋｗ 抑制最小値　140000ｋｗ,2023/02/06 19:12,removed,outages_20261001_081325.csv,outages_20261001_111428.csv,01/10/2026 08:13,01/10/2026 11:14
東京,君津共同火力株式会社,6065330508,君津共同火力株式会社君津共同発電所,火力（ガス）,5号機,300000,出力低下,低下・燃料制約,200000,2023/02/04 23:33,あり,2023/02/07,燃料制約 抑制最大値　225000ｋｗ 抑制最小値　160000ｋｗ,2023/02/06 18:58,removed,outages_20261001_081325.csv,outages_20261001_111428.csv,01/10/2026 08:13,01/10/2026 11:14
東京,君津共同火力株式会社,6065330508,君津共同火力株式会社君津共同発電所,火力（ガス）,4号機,350000,出力低下,低下・設備故障,210000,2023/02/04 22:39,あり,2023/02/07,設備故障 抑制最大値　240000ｋｗ 抑制最小値　170000ｋｗ,2023/02/06 18:58,removed,outages_20261001_081325.csv,outages_20261001_111428.csv,01/10/2026 08:13,01/10/2026 11:14
東京,君津共同火力株式会社,6065330508,君津共同火力株式会社君津共同発電所,火力（ガス）,6号機,152900,計画停止,停止・燃料制約,,2023/01/27 17:00,あり,2023/01/28,運用停止,2023/01/28 22:21,removed,outages_20261001_081325.csv,outages_20261001_111428.csv,01/10/2026 08:13,01/10/2026 11:14
東京,君津共同火力株式会社,6065330508,君津共同火力株式会社君津共同発電所,火力（ガス）,6号機,152900,計画停止,停止・燃料制約,,2023/01/24 06:00,あり,2023/01/26,運用停止,2023/01/26 17:35,removed,outages_20261001_081325.csv,outages_20261001_111428.csv,01/10/2026 08:13,01/10/2026 11:14
東京,君津共同火力株式会社,6065330508,君津共同火力株式会社君津共同発電所,火力（ガス）,5号機,300000,計画外停止,停止・燃料制約,,2023/01/25 18:29,あり,2023/01/27,設備不具合,2023/01/26 04:54,removed,outages_20261001_081325.csv,outages_20261001_111428.csv,01/10/2026 08:13,01/10/2026 11:14
東京,君津共同火力株式会社,6065330508,君津共同火力株式会社君津共同発電所,火力（ガス）,5号機,300000,出力低下,低下・燃料制約,180000,2023/01/24 05:00,あり,2023/01/27,燃料制約 抑制最大値　220000ｋｗ 抑制最小値　140000ｋｗ,2023/01/24 05:11,removed,outages_20261001_081325.csv,outages_20261001_111428.csv,01/10/2026 08:13,01/10/2026 11:14
東京,君津共同火力株式会社,6065330508,君津共同火力株式会社君津共同発電所,火力（ガス）,5号機,300000,出力低下,低下・燃料制約,100000,2023/01/14 16:00,あり,2023/01/16,燃料制約 抑制最大値　140000kW 抑制最小値　60000kW,2023/01/15 20:46,removed,outages_20261001_081325.csv,outages_20261001_111428.csv,01/10/2026 08:13,01/10/2026 11:14
東京,君津共同火力株式会社,6065330508,君津共同火力株式会社君津共同発電所,火力（ガス）,5号機,300000,計画停止,停止・燃料制約,,2023/01/11 06:00,あり,2023/01/14,燃料制約,2023/01/10 21:14,removed,outages_20261001_081325.csv,outages_20261001_111428.csv,01/10/2026 08:13,01/10/2026 11:14
東京,君津共同火力株式会社,6065330508,君津共同火力株式会社君津共同発電所,火力（ガス）,5号機,300000,出力低下,低下・燃料制約,100000,2023/01/04 00:00,あり,2023/01/08,燃料制約 抑制最大値　140000kW 抑制最小値　60000kW,2023/01/08 03:17,removed,outages_20261001_081325.csv,outages_20261001_111428.csv,01/10/2026 08:13,01/10/2026 11:14
東京,君津共同火力株式会社,6065330508,君津共同火力株式会社君津共同発電所,火力（ガス）,4号機,350000,計画停止,停止・設備故障,,2023/01/05 15:00,あり,2023/01/09,設備不具合,2023/01/04 17:13,removed,outages_20261001_081325.csv,outages_20261001_111428.csv,01/10/2026 08:13,01/10/2026 11:14
東京,君津共同火力株式会社,6065330508,君津共同火力株式会社君津共同発電所,火力（ガス）,5号機,300000,出力低下,低下・燃料制約,100000,2022/12/29 04:30,あり,2023/01/02,燃料制約,2023/01/02 20:54,removed,outages_20261001_081325.csv,outages_20261001_111428.csv,01/10/2026 08:13,01/10/2026 11:14
東京,君津共同火力株式会社,6065330508,君津共同火力株式会社君津共同発電所,火力（ガス）,5号機,300000,計画外停止,停止・その他,,2022/12/07 06:00,あり,2022/12/28,設備不具合,2022/12/27 20:54,removed,outages_20261001_081325.csv,outages_20261001_111428.csv,01/10/2026 08:13,01/10/2026 11:14
東京,君津共同火力株式会社,6065330508,君津共同火力株式会社君津共同発電所,火力（ガス）,6号機,152900,計画外停止,停止・燃料制約,,2022/12/26 20:10,あり,2022/12/27,設備不具合,2022/12/27 13:33,removed,outages_20261001_081325.csv,outages_20261001_111428.csv,01/10/2026 08:13,01/10/2026 11:14
東京,君津共同火力株式会社,6065330508,君津共同火力株式会社君津共同発電所,火力（ガス）,6号機,152900,計画外停止,停止・燃料制約,,2022/12/14 10:33,あり,2022/12/14,設備不具合,2022/12/14 16:55,removed,outages_20261001_081325.csv,outages_20261001_111428.csv,01/10/2026 08:13,01/10/2026 11:14
東京,君津共同火力株式会社,6065330508,君津共同火力株式会社君津共同発電所,火力（ガス）,6号機,152900,計画停止,停止・燃料制約,,2022/12/07 05:00,あり,2022/12/10,運用停止,2022/12/06 19:52,removed,outages_20261001_081325.csv,outages_20261001_111428.csv,01/10/2026 08:13,01/10/2026 11:14
東京,君津共同火力株式会社,6065330508,君津共同火力株式会社君津共同発電所,火力（ガス）,5号機,300000,出力低下,低下・燃料制約,150000,2022/12/06 12:00,あり,2022/12/07,燃料制約 抑制最大値　190000ｋｗ 抑制最小値　110000ｋｗ,2022/12/06 19:51,removed,outages_20261001_081325.csv,outages_20261001_111428.csv,01/10/2026 08:13,01/10/2026 11:14
東京,君津共同火力株式会社,6065330508,君津共同火力株式会社君津共同発電所,火力（ガス）,6号機,152900,計画外停止,停止・燃料制約,,2022/12/03 09:00,あり,2022/12/03,設備不具合,2022/12/03 07:21,removed,outages_20261001_081325.csv,outages_20261001_111428.csv,01/10/2026 08:13,01/10/2026 11:14
東京,君津共同火力株式会社,6065330508,君津共同火力株式会社君津共同発電所,火力（ガス）,6号機,152900,計画停止,停止・燃料制約,,2022/11/28 06:00,あり,2022/12/02,運用停止,2022/12/01 12:41,removed,outages_20261001_081325.csv,outages_20261001_111428.csv,01/10/2026 08:13,01/10/2026 11:14
東京,君津共同火力株式会社,6065330508,君津共同火力株式会社君津共同発電所,火力（ガス）,5号機,300000,出力低下,低下・燃料制約,180000,2022/11/28 05:00,あり,2022/12/01,燃料制約 抑制最大値　220000ｋｗ 抑制最小値　140000ｋｗ,2022/11/27 19:41,removed,outages_20261001_081325.csv,outages_20261001_111428.csv,01/10/2026 08:13,01/10/2026 11:14
東京,君津共同火力株式会社,6065330508,君津共同火力株式会社君津共同発電所,火力（ガス）,6号機,152900,計画停止,停止・燃料制約,,2022/11/15 06:00,あり,2022/11/18,運用停止,2022/11/14 20:41,removed,outages_20261001_081325.csv,outages_20261001_111428.csv,01/10/2026 08:13,01/10/2026 11:14
東京,君津共同火力株式会社,6065330508,君津共同火力株式会社君津共同発電所,火力（ガス）,6号機,152900,計画外停止,停止・燃料制約,,2022/11/01 00:18,あり,2022/11/02,設備不具合,2022/11/02 16:16,removed,outages_20261001_081325.csv,outages_20261001_111428.csv,01/10/2026 08:13,01/10/2026 11:14
東京,君津共同火力株式会社,6065330508,君津共同火力株式会社君津共同発電所,火力（ガス）,6号機,152900,計画外停止,停止・燃料制約,,2022/10/24 08:00,あり,2022/10/26,設備不具合,2022/10/26 18:47,removed,outages_20261001_081325.csv,outages_20261001_111428.csv,01/10/2026 08:13,01/10/2026 11:14
東京,君津共同火力株式会社,6065330508,君津共同火力株式会社君津共同発電所,火力（ガス）,6号機,152900,計画外停止,停止・燃料制約,,2022/10/12 12:28,あり,2022/10/13,設備不具合,2022/10/12 23:52,removed,outages_20261001_081325.csv,outages_20261001_111428.csv,01/10/2026 08:13,01/10/2026 11:14
東京,君津共同火力株式会社,6065330508,君津共同火力株式会社君津共同発電所,火力（ガス）,5号機,300000,計画停止,停止・定期検査等,,2022/10/01 18:00,あり,2022/11/27,定検停止,2022/10/01 15:32,removed,outages_20261001_081325.csv,outages_20261001_111428.csv,01/10/2026 08:13,01/10/2026 11:14
東京,君津共同火力株式会社,6065330508,君津共同火力株式会社君津共同発電所,火力（ガス）,5号機,300000,出力低下,低下・燃料制約,200000,2022/09/29 06:00,あり,2022/09/30,燃料制約 抑制最大値　225000ｋｗ 抑制最小値　160000ｋｗ,2022/09/29 05:57,removed,outages_20261001_081325.csv,outages_20261001_111428.csv,01/10/2026 08:13,01/10/2026 11:14
東京,君津共同火力株式会社,6065330508,君津共同火力株式会社君津共同発電所,火力（ガス）,6号機,152900,計画停止,停止・燃料制約,,2022/09/29 07:00,あり,2022/09/30,運用停止,2022/09/29 05:53,removed,outages_20261001_081325.csv,outages_20261001_111428.csv,01/10/2026 08:13,01/10/2026 11:14
東京,君津共同火力株式会社,6065330508,君津共同火力株式会社君津共同発電所,火力（ガス）,6号機,152900,計画外停止,停止・燃料制約,,2022/09/24 11:00,あり,2022/09/24,設備不具合,2022/09/24 10:04,removed,outages_20261001_081325.csv,outages_20261001_111428.csv,01/10/2026 08:13,01/10/2026 11:14
東京,君津共同火力株式会社,6065330508,君津共同火力株式会社君津共同発電所,火力（ガス）,6号機,152900,計画停止,停止・定期検査等,,2022/09/01 06:00,あり,2022/09/23,定期点検,2022/09/22 10:31,removed,outages_20261001_081325.csv,outages_20261001_111428.csv,01/10/2026 08:13,01/10/2026 11:14
東京,君津共同火力株式会社,6065330508,君津共同火力株式会社君津共同発電所,火力（ガス）,5号機,300000,出力低下,低下・燃料制約,180000,2022/09/19 04:00,あり,2022/09/20,燃料制約 抑制最大値　220000 抑制最小値　140000,2022/09/18 22:29,removed,outages_20261001_081325.csv,outages_20261001_111428.csv,01/10/2026 08:13,01/10/2026 11:14
東京,君津共同火力株式会社,6065330508,君津共同火力株式会社君津共同発電所,火力（ガス）,5号機,300000,出力低下,低下・燃料制約,215000,2022/09/01 05:00,あり,2022/09/03,燃料制約,2022/09/02 08:07,removed,outages_20261001_081325.csv,outages_20261001_111428.csv,01/10/2026 08:13,01/10/2026 11:14
東京,君津共同火力株式会社,6065330508,君津共同火力株式会社君津共同発電所,火力（ガス）,5号機,300000,出力低下,低下・燃料制約,210000,2022/08/29 05:00,あり,2022/08/31,燃料制約 抑制最大値　225000 抑制最小値　170000,2022/08/29 06:54,removed,outages_20261001_081325.csv,outages_20261001_111428.csv,01/10/2026 08:13,01/10/2026 11:14
東京,君津共同火力株式会社,6065330508,君津共同火力株式会社君津共同発電所,火力（ガス）,6号機,152900,計画停止,停止・燃料制約,,2022/08/29 06:00,あり,2022/08/31,運用停止,2022/08/29 06:49,removed,outages_20261001_081325.csv,outages_20261001_111428.csv,01/10/2026 08:13,01/10/2026 11:14
東京,君津共同火力株式会社,6065330508,君津共同火力株式会社君津共同発電所,火力（ガス）,5号機,300000,出力低下,低下・燃料制約,220000,2022/08/26 23:00,あり,2022/08/27,燃料制約 抑制最大値　225000 抑制最小値　180000,2022/08/27 17:12,removed,outages_20261001_081325.csv,outages_20261001_111428.csv,01/10/2026 08:13,01/10/2026 11:14
東京,君津共同火力株式会社,6065330508,君津共同火力株式会社君津共同発電所,火力（ガス）,6号機,152900,計画外停止,停止・燃料制約,,2022/08/27 00:00,あり,2022/08/27,設備不具合,2022/08/27 17:12,removed,outages_20261001_081325.csv,outages_20261001_111428.csv,01/10/2026 08:13,01/10/2026 11:14
東京,君津共同火力株式会社,6065330508,君津共同火力株式会社君津共同発電所,火力（ガス）,6号機,152900,計画停止,停止・燃料制約,,2022/08/26 07:00,あり,2022/08/26,運用停止,2022/08/26 05:14,removed,outages_20261001_081325.csv,outages_20261001_111428.csv,01/10/2026 08:13,01/10/2026 11:14
東京,君津共同火力株式会社,6065330508,君津共同火力株式会社君津共同発電所,火力（ガス）,4号機,350000,計画外停止,停止・設備故障,,2022/08/19 04:50,あり,2022/08/24,設備不具合,2022/08/24 03:05,removed,outages_20261001_081325.csv,outages_20261001_111428.csv,01/10/2026 08:13,01/10/2026 11:14
東京,君津共同火力株式会社,6065330508,君津共同火力株式会社君津共同発電所,火力（ガス）,6号機,152900,計画停止,停止・燃料制約,,2022/08/22 08:00,あり,2022/08/22,運用停止,2022/08/22 07:08,removed,outages_20261001_081325.csv,outages_20261001_111428.csv,01/10/2026 08:13,01/10/2026 11:14
東京,君津共同火力株式会社,6065330508,君津共同火力株式会社君津共同発電所,火力（ガス）,6号機,152900,計画停止,停止・燃料制約,,2022/08/11 18:00,あり,2022/08/16,運用停止,2022/08/16 00:44,removed,outages_20261001_081325.csv,outages_20261001_111428.csv,01/10/2026 08:13,01/10/2026 11:14
東京,君津共同火力株式会社,6065330508,君津共同火力株式会社君津共同発電所,火力（ガス）,5号機,300000,計画停止,停止・燃料制約,,2022/08/12 15:00,あり,2022/08/16,運用停止,2022/08/12 14:08,removed,outages_20261001_081325.csv,outages_20261001_111428.csv,01/10/2026 08:13,01/10/2026 11:14
東京,君津共同火力株式会社,6065330508,君津共同火力株式会社君津共同発電所,火力（ガス）,5号機,300000,出力低下,低下・燃料制約,180000,2022/08/08 05:00,あり,2022/08/10,燃料制約 抑制最大値　220000 抑制最小値　140000,2022/08/08 06:40,removed,outages_20261001_081325.csv,outages_20261001_111428.csv,01/10/2026 08:13,01/10/2026 11:14
東京,君津共同火力株式会社,6065330508,君津共同火力株式会社君津共同発電所,火力（ガス）,6号機,152900,計画停止,停止・燃料制約,,2022/08/08 06:00,あり,2022/08/10,運用停止,2022/08/08 06:35,removed,outages_20261001_081325.csv,outages_20261001_111428.csv,01/10/2026 08:13,01/10/2026 11:14
東京,君津共同火力株式会社,6065330508,君津共同火力株式会社君津共同発電所,火力（ガス）,6号機,152900,計画外停止,停止・燃料制約,,2022/07/31 03:30,あり,2022/07/31,設備不具合,2022/07/31 03:45,removed,outages_20261001_081325.csv,outages_20261001_111428.csv,01/10/2026 08:13,01/10/2026 11:14
東京,君津共同火力株式会社,6065330508,君津共同火力株式会社君津共同発電所,火力（ガス）,5号機,300000,出力低下,低下・燃料制約,225000,2022/07/22 13:00,あり,2022/07/27,燃料制約 抑制最大値　225000 抑制最小値　185000,2022/07/26 06:31,removed,outages_20261001_081325.csv,outages_20261001_111428.csv,01/10/2026 08:13,01/10/2026 11:14
東京,君津共同火力株式会社,6065330508,君津共同火力株式会社君津共同発電所,火力（ガス）,6号機,152900,計画外停止,停止・燃料制約,,2022/07/22 14:00,あり,2022/07/27,設備不具合,2022/07/26 06:30,removed,outages_20261001_081325.csv,outages_20261001_111428.csv,01/10/2026 08:13,01/10/2026 11:14
東京,君津共同火力株式会社,6065330508,君津共同火力株式会社君津共同発電所,火力（ガス）,5号機,300000,出力低下,低下・燃料制約,215000,2022/08/02 05:00,あり,2022/08/04,燃料制約 抑制最大値　225000 抑制最小値　175000,2022/07/19 13:00,removed,outages_20261001_081325.csv,outages_20261001_111428.csv,01/10/2026 08:13,01/10/2026 11:14
東京,君津共同火力株式会社,6065330508,君津共同火力株式会社君津共同発電所,火力（ガス）,6号機,152900,計画停止,停止・燃料制約,,2022/08/02 06:00,あり,2022/08/04,運用停止,2022/07/19 12:59,removed,outages_20261001_081325.csv,outages_20261001_111428.csv,01/10/2026 08:13,01/10/2026 11:14
東京,君津共同火力株式会社,6065330508,君津共同火力株式会社君津共同発電所,火力（ガス）,6号機,152900,計画外停止,停止・燃料制約,,2022/07/15 18:13,あり,2022/07/17,設備不具合,2022/07/17 08:13,removed,outages_20261001_081325.csv,outages_20261001_111428.csv,01/10/2026 08:13,01/10/2026 11:14
東京,君津共同火力株式会社,6065330508,君津共同火力株式会社君津共同発電所,火力（ガス）,5号機,300000,出力低下,低下・燃料制約,200000,2022/07/16 01:00,あり,2022/07/17,燃料制約 抑制最大値　225000 抑制最小値　160000,2022/07/17 08:12,removed,outages_20261001_081325.csv,outages_20261001_111428.csv,01/10/2026 08:13,01/10/2026 11:14
東京,君津共同火力株式会社,6065330508,君津共同火力株式会社君津共同発電所,火力（ガス）,5号機,300000,出力低下,低下・燃料制約,180000,2022/07/09 10:00,あり,2022/07/12,燃料制約 抑制最大値　200000 抑制最小値　140000,2022/07/16 21:44,removed,outages_20261001_081325.csv,outages_20261001_111428.csv,01/10/2026 08:13,01/10/2026 11:14
東京,君津共同火力株式会社,6065330508,君津共同火力株式会社君津共同発電所,火力（ガス）,6号機,152900,計画停止,停止・燃料制約,,2022/07/13 06:00,あり,2022/07/14,運用停止,2022/07/13 22:08,removed,outages_20261001_081325.csv,outages_20261001_111428.csv,01/10/2026 08:13,01/10/2026 11:14
東京,君津共同火力株式会社,6065330508,君津共同火力株式会社君津共同発電所,火力（ガス）,6号機,152900,計画外停止,停止・燃料制約,,2022/07/09 19:00,あり,2022/07/12,設備不具合,2022/07/10 23:46,removed,outages_20261001_081325.csv,outages_20261001_111428.csv,01/10/2026 08:13,01/10/2026 11:14
東京,君津共同火力株式会社,6065330508,君津共同火力株式会社君津共同発電所,火力（ガス）,5号機,300000,計画外停止,停止・燃料制約,,2022/07/05 22:00,あり,2022/07/08,設備不具合,2022/07/08 01:58,removed,outages_20261001_081325.csv,outages_20261001_111428.csv,01/10/2026 08:13,01/10/2026 11:14
東京,君津共同火力株式会社,6065330508,君津共同火力株式会社君津共同発電所,火力（ガス）,6号機,152900,計画停止,停止・燃料制約,,2022/07/04 17:00,あり,2022/07/06,運用停止,2022/07/06 10:32,removed,outages_20261001_081325.csv,outages_20261001_111428.csv,01/10/2026 08:13,01/10/2026 11:14
東京,君津共同火力株式会社,6065330508,君津共同火力株式会社君津共同発電所,火力（ガス）,5号機,300000,出力低下,低下・燃料制約,200000,2022/07/04 17:00,あり,2022/07/06,最大抑制量：225000ｋW 最小抑制量：160000ｋｗ,2022/07/04 15:48,removed,outages_20261001_081325.csv,outages_20261001_111428.csv,01/10/2026 08:13,01/10/2026 11:14
東京,君津共同火力株式会社,6065330508,君津共同火力株式会社君津共同発電所,火力（ガス）,4号機,350000,計画停止,停止・定期検査等,,2022/05/15 18:00,あり,2022/07/09,定検停止,2022/07/02 08:49,removed,outages_20261001_081325.csv,outages_20261001_111428.csv,01/10/2026 08:13,01/10/2026 11:14
東京,君津共同火力株式会社,6065330508,君津共同火力株式会社君津共同発電所,火力（ガス）,6号機,152900,計画停止,停止・燃料制約,,2022/06/29 13:43,あり,2022/06/30,運用停止,2022/06/29 14:37,removed,outages_20261001_081325.csv,outages_20261001_111428.csv,01/10/2026 08:13,01/10/2026 11:14
東京,君津共同火力株式会社,6065330508,君津共同火力株式会社君津共同発電所,火力（ガス）,5号機,300000,出力低下,低下・燃料制約,200000,2022/06/21 05:00,あり,2022/06/23,最大抑制量：225000ｋW 最小抑制量：160000ｋｗ,2022/06/16 17:01,removed,outages_20261001_081325.csv,outages_20261001_111428.csv,01/10/2026 08:13,01/10/2026 11:14
東京,君津共同火力株式会社,6065330508,君津共同火力株式会社君津共同発電所,火力（ガス）,6号機,152900,計画停止,停止・燃料制約,,2022/06/21 06:00,あり,2022/06/23,運用停止,2022/06/16 17:00,removed,outages_20261001_081325.csv,outages_20261001_111428.csv,01/10/2026 08:13,01/10/2026 11:14
東京,君津共同火力株式会社,6065330508,君津共同火力株式会社君津共同発電所,火力（ガス）,5号機,300000,出力低下,停止・燃料制約,225000,2022/06/02 19:00,あり,2022/06/02,燃料制約 最大抑制値　225000ｋW 最小抑制値　185000ｋW,2022/06/02 15:58,removed,outages_20261001_081325.csv,outages_20261001_111428.csv,01/10/2026 08:13,01/10/2026 11:14
東京,君津共同火力株式会社,6065330508,君津共同火力株式会社君津共同発電所,火力（ガス）,6号機,152900,計画停止,停止・燃料制約,,2022/06/01 20:00,あり,2022/06/02,運用停止,2022/06/01 18:55,removed,outages_20261001_081325.csv,outages_20261001_111428.csv,01/10/2026 08:13,01/10/2026 11:14
東京,君津共同火力株式会社,6065330508,君津共同火力株式会社君津共同発電所,火力（ガス）,6号機,152900,計画停止,停止・燃料制約,,2022/06/15 06:00,あり,2022/06/17,運用停止,2022/05/31 09:58,removed,outages_20261001_081325.csv,outages_20261001_111428.csv,01/10/2026 08:13,01/10/2026 11:14
東京,君津共同火力株式会社,6065330508,君津共同火力株式会社君津共同発電所,火力（ガス）,6号機,152900,計画停止,停止・燃料制約,,2022/06/06 04:00,あり,2022/06/09,運用停止,2022/05/31 09:57,removed,outages_20261001_081325.csv,outages_20261001_111428.csv,01/10/2026 08:13,01/10/2026 11:14
東京,君津共同火力株式会社,6065330508,君津共同火力株式会社君津共同発電所,火力（ガス）,5号機,300000,出力低下,低下・燃料制約,200000,2022/06/15 05:00,あり,2022/06/17,最大抑制量：225000ｋW 最小抑制量：160000ｋｗ,2022/05/31 09:55,removed,outages_20261001_081325.csv,outages_20261001_111428.csv,01/10/2026 08:13,01/10/2026 11:14
東京,君津共同火力株式会社,6065330508,君津共同火力株式会社君津共同発電所,火力（ガス）,5号機,300000,出力低下,低下・燃料制約,200000,2022/06/06 03:00,あり,2022/06/09,最大抑制量：225000ｋW 最小抑制量：160000ｋｗ,2022/05/31 09:53,removed,outages_20261001_081325.csv,outages_20261001_111428.csv,01/10/2026 08:13,01/10/2026 11:14
東京,君津共同火力株式会社,6065330508,君津共同火力株式会社君津共同発電所,火力（ガス）,5号機,300000,計画外停止,停止・燃料制約,,2022/05/30 21:45,あり,2022/05/31,設備不具合,2022/05/31 02:01,removed,outages_20261001_081325.csv,outages_20261001_111428.csv,01/10/2026 08:13,01/10/2026 11:14
東京,君津共同火力株式会社,6065330508,君津共同火力株式会社君津共同発電所,火力（ガス）,6号機,152900,計画外停止,停止・燃料制約,,2022/05/30 21:00,あり,2022/05/31,設備不具合,2022/05/31 02:01,removed,outages_20261001_081325.csv,outages_20261001_111428.csv,01/10/2026 08:13,01/10/2026 11:14
東京,君津共同火力株式会社,6065330508,君津共同火力株式会社君津共同発電所,火力（ガス）,6号機,152900,計画停止,停止・燃料制約,,2022/05/28 10:00,あり,2022/05/28,運用停止,2022/05/28 06:32,removed,outages_20261001_081325.csv,outages_20261001_111428.csv,01/10/2026 08:13,01/10/2026 11:14
東京,君津共同火力株式会社,6065330508,君津共同火力株式会社君津共同発電所,火力（ガス）,6号機,152900,計画停止,停止・燃料制約,,2022/05/27 16:00,あり,2022/05/28,運用停止,2022/05/27 21:42,removed,outages_20261001_081325.csv,outages_20261001_111428.csv,01/10/2026 08:13,01/10/2026 11:14
東京,君津共同火力株式会社,6065330508,君津共同火力株式会社君津共同発電所,火力（ガス）,6号機,152900,計画停止,停止・燃料制約,,2022/05/24 16:00,あり,2022/05/25,運用停止,2022/05/24 14:22,removed,outages_20261001_081325.csv,outages_20261001_111428.csv,01/10/2026 08:13,01/10/2026 11:14
東京,君津共同火力株式会社,6065330508,君津共同火力株式会社君津共同発電所,火力（ガス）,5号機,300000,出力低下,低下・燃料制約,200000,2022/05/21 06:00,あり,2022/05/22,最大抑制量：225000ｋW 最小抑制量：160000ｋｗ,2022/05/21 05:06,removed,outages_20261001_081325.csv,outages_20261001_111428.csv,01/10/2026 08:13,01/10/2026 11:14
東京,君津共同火力株式会社,6065330508,君津共同火力株式会社君津共同発電所,火力（ガス）,6号機,152900,計画停止,停止・燃料制約,,2022/05/21 07:00,あり,2022/05/22,運用停止,2022/05/21 05:00,removed,outages_20261001_081325.csv,outages_20261001_111428.csv,01/10/2026 08:13,01/10/2026 11:14
東京,君津共同火力株式会社,6065330508,君津共同火力株式会社君津共同発電所,火力（ガス）,6号機,152900,計画停止,停止・燃料制約,,2022/05/18 06:00,あり,2022/05/20,運用停止,2022/05/18 05:12,removed,outages_20261001_081325.csv,outages_20261001_111428.csv,01/10/2026 08:13,01/10/2026 11:14
東京,君津共同火力株式会社,6065330508,君津共同火力株式会社君津共同発電所,火力（ガス）,5号機,300000,出力低下,低下・燃料制約,200000,2022/05/18 05:00,あり,2022/05/20,最大抑制量：225000ｋW 最小抑制量：160000ｋｗ,2022/05/13 13:24,removed,outages_20261001_081325.csv,outages_20261001_111428.csv,01/10/2026 08:13,01/10/2026 11:14
東京,君津共同火力株式会社,6065330508,君津共同火力株式会社君津共同発電所,火力（ガス）,5号機,300000,計画停止,停止・燃料制約,,2022/05/12 05:00,あり,2022/05/14,運用停止,2022/05/12 04:18,removed,outages_20261001_081325.csv,outages_20261001_111428.csv,01/10/2026 08:13,01/10/2026 11:14
東京,君津共同火力株式会社,6065330508,君津共同火力株式会社君津共同発電所,火力（ガス）,3号機,350000,計画停止,停止・定期検査等,,2022/03/01 18:00,あり,2022/05/08,定検停止,2022/05/07 02:42,removed,outages_20261001_081325.csv,outages_20261001_111428.csv,01/10/2026 08:13,01/10/2026 11:14
東京,君津共同火力株式会社,6065330508,君津共同火力株式会社君津共同発電所,火力（ガス）,5号機,300000,出力低下,低下・燃料制約,200000,2022/04/19 05:00,あり,2022/04/20,燃料制約 最大抑制量225000kW 最小抑制量160000kW,2022/04/19 05:16,removed,outages_20261001_081325.csv,outages_20261001_111428.csv,01/10/2026 08:13,01/10/2026 11:14
東京,君津共同火力株式会社,6065330508,君津共同火力株式会社君津共同発電所,火力（ガス）,6号機,152900,計画停止,停止・燃料制約,,2022/04/19 06:00,あり,2022/04/20,運用停止,2022/04/16 05:59,removed,outages_20261001_081325.csv,outages_20261001_111428.csv,01/10/2026 08:13,01/10/2026 11:14
東京,君津共同火力株式会社,6065330508,君津共同火力株式会社君津共同発電所,火力（ガス）,5号機,300000,計画停止,停止・燃料制約,,2022/04/04 05:00,あり,2022/04/06,運用停止,2022/04/03 21:11,removed,outages_20261001_081325.csv,outages_20261001_111428.csv,01/10/2026 08:13,01/10/2026 11:14
東京,君津共同火力株式会社,6065330508,君津共同火力株式会社君津共同発電所,火力（ガス）,5号機,300000,計画停止,停止・燃料制約,,2022/03/23 06:00,あり,2022/03/24,燃料制約,2022/03/22 20:58,removed,outages_20261001_081325.csv,outages_20261001_111428.csv,01/10/2026 08:13,01/10/2026 11:14
東京,君津共同火力株式会社,6065330508,君津共同火力株式会社君津共同発電所,火力（ガス）,6号機,152900,計画外停止,停止・燃料制約,,2022/03/17 00:04,あり,2022/03/17,燃料制約,2022/03/17 09:48,removed,outages_20261001_081325.csv,outages_20261001_111428.csv,01/10/2026 08:13,01/10/2026 11:14
東京,君津共同火力株式会社,6065330508,君津共同火力株式会社君津共同発電所,火力（ガス）,5号機,300000,計画停止,停止・燃料制約,,2022/03/16 05:00,あり,2022/03/19,燃料制約,2022/03/15 22:52,removed,outages_20261001_081325.csv,outages_20261001_111428.csv,01/10/2026 08:13,01/10/2026 11:14
東京,君津共同火力株式会社,6065330508,君津共同火力株式会社君津共同発電所,火力（ガス）,6号機,152900,計画停止,停止・燃料制約,,2022/03/23 05:00,あり,2022/03/24,運用停止,2022/03/01 16:48,removed,outages_20261001_081325.csv,outages_20261001_111428.csv,01/10/2026 08:13,01/10/2026 11:14
東京,君津共同火力株式会社,6065330508,君津共同火力株式会社君津共同発電所,火力（ガス）,5号機,300000,出力低下,低下・燃料制約,200000,2022/03/23 05:00,あり,2022/03/24,燃料制約 最大抑制量225000kW 最小抑制量160000kW,2022/03/01 16:47,removed,outages_20261001_081325.csv,outages_20261001_111428.csv,01/10/2026 08:13,01/10/2026 11:14
東京,君津共同火力株式会社,6065330508,君津共同火力株式会社君津共同発電所,火力（ガス）,6号機,152900,計画停止,停止・燃料制約,,2022/03/07 05:00,あり,2022/03/10,運用停止,2022/03/01 16:43,removed,outages_20261001_081325.csv,outages_20261001_111428.csv,01/10/2026 08:13,01/10/2026 11:14
東京,君津共同火力株式会社,6065330508,君津共同火力株式会社君津共同発電所,火力（ガス）,5号機,300000,出力低下,低下・燃料制約,200000,2022/03/07 05:00,あり,2022/03/09,燃料制約 最大抑制量225000kW 最小抑制量160000kW,2022/03/01 16:38,removed,outages_20261001_081325.csv,outages_20261001_111428.csv,01/10/2026 08:13,01/10/2026 11:14
東京,君津共同火力株式会社,6065330508,君津共同火力株式会社君津共同発電所,火力（ガス）,5号機,300000,出力低下,低下・燃料制約,200000,2022/03/02 05:00,あり,2022/03/03,燃料制約 最大抑制量225000kW 最小抑制量160000kW,2022/03/01 16:33,removed,outages_20261001_081325.csv,outages_20261001_111428.csv,01/10/2026 08:13,01/10/2026 11:14
東京,君津共同火力株式会社,6065330508,君津共同火力株式会社君津共同発電所,火力（ガス）,6号機,152900,計画停止,停止・燃料制約,,2022/03/02 06:00,あり,2022/03/03,運用停止,2022/03/01 16:32,removed,outages_20261001_081325.csv,outages_20261001_111428.csv,01/10/2026 08:13,01/10/2026 11:14
東京,君津共同火力株式会社,6065330508,君津共同火力株式会社君津共同発電所,火力（ガス）,5号機,300000,出力低下,低下・燃料制約,200000,2022/02/15 05:00,あり,2022/02/18,燃料制約 抑制最大値：225000 抑制最小値：160000,2022/02/15 04:42,removed,outages_20261001_081325.csv,outages_20261001_111428.csv,01/10/2026 08:13,01/10/2026 11:14
東京,君津共同火力株式会社,6065330508,君津共同火力株式会社君津共同発電所,火力（ガス）,6号機,152900,計画停止,停止・燃料制約,,2022/02/15 06:00,あり,2022/02/18,運用停止,2022/02/15 03:17,removed,outages_20261001_081325.csv,outages_20261001_111428.csv,01/10/2026 08:13,01/10/2026 11:14
東京,君津共同火力株式会社,6065330508,君津共同火力株式会社君津共同発電所,火力（ガス）,6号機,152900,計画外停止,停止・燃料制約,,2022/02/11 14:00,あり,2022/02/11,燃料制約,2022/02/11 12:55,removed,outages_20261001_081325.csv,outages_20261001_111428.csv,01/10/2026 08:13,01/10/2026 11:14
東京,君津共同火力株式会社,6065330508,君津共同火力株式会社君津共同発電所,火力（ガス）,6号機,152900,計画停止,停止・燃料制約,,2022/02/08 13:00,あり,2022/02/09,運用停止,2022/02/09 18:21,removed,outages_20261001_081325.csv,outages_20261001_111428.csv,01/10/2026 08:13,01/10/2026 11:14
東京,君津共同火力株式会社,6065330508,君津共同火力株式会社君津共同発電所,火力（ガス）,6号機,152900,計画外停止,,,2022/01/31 12:00,あり,2022/02/01,設備不具合,2022/01/31 09:56,removed,outages_20261001_081325.csv,outages_20261001_111428.csv,01/10/2026 08:13,01/10/2026 11:14
東京,君津共同火力株式会社,6065330508,君津共同火力株式会社君津共同発電所,火力（ガス）,5号機,300000,計画停止,,,2022/01/27 06:00,あり,2022/01/30,運用停止,2022/01/27 04:33,removed,outages_20261001_081325.csv,outages_20261001_111428.csv,01/10/2026 08:13,01/10/2026 11:14
東京,君津共同火力株式会社,6065330508,君津共同火力株式会社君津共同発電所,火力（ガス）,6号機,152900,計画外停止,,,2022/01/21 08:00,あり,2022/01/22,設備不具合,2022/01/21 19:49,removed,outages_20261001_081325.csv,outages_20261001_111428.csv,01/10/2026 08:13,01/10/2026 11:14
東京,君津共同火力株式会社,6065330508,君津共同火力株式会社君津共同発電所,火力（ガス）,6号機,152900,計画停止,,,2022/01/15 08:00,あり,2022/01/15,運用停止,2022/01/15 20:26,removed,outages_20261001_081325.csv,outages_20261001_111428.csv,01/10/2026 08:13,01/10/2026 11:14
東京,君津共同火力株式会社,6065330508,君津共同火力株式会社君津共同発電所,火力（ガス）,5号機,300000,出力低下,,170000,2022/01/12 02:00,あり,2022/01/13,燃料制約 抑制最大値：210000 抑制最小値：130000,2022/01/12 03:41,removed,outages_20261001_081325.csv,outages_20261001_111428.csv,01/10/2026 08:13,01/10/2026 11:14
東京,君津共同火力株式会社,6065330508,君津共同火力株式会社君津共同発電所,火力（ガス）,6号機,152900,計画停止,,,2022/01/12 03:00,あり,2022/01/13,運用停止,2022/01/12 02:07,removed,outages_20261001_081325.csv,outages_20261001_111428.csv,01/10/2026 08:13,01/10/2026 11:14
東京,君津共同火力株式会社,6065330508,君津共同火力株式会社君津共同発電所,火力（ガス）,6号機,152900,計画停止,,,2021/12/29 21:00,あり,2021/12/30,運用停止,2021/12/29 19:49,removed,outages_20261001_081325.csv,outages_20261001_111428.csv,01/10/2026 08:13,01/10/2026 11:14
東京,君津共同火力株式会社,6065330508,君津共同火力株式会社君津共同発電所,火力（ガス）,5号機,300000,出力低下,,180000,2021/12/29 21:00,あり,2021/12/30,燃料制約,2021/12/29 18:35,removed,outages_20261001_081325.csv,outages_20261001_111428.csv,01/10/2026 08:13,01/10/2026 11:14
東京,君津共同火力株式会社,6065330508,君津共同火力株式会社君津共同発電所,火力（ガス）,5号機,300000,計画外停止,,,2021/12/19 10:11,あり,2021/12/23,設備不具合,2021/12/19 10:28,removed,outages_20261001_081325.csv,outages_20261001_111428.csv,01/10/2026 08:13,01/10/2026 11:14
東京,君津共同火力株式会社,6065330508,君津共同火力株式会社君津共同発電所,火力（ガス）,5号機,300000,出力低下,,150000,2021/12/14 05:00,あり,2021/12/16,燃料制約,2021/12/14 00:20,removed,outages_20261001_081325.csv,outages_20261001_111428.csv,01/10/2026 08:13,01/10/2026 11:14
東京,君津共同火力株式会社,6065330508,君津共同火力株式会社君津共同発電所,火力（ガス）,6号機,152900,計画停止,,,2021/12/14 06:00,あり,2021/12/16,運用停止,2021/12/14 00:18,removed,outages_20261001_081325.csv,outages_20261001_111428.csv,01/10/2026 08:13,01/10/2026 11:14
東京,君津共同火力株式会社,6065330508,君津共同火力株式会社君津共同発電所,火力（ガス）,4号機,350000,出力低下,,105000,2021/12/10 13:30,あり,2021/12/12,送電系統制約,2021/12/10 13:35,removed,outages_20261001_081325.csv,outages_20261001_111428.csv,01/10/2026 08:13,01/10/2026 11:14
東京,君津共同火力株式会社,6065330508,君津共同火力株式会社君津共同発電所,火力（ガス）,5号機,300000,出力低下,,170000,2021/12/06 05:00,あり,2021/12/09,燃料制約,2021/12/06 04:49,removed,outages_20261001_081325.csv,outages_20261001_111428.csv,01/10/2026 08:13,01/10/2026 11:14
東京,君津共同火力株式会社,6065330508,君津共同火力株式会社君津共同発電所,火力（ガス）,6号機,152900,計画停止,,,2021/12/06 06:00,あり,2021/12/09,運用停止,2021/12/06 04:46,removed,outages_20261001_081325.csv,outages_20261001_111428.csv,01/10/2026 08:13,01/10/2026 11:14
東京,君津共同火力株式会社,6065330508,君津共同火力株式会社君津共同発電所,火力（ガス）,4号機,350000,出力低下,,175000,2021/11/28 03:00,あり,2021/11/28,,2021/11/26 11:43,removed,outages_20261001_081325.csv,outages_20261001_111428.csv,01/10/2026 08:13,01/10/2026 11:14
東京,君津共同火力株式会社,6065330508,君津共同火力株式会社君津共同発電所,火力（ガス）,5号機,300000,計画外停止,,,2021/11/23 13:00,あり,2021/11/28,設備不具合,2021/11/23 14:37,removed,outages_20261001_081325.csv,outages_20261001_111428.csv,01/10/2026 08:13,01/10/2026 11:14
東京,君津共同火力株式会社,6065330508,君津共同火力株式会社君津共同発電所,火力（ガス）,3号機,350000,計画停止,,,2021/11/22 08:00,あり,2021/11/23,運用停止,2021/11/21 18:22,removed,outages_20261001_081325.csv,outages_20261001_111428.csv,01/10/2026 08:13,01/10/2026 11:14
東京,君津共同火力株式会社,6065330508,君津共同火力株式会社君津共同発電所,火力（ガス）,5号機,300000,計画停止,,,2021/11/15 06:00,あり,2021/11/21,運用停止,2021/11/14 14:48,removed,outages_20261001_081325.csv,outages_20261001_111428.csv,01/10/2026 08:13,01/10/2026 11:14
東京,君津共同火力株式会社,6065330508,君津共同火力株式会社君津共同発電所,火力（ガス）,5号機,300000,出力低下,,170000,2021/11/02 05:00,あり,2021/11/04,抑制最大値：210000 抑制最小値：130000,2021/11/02 05:30,removed,outages_20261001_081325.csv,outages_20261001_111428.csv,01/10/2026 08:13,01/10/2026 11:14
東京,君津共同火力株式会社,6065330508,君津共同火力株式会社君津共同発電所,火力（ガス）,6号機,152900,計画停止,,,2021/11/02 06:00,あり,2021/11/04,運用停止,2021/11/02 05:06,removed,outages_20261001_081325.csv,outages_20261001_111428.csv,01/10/2026 08:13,01/10/2026 11:14
東京,君津共同火力株式会社,6065330508,君津共同火力株式会社君津共同発電所,火力（ガス）,5号機,300000,計画停止,,,2021/10/12 07:00,あり,2021/10/28,定検停止,2021/10/12 04:47,removed,outages_20261001_081325.csv,outages_20261001_111428.csv,01/10/2026 08:13,01/10/2026 11:14
東京,君津共同火力株式会社,6065330508,君津共同火力株式会社君津共同発電所,火力（ガス）,6号機,152900,計画停止,,,2021/10/06 05:30,あり,2021/10/11,運用停止,2021/10/10 16:20,removed,outages_20261001_081325.csv,outages_20261001_111428.csv,01/10/2026 08:13,01/10/2026 11:14
東京,君津共同火力株式会社,6065330508,君津共同火力株式会社君津共同発電所,火力（ガス）,5号機,300000,出力低下,,180000,2021/10/06 03:15,あり,2021/10/10,燃料制約 抑制最大値220000ｋW 抑制最小値140000ｋW,2021/10/06 06:56,removed,outages_20261001_081325.csv,outages_20261001_111428.csv,01/10/2026 08:13,01/10/2026 11:14
東京,君津共同火力株式会社,6065330508,君津共同火力株式会社君津共同発電所,火力（ガス）,5号機,300000,計画停止,,,2021/10/01 18:00,あり,2021/10/03,運用停止,2021/10/03 07:57,removed,outages_20261001_081325.csv,outages_20261001_111428.csv,01/10/2026 08:13,01/10/2026 11:14
東京,君津共同火力株式会社,6065330508,君津共同火力株式会社君津共同発電所,火力（ガス）,6号機,152900,計画停止,,,2021/10/01 18:00,あり,2021/10/03,運用停止,2021/10/03 02:31,removed,outages_20261001_081325.csv,outages_20261001_111428.csv,01/10/2026 08:13,01/10/2026 11:14
東京,君津共同火力株式会社,6065330508,君津共同火力株式会社君津共同発電所,火力（ガス）,3号機,350000,計画外停止,,,2021/09/27 04:54,あり,2021/09/29,設備不具合,2021/09/28 18:28,removed,outages_20261001_081325.csv,outages_20261001_111428.csv,01/10/2026 08:13,01/10/2026 11:14
東京,君津共同火力株式会社,6065330508,君津共同火力株式会社君津共同発電所,火力（ガス）,6号機,152900,計画停止,,,2021/09/19 08:00,あり,2021/09/19,運用停止,2021/09/18 16:46,removed,outages_20261001_081325.csv,outages_20261001_111428.csv,01/10/2026 08:13,01/10/2026 11:14
東京,君津共同火力株式会社,6065330508,君津共同火力株式会社君津共同発電所,火力（ガス）,6号機,152900,計画停止,,,2021/09/09 06:00,あり,2021/09/11,運用停止,2021/09/10 20:26,removed,outages_20261001_081325.csv,outages_20261001_111428.csv,01/10/2026 08:13,01/10/2026 11:14
東京,君津共同火力株式会社,6065330508,君津共同火力株式会社君津共同発電所,火力（ガス）,5号機,300000,出力低下,,180000,2021/09/09 05:00,あり,2021/09/10,燃料制約 抑制最大値220000ｋW 抑制最小値140000ｋW,2021/09/09 02:26,removed,outages_20261001_081325.csv,outages_20261001_111428.csv,01/10/2026 08:13,01/10/2026 11:14
東京,君津共同火力株式会社,6065330508,君津共同火力株式会社君津共同発電所,火力（ガス）,6号機,152900,計画停止,,,2021/09/06 08:00,あり,2021/09/06,運用停止,2021/09/06 00:55,removed,outages_20261001_081325.csv,outages_20261001_111428.csv,01/10/2026 08:13,01/10/2026 11:14
東京,君津共同火力株式会社,6065330508,君津共同火力株式会社君津共同発電所,火力（ガス）,5号機,300000,出力低下,,180000,2021/09/01 05:00,あり,2021/09/02,燃料制約 最大低下量：220000kW 最小低下量：140000KW,2021/09/01 03:49,removed,outages_20261001_081325.csv,outages_20261001_111428.csv,01/10/2026 08:13,01/10/2026 11:14
東京,君津共同火力株式会社,6065330508,君津共同火力株式会社君津共同発電所,火力（ガス）,6号機,152900,計画停止,,,2021/09/01 06:00,あり,2021/09/02,運用停止,2021/09/01 03:40,removed,outages_20261001_081325.csv,outages_20261001_111428.csv,01/10/2026 08:13,01/10/2026 11:14
東京,君津共同火力株式会社,6065330508,君津共同火力株式会社君津共同発電所,火力（ガス）,4号機,350000,計画外停止,,,2021/08/12 00:00,あり,2021/08/29,設備不具合,2021/08/28 19:18,removed,outages_20261001_081325.csv,outages_20261001_111428.csv,01/10/2026 08:13,01/10/2026 11:14
東京,君津共同火力株式会社,6065330508,君津共同火力株式会社君津共同発電所,火力（ガス）,5号機,300000,出力低下,,180000,2021/08/20 05:00,あり,2021/08/22,燃料制約 最大低下量：220000kW 最小低下量：140000KW,2021/08/21 12:48,removed,outages_20261001_081325.csv,outages_20261001_111428.csv,01/10/2026 08:13,01/10/2026 11:14
東京,君津共同火力株式会社,6065330508,君津共同火力株式会社君津共同発電所,火力（ガス）,6号機,152900,計画停止,,,2021/08/20 05:59,あり,2021/08/22,運用停止,2021/08/21 12:47,removed,outages_20261001_081325.csv,outages_20261001_111428.csv,01/10/2026 08:13,01/10/2026 11:14
東京,君津共同火力株式会社,6065330508,君津共同火力株式会社君津共同発電所,火力（ガス）,6号機,152900,計画停止,,,2021/08/14 12:00,あり,2021/08/14,運用停止,2021/08/14 09:59,removed,outages_20261001_081325.csv,outages_20261001_111428.csv,01/10/2026 08:13,01/10/2026 11:14
東京,君津共同火力株式会社,6065330508,君津共同火力株式会社君津共同発電所,火力（ガス）,6号機,152900,計画停止,,,2021/08/08 09:00,あり,2021/08/09,設備不具合,2021/08/08 22:17,removed,outages_20261001_081325.csv,outages_20261001_111428.csv,01/10/2026 08:13,01/10/2026 11:14
東京,君津共同火力株式会社,6065330508,君津共同火力株式会社君津共同発電所,火力（ガス）,6号機,152900,計画停止,,,2021/07/26 05:50,あり,2021/07/30,運用停止,2021/07/26 06:14,removed,outages_20261001_081325.csv,outages_20261001_111428.csv,01/10/2026 08:13,01/10/2026 11:14
東京,君津共同火力株式会社,6065330508,君津共同火力株式会社君津共同発電所,火力（ガス）,5号機,300000,出力低下,,100000,2021/07/26 05:00,あり,2021/07/30,燃料制約による出力抑制 最大抑制量：1400000ｋW 最小抑制量：60000ｋW,2021/07/26 04:37,removed,outages_20261001_081325.csv,outages_20261001_111428.csv,01/10/2026 08:13,01/10/2026 11:14
東京,君津共同火力株式会社,6065330508,君津共同火力株式会社君津共同発電所,火力（ガス）,3号機,350000,計画停止,,,2021/07/23 19:00,あり,2021/07/25,運用停止,2021/07/23 08:44,removed,outages_20261001_081325.csv,outages_20261001_111428.csv,01/10/2026 08:13,01/10/2026 11:14
東京,君津共同火力株式会社,6065330508,君津共同火力株式会社君津共同発電所,火力（ガス）,6号機,152900,計画停止,,,2021/07/21 05:00,あり,2021/07/22,運用停止,2021/07/17 08:42,removed,outages_20261001_081325.csv,outages_20261001_111428.csv,01/10/2026 08:13,01/10/2026 11:14
東京,君津共同火力株式会社,6065330508,君津共同火力株式会社君津共同発電所,火力（ガス）,5号機,300000,出力低下,,180000,2021/07/21 05:00,あり,2021/07/22,燃料制約による出力抑制 最大抑制量：220000kW 最小抑制量：140000kW,2021/07/17 08:41,removed,outages_20261001_081325.csv,outages_20261001_111428.csv,01/10/2026 08:13,01/10/2026 11:14
東京,君津共同火力株式会社,6065330508,君津共同火力株式会社君津共同発電所,火力（ガス）,6号機,152900,計画停止,,,2021/05/04 18:00,あり,2021/07/15,定検停止,2021/07/15 10:20,removed,outages_20261001_081325.csv,outages_20261001_111428.csv,01/10/2026 08:13,01/10/2026 11:14
東京,君津共同火力株式会社,6065330508,君津共同火力株式会社君津共同発電所,火力（ガス）,5号機,300000,計画外停止,,,2021/07/03 11:30,あり,2021/07/05,設備不具合,2021/07/05 09:41,removed,outages_20261001_081325.csv,outages_20261001_111428.csv,01/10/2026 08:13,01/10/2026 11:14
東京,君津共同火力株式会社,6065330508,君津共同火力株式会社君津共同発電所,火力（ガス）,5号機,300000,出力低下,,180000,2021/06/26 05:00,あり,2021/06/27,燃料制約による出力抑制 最大抑制量：220000kW 最小抑制量：140000kW,2021/06/22 14:08,removed,outages_20261001_081325.csv,outages_20261001_111428.csv,01/10/2026 08:13,01/10/2026 11:14
東京,君津共同火力株式会社,6065330508,君津共同火力株式会社君津共同発電所,火力（ガス）,5号機,300000,計画外停止,,,2021/06/05 06:00,あり,2021/06/07,設備不具合,2021/06/06 07:43,removed,outages_20261001_081325.csv,outages_20261001_111428.csv,01/10/2026 08:13,01/10/2026 11:14
東京,君津共同火力株式会社,6065330508,君津共同火力株式会社君津共同発電所,火力（ガス）,5号機,300000,出力低下,,170000,2021/06/05 05:00,あり,2021/06/07,・燃料制約による出力抑制 出力低下量 最大 210000kW 最小130000kW 平均170000kW,2021/06/03 09:34,removed,outages_20261001_081325.csv,outages_20261001_111428.csv,01/10/2026 08:13,01/10/2026 11:14
東京,君津共同火力株式会社,6065330508,君津共同火力株式会社君津共同発電所,火力（ガス）,5号機,300000,出力低下,,180000,2021/06/15 05:00,あり,2021/06/18,燃料制約 最大低下量：220000kW 最小低下量：140000kW,2021/05/28 15:00,removed,outages_20261001_081325.csv,outages_20261001_111428.csv,01/10/2026 08:13,01/10/2026 11:14
東京,君津共同火力株式会社,6065330508,君津共同火力株式会社君津共同発電所,火力（ガス）,5号機,300000,出力低下,,170000,2021/06/02 05:00,あり,2021/06/04,燃料制約 最大低下量：210000kW 最小低下量：130000kW,2021/05/28 14:58,removed,outages_20261001_081325.csv,outages_20261001_111428.csv,01/10/2026 08:13,01/10/2026 11:14
東京,君津共同火力株式会社,6065330508,君津共同火力株式会社君津共同発電所,火力（ガス）,5号機,300000,計画外停止,,,2021/05/24 17:00,あり,2021/05/26,設備不具合,2021/05/25 23:45,removed,outages_20261001_081325.csv,outages_20261001_111428.csv,01/10/2026 08:13,01/10/2026 11:14
東京,君津共同火力株式会社,6065330508,君津共同火力株式会社君津共同発電所,火力（ガス）,5号機,300000,出力低下,,195000,2021/05/11 05:00,あり,2021/05/12,燃料制約　 抑制最大値　225000kW 抑制最小値　155000kW,2021/05/10 17:58,removed,outages_20261001_081325.csv,outages_20261001_111428.csv,01/10/2026 08:13,01/10/2026 11:14
東京,君津共同火力株式会社,6065330508,君津共同火力株式会社君津共同発電所,火力（ガス）,5号機,300000,出力低下,,195000,2021/05/11 05:30,あり,2021/05/12,燃料制約 最大低下量：225000kw 最小低下量：155000kw,2021/05/07 08:32,removed,outages_20261001_081325.csv,outages_20261001_111428.csv,01/10/2026 08:13,01/10/2026 11:14
東京,君津共同火力株式会社,6065330508,君津共同火力株式会社君津共同発電所,火力（ガス）,3号機,350000,計画停止,,,2021/01/26 18:15,あり,2021/04/25,定検停止,2021/04/23 19:09,removed,outages_20261001_081325.csv,outages_20261001_111428.csv,01/10/2026 08:13,01/10/2026 11:14
東京,君津共同火力株式会社,6065330508,君津共同火力株式会社君津共同発電所,火力（ガス）,6号機,152900,計画停止,,,2021/04/21 09:00,あり,2021/04/22,運用停止,2021/04/21 08:15,removed,outages_20261001_081325.csv,outages_20261001_111428.csv,01/10/2026 08:13,01/10/2026 11:14
東京,君津共同火力株式会社,6065330508,君津共同火力株式会社君津共同発電所,火力（ガス）,5号機,300000,出力低下,,190000,2021/04/21 07:00,あり,2021/04/21,燃料制約 最大低下量：225000kW 最小低下量：150000kW,2021/04/20 08:07,removed,outages_20261001_081325.csv,outages_20261001_111428.csv,01/10/2026 08:13,01/10/2026 11:14
東京,君津共同火力株式会社,6065330508,君津共同火力株式会社君津共同発電所,火力（ガス）,6号機,152900,計画停止,,,2021/04/21 08:00,あり,2021/04/22,運用停止,2021/04/20 08:05,removed,outages_20261001_081325.csv,outages_20261001_111428.csv,01/10/2026 08:13,01/10/2026 11:14
東京,君津共同火力株式会社,6065330508,君津共同火力株式会社君津共同発電所,火力（ガス）,5号機,300000,計画停止,,,2021/04/14 06:05,あり,2021/04/17,運用停止,2021/04/14 06:10,removed,outages_20261001_081325.csv,outages_20261001_111428.csv,01/10/2026 08:13,01/10/2026 11:14
東京,君津共同火力株式会社,6065330508,君津共同火力株式会社君津共同発電所,火力（ガス）,5号機,300000,計画停止,,,2021/04/05 06:29,あり,2021/04/10,運用停止,2021/04/05 06:33,removed,outages_20261001_081325.csv,outages_20261001_111428.csv,01/10/2026 08:13,01/10/2026 11:14
東京,君津共同火力株式会社,6065330508,君津共同火力株式会社君津共同発電所,火力（ガス）,6号機,152900,計画停止,,,2021/03/17 06:00,あり,2021/03/18,運用停止,2021/03/17 04:44,removed,outages_20261001_081325.csv,outages_20261001_111428.csv,01/10/2026 08:13,01/10/2026 11:14
東京,君津共同火力株式会社,6065330508,君津共同火力株式会社君津共同発電所,火力（ガス）,6号機,152900,計画停止,,,2021/03/10 04:00,あり,2021/03/12,運用停止,2021/03/10 04:04,removed,outages_20261001_081325.csv,outages_20261001_111428.csv,01/10/2026 08:13,01/10/2026 11:14
東京,君津共同火力株式会社,6065330508,君津共同火力株式会社君津共同発電所,火力（ガス）,5号機,300000,出力低下,,100000,2021/03/10 03:00,あり,2021/03/12,燃料制約 最大低下量:14000kW 最小低下量:60000kW,2021/03/10 04:02,removed,outages_20261001_081325.csv,outages_20261001_111428.csv,01/10/2026 08:13,01/10/2026 11:14
東京,君津共同火力株式会社,6065330508,君津共同火力株式会社君津共同発電所,火力（ガス）,5号機,300000,計画停止,,,2021/03/03 14:00,あり,2021/03/06,運用停止,2021/03/06 08:54,removed,outages_20261001_081325.csv,outages_20261001_111428.csv,01/10/2026 08:13,01/10/2026 11:14
東京,君津共同火力株式会社,6065330508,君津共同火力株式会社君津共同発電所,火力（ガス）,6号機,152900,計画停止,,,2021/03/03 14:00,あり,2021/03/05,運用停止,2021/03/06 08:54,removed,outages_20261001_081325.csv,outages_20261001_111428.csv,01/10/2026 08:13,01/10/2026 11:14
東京,君津共同火力株式会社,6065330508,君津共同火力株式会社君津共同発電所,火力（ガス）,6号機,152900,計画停止,,,2021/02/28 07:00,あり,2021/02/28,運用停止,2021/02/28 06:05,removed,outages_20261001_081325.csv,outages_20261001_111428.csv,01/10/2026 08:13,01/10/2026 11:14
東京,君津共同火力株式会社,6065330508,君津共同火力株式会社君津共同発電所,火力（ガス）,6号機,152900,計画停止,,,2021/02/16 06:00,あり,2021/02/18,運用停止,2021/02/16 04:35,removed,outages_20261001_081325.csv,outages_20261001_111428.csv,01/10/2026 08:13,01/10/2026 11:14
東京,君津共同火力株式会社,6065330508,君津共同火力株式会社君津共同発電所,火力（ガス）,5号機,300000,出力低下,,180000,2021/02/16 05:15,あり,2021/02/17,燃料制約による出力抑制 抑制最大値:220000 抑制最小値:140000 抑制平均値:180000,2021/02/15 20:45,removed,outages_20261001_081325.csv,outages_20261001_111428.csv,01/10/2026 08:13,01/10/2026 11:14
東京,君津共同火力株式会社,6065330508,君津共同火力株式会社君津共同発電所,火力（ガス）,5号機,300000,出力低下,,100000,2021/02/06 13:00,あり,2021/02/08,4号アンモニア分配調整試験に伴う出力抑制 抑制最大値：140000 抑制最小値：60000 抑制平均値：100000,2021/02/06 11:19,removed,outages_20261001_081325.csv,outages_20261001_111428.csv,01/10/2026 08:13,01/10/2026 11:14
東京,君津共同火力株式会社,6065330508,君津共同火力株式会社君津共同発電所,火力（ガス）,6号機,152900,計画停止,,,2021/02/04 06:00,あり,2021/02/05,運用停止,2021/02/05 19:26,removed,outages_20261001_081325.csv,outages_20261001_111428.csv,01/10/2026 08:13,01/10/2026 11:14
東京,君津共同火力株式会社,6065330508,君津共同火力株式会社君津共同発電所,火力（ガス）,5号機,300000,出力低下,,170000,2021/02/04 06:00,あり,2021/02/06,燃料制約による抑制 抑制最大値：210000kW 抑制最小値：130000kW 抑制平均値：170000kW,2021/02/04 04:25,removed,outages_20261001_081325.csv,outages_20261001_111428.csv,01/10/2026 08:13,01/10/2026 11:14
東京,君津共同火力株式会社,6065330508,君津共同火力株式会社君津共同発電所,火力（ガス）,6号機,152900,計画停止,,,2021/01/28 06:05,あり,2021/01/29,運用停止,2021/01/28 21:19,removed,outages_20261001_081325.csv,outages_20261001_111428.csv,01/10/2026 08:13,01/10/2026 11:14
東京,君津共同火力株式会社,6065330508,君津共同火力株式会社君津共同発電所,火力（ガス）,5号機,300000,出力低下,,100000,2021/01/21 05:00,あり,2021/01/24,燃料制約による抑制 抑制最大値:140000kW 抑制最小値:60000kW 抑制平均値:100000kW,2021/01/24 07:31,removed,outages_20261001_081325.csv,outages_20261001_111428.csv,01/10/2026 08:13,01/10/2026 11:14
東京,君津共同火力株式会社,6065330508,君津共同火力株式会社君津共同発電所,火力（ガス）,6号機,152900,計画停止,,,2021/01/21 06:02,あり,2021/01/23,運用停止,2021/01/21 06:30,removed,outages_20261001_081325.csv,outages_20261001_111428.csv,01/10/2026 08:13,01/10/2026 11:14
東京,君津共同火力株式会社,6065330508,君津共同火力株式会社君津共同発電所,火力（ガス）,6号機,152900,計画停止,,,2020/12/21 05:56,あり,2020/12/23,運用停止,2020/12/22 04:38,removed,outages_20261001_081325.csv,outages_20261001_111428.csv,01/10/2026 08:13,01/10/2026 11:14
東京,君津共同火力株式会社,6065330508,君津共同火力株式会社君津共同発電所,火力（ガス）,5号機,300000,出力低下,,150000,2020/12/21 05:00,あり,2020/12/22,出力低下量最大値190000kw 最小値110000kw 平均値150000kw 燃料制約の為,2020/12/21 04:08,removed,outages_20261001_081325.csv,outages_20261001_111428.csv,01/10/2026 08:13,01/10/2026 11:14
東京,君津共同火力株式会社,6065330508,君津共同火力株式会社君津共同発電所,火力（ガス）,4号機,350000,計画停止,,,2020/12/19 06:01,あり,2020/12/20,運用停止,2020/12/19 08:20,removed,outages_20261001_081325.csv,outages_20261001_111428.csv,01/10/2026 08:13,01/10/2026 11:14
東京,君津共同火力株式会社,6065330508,君津共同火力株式会社君津共同発電所,火力（ガス）,5号機,300000,計画停止,,,2020/12/08 05:55,あり,2020/12/10,運用停止,2020/12/11 06:28,removed,outages_20261001_081325.csv,outages_20261001_111428.csv,01/10/2026 08:13,01/10/2026 11:14
東京,君津共同火力株式会社,6065330508,君津共同火力株式会社君津共同発電所,火力（ガス）,6号機,152900,計画停止,,,2020/12/08 05:04,あり,2020/12/10,運用停止,2020/12/08 05:17,removed,outages_20261001_081325.csv,outages_20261001_111428.csv,01/10/2026 08:13,01/10/2026 11:14
東京,君津共同火力株式会社,6065330508,君津共同火力株式会社君津共同発電所,火力（ガス）,5号機,300000,出力低下,,120000,2020/11/21 23:00,あり,2020/12/06,出力低下量最大値160000kw 最小値80000kw 平均値120000kw 燃料制約の為,2020/12/06 20:33,removed,outages_20261001_081325.csv,outages_20261001_111428.csv,01/10/2026 08:13,01/10/2026 11:14
東京,君津共同火力株式会社,6065330508,君津共同火力株式会社君津共同発電所,火力（ガス）,6号機,152900,計画停止,,,2020/11/21 13:32,あり,2020/12/06,運用停止,2020/12/05 20:33,removed,outages_20261001_081325.csv,outages_20261001_111428.csv,01/10/2026 08:13,01/10/2026 11:14
東京,君津共同火力株式会社,6065330508,君津共同火力株式会社君津共同発電所,火力（ガス）,5号機,300000,計画停止,,,2020/11/24 10:30,あり,2020/12/06,運用停止,2020/12/05 20:32,removed,outages_20261001_081325.csv,outages_20261001_111428.csv,01/10/2026 08:13,01/10/2026 11:14
東京,君津共同火力株式会社,6065330508,君津共同火力株式会社君津共同発電所,火力（ガス）,6号機,152900,計画停止,,,2020/11/21 13:32,あり,2020/12/01,運用停止,2020/11/28 20:39,removed,outages_20261001_081325.csv,outages_20261001_111428.csv,01/10/2026 08:13,01/10/2026 11:14
東京,君津共同火力株式会社,6065330508,君津共同火力株式会社君津共同発電所,火力（ガス）,5号機,300000,計画停止,,,2020/11/24 10:30,あり,2020/11/30,運用停止,2020/11/28 20:38,removed,outages_20261001_081325.csv,outages_20261001_111428.csv,01/10/2026 08:13,01/10/2026 11:14
東京,君津共同火力株式会社,6065330508,君津共同火力株式会社君津共同発電所,火力（ガス）,6号機,152900,計画停止,,,2020/11/19 11:05,あり,2020/11/20,運用停止,2020/11/20 04:12,removed,outages_20261001_081325.csv,outages_20261001_111428.csv,01/10/2026 08:13,01/10/2026 11:14
東京,君津共同火力株式会社,6065330508,君津共同火力株式会社君津共同発電所,火力（ガス）,5号機,300000,計画停止,,,2020/07/15 05:32,あり,2020/11/21,運用停止、8/12 16:00からは定期点検,2020/11/17 10:38,removed,outages_20261001_081325.csv,outages_20261001_111428.csv,01/10/2026 08:13,01/10/2026 11:14
東京,君津共同火力株式会社,6065330508,君津共同火力株式会社君津共同発電所,火力（ガス）,6号機,152900,計画停止,,,2020/11/12 06:01,あり,2020/11/13,運用停止,2020/11/12 06:07,removed,outages_20261001_081325.csv,outages_20261001_111428.csv,01/10/2026 08:13,01/10/2026 11:14
東京,君津共同火力株式会社,6065330508,君津共同火力株式会社君津共同発電所,火力（ガス）,6号機,152900,計画停止,,,2020/10/14 05:59,あり,2020/10/15,運用停止,2020/10/14 07:08,removed,outages_20261001_081325.csv,outages_20261001_111428.csv,01/10/2026 08:13,01/10/2026 11:14
東京,君津共同火力株式会社,6065330508,君津共同火力株式会社君津共同発電所,火力（ガス）,6号機,152900,計画外停止,,,2020/09/10 19:00,あり,2020/09/11,設備不具合,2020/09/10 19:03,removed,outages_20261001_081325.csv,outages_20261001_111428.csv,01/10/2026 08:13,01/10/2026 11:14
東京,君津共同火力株式会社,6065330508,君津共同火力株式会社君津共同発電所,火力（ガス）,6号機,152900,計画停止,,,2020/09/07 06:00,あり,2020/09/08,運用停止,2020/09/06 13:26,removed,outages_20261001_081325.csv,outages_20261001_111428.csv,01/10/2026 08:13,01/10/2026 11:14
東京,君津共同火力株式会社,6065330508,君津共同火力株式会社君津共同発電所,火力（ガス）,6号機,152900,計画外停止,,,2020/08/31 12:24,あり,2020/09/01,設備不具合,2020/08/31 12:25,removed,outages_20261001_081325.csv,outages_20261001_111428.csv,01/10/2026 08:13,01/10/2026 11:14
東京,君津共同火力株式会社,6065330508,君津共同火力株式会社君津共同発電所,火力（ガス）,6号機,152900,計画外停止,,,2020/08/30 04:52,あり,2020/08/30,設備不具合,2020/08/30 04:54,removed,outages_20261001_081325.csv,outages_20261001_111428.csv,01/10/2026 08:13,01/10/2026 11:14
東京,君津共同火力株式会社,6065330508,君津共同火力株式会社君津共同発電所,火力（ガス）,6号機,152900,計画停止,,,2020/08/06 05:59,あり,2020/08/07,運用停止,2020/08/06 06:01,removed,outages_20261001_081325.csv,outages_20261001_111428.csv,01/10/2026 08:13,01/10/2026 11:14
東京,君津共同火力株式会社,6065330508,君津共同火力株式会社君津共同発電所,火力（ガス）,6号機,152900,計画停止,,,2020/07/21 07:56,あり,2020/07/21,運用停止,2020/07/21 19:26,removed,outages_20261001_081325.csv,outages_20261001_111428.csv,01/10/2026 08:13,01/10/2026 11:14
東京,君津共同火力株式会社,6065330508,君津共同火力株式会社君津共同発電所,火力（ガス）,6号機,152900,計画外停止,,,2020/07/19 01:25,あり,2020/07/20,設備不具合,2020/07/20 00:31,removed,outages_20261001_081325.csv,outages_20261001_111428.csv,01/10/2026 08:13,01/10/2026 11:14
東京,君津共同火力株式会社,6065330508,君津共同火力株式会社君津共同発電所,火力（ガス）,6号機,152900,計画停止,,,2020/06/13 05:50,あり,2020/07/17,運用停止、18日からは定検停止,2020/07/16 19:37,removed,outages_20261001_081325.csv,outages_20261001_111428.csv,01/10/2026 08:13,01/10/2026 11:14
東京,君津共同火力株式会社,6065330508,君津共同火力株式会社君津共同発電所,火力（ガス）,5号機,300000,計画外停止,,,2020/07/11 11:06,あり,2020/07/12,設備不具合,2020/07/11 11:10,removed,outages_20261001_081325.csv,outages_20261001_111428.csv,01/10/2026 08:13,01/10/2026 11:14
東京,君津共同火力株式会社,6065330508,君津共同火力株式会社君津共同発電所,火力（ガス）,5号機,300000,計画外停止,,,2020/07/07 20:42,あり,2020/07/08,設備不具合,2020/07/08 06:09,removed,outages_20261001_081325.csv,outages_20261001_111428.csv,01/10/2026 08:13,01/10/2026 11:14
東京,君津共同火力株式会社,6065330508,君津共同火力株式会社君津共同発電所,火力（ガス）,5号機,300000,計画外停止,,,2020/06/18 13:40,あり,2020/06/19,設備不具合,2020/06/19 20:51,removed,outages_20261001_081325.csv,outages_20261001_111428.csv,01/10/2026 08:13,01/10/2026 11:14
東京,君津共同火力株式会社,6065330508,君津共同火力株式会社君津共同発電所,火力（ガス）,5号機,300000,計画停止,,,2020/06/15 08:40,あり,2020/06/16,運用停止,2020/06/15 08:51,removed,outages_20261001_081325.csv,outages_20261001_111428.csv,01/10/2026 08:13,01/10/2026 11:14
東京,君津共同火力株式会社,6065330508,君津共同火力株式会社君津共同発電所,火力（ガス）,5号機,300000,計画停止,,,2020/06/13 07:22,あり,2020/06/14,運用停止,2020/06/13 07:24,removed,outages_20261001_081325.csv,outages_20261001_111428.csv,01/10/2026 08:13,01/10/2026 11:14
東京,君津共同火力株式会社,6065330508,君津共同火力株式会社君津共同発電所,火力（ガス）,5号機,300000,計画停止,,,2020/06/09 05:53,あり,2020/06/10,運用停止,2020/06/10 13:52,removed,outages_20261001_081325.csv,outages_20261001_111428.csv,01/10/2026 08:13,01/10/2026 11:14
東京,君津共同火力株式会社,6065330508,君津共同火力株式会社君津共同発電所,火力（ガス）,4号機,350000,計画停止,,,2020/04/01 18:00,あり,2020/06/06,定期点検による停止,2020/06/05 17:36,removed,outages_20261001_081325.csv,outages_20261001_111428.csv,01/10/2026 08:13,01/10/2026 11:14
東京,君津共同火力株式会社,6065330508,君津共同火力株式会社君津共同発電所,火力（ガス）,5号機,300000,計画停止,,,2020/06/04 06:03,あり,2020/06/07,運用停止,2020/06/04 06:14,removed,outages_20261001_081325.csv,outages_20261001_111428.csv,01/10/2026 08:13,01/10/2026 11:14
東京,君津共同火力株式会社,6065330508,君津共同火力株式会社君津共同発電所,火力（ガス）,6号機,152900,計画停止,,,2020/06/04 05:06,あり,2020/06/07,運用停止,2020/06/04 05:09,removed,outages_20261001_081325.csv,outages_20261001_111428.csv,01/10/2026 08:13,01/10/2026 11:14
東京,君津共同火力株式会社,6065330508,君津共同火力株式会社君津共同発電所,火力（ガス）,6号機,152900,計画停止,,,2020/06/02 05:46,あり,2020/06/02,運用停止,2020/06/02 20:38,removed,outages_20261001_081325.csv,outages_20261001_111428.csv,01/10/2026 08:13,01/10/2026 11:14
東京,君津共同火力株式会社,6065330508,君津共同火力株式会社君津共同発電所,火力（ガス）,6号機,152900,計画停止,,,2020/05/31 08:50,あり,2020/05/31,運用停止,2020/06/02 00:46,removed,outages_20261001_081325.csv,outages_20261001_111428.csv,01/10/2026 08:13,01/10/2026 11:14
東京,君津共同火力株式会社,6065330508,君津共同火力株式会社君津共同発電所,火力（ガス）,6号機,152900,計画外停止,,,2020/05/23 20:45,あり,2020/05/28,設備不具合,2020/05/28 00:41,removed,outages_20261001_081325.csv,outages_20261001_111428.csv,01/10/2026 08:13,01/10/2026 11:14
東京,君津共同火力株式会社,6065330508,君津共同火力株式会社君津共同発電所,火力（ガス）,5号機,300000,計画外停止,,,2020/05/21 19:23,あり,2020/05/22,設備不具合,2020/05/22 09:55,removed,outages_20261001_081325.csv,outages_20261001_111428.csv,01/10/2026 08:13,01/10/2026 11:14
東京,君津共同火力株式会社,6065330508,君津共同火力株式会社君津共同発電所,火力（ガス）,6号機,152900,計画外停止,,,2020/05/21 18:42,あり,2020/05/22,設備不具合,2020/05/22 04:41,removed,outages_20261001_081325.csv,outages_20261001_111428.csv,01/10/2026 08:13,01/10/2026 11:14
東京,君津共同火力株式会社,6065330508,君津共同火力株式会社君津共同発電所,火力（ガス）,6号機,152900,計画停止,,,2020/05/20 22:49,あり,2020/05/21,運用停止,2020/05/21 12:00,removed,outages_20261001_081325.csv,outages_20261001_111428.csv,01/10/2026 08:13,01/10/2026 11:14
東京,君津共同火力株式会社,6065330508,君津共同火力株式会社君津共同発電所,火力（ガス）,6号機,152900,計画停止,,,2020/05/14 05:57,あり,2020/05/16,運用停止,2020/05/14 06:15,removed,outages_20261001_081325.csv,outages_20261001_111428.csv,01/10/2026 08:13,01/10/2026 11:14
東京,君津共同火力株式会社,6065330508,君津共同火力株式会社君津共同発電所,火力（ガス）,5号機,300000,計画停止,,,2020/05/08 05:50,あり,2020/05/13,運用停止,2020/05/12 20:12,removed,outages_20261001_081325.csv,outages_20261001_111428.csv,01/10/2026 08:13,01/10/2026 11:14
東京,君津共同火力株式会社,6065330508,君津共同火力株式会社君津共同発電所,火力（ガス）,6号機,152900,計画停止,,,2020/05/08 05:03,あり,2020/05/11,運用停止,2020/05/08 05:05,removed,outages_20261001_081325.csv,outages_20261001_111428.csv,01/10/2026 08:13,01/10/2026 11:14
東京,君津共同火力株式会社,6065330508,君津共同火力株式会社君津共同発電所,火力（ガス）,6号機,152900,計画停止,,,2020/04/27 05:48,あり,2020/04/29,運用停止,2020/04/27 05:50,removed,outages_20261001_081325.csv,outages_20261001_111428.csv,01/10/2026 08:13,01/10/2026 11:14
東京,君津共同火力株式会社,6065330508,君津共同火力株式会社君津共同発電所,火力（ガス）,5号機,300000,計画停止,,,2020/04/13 05:53,あり,2020/04/15,運用停止,2020/04/13 06:01,removed,outages_20261001_081325.csv,outages_20261001_111428.csv,01/10/2026 08:13,01/10/2026 11:14
東京,君津共同火力株式会社,6065330508,君津共同火力株式会社君津共同発電所,火力（ガス）,6号機,152900,計画停止,,,2020/04/13 04:54,あり,2020/04/15,運用停止,2020/04/13 04:58,removed,outages_20261001_081325.csv,outages_20261001_111428.csv,01/10/2026 08:13,01/10/2026 11:14
東京,君津共同火力株式会社,6065330508,君津共同火力株式会社君津共同発電所,火力（ガス）,5号機,300000,計画外停止,,,2020/03/31 16:44,あり,2020/04/04,設備トラブル,2020/04/03 20:18,removed,outages_20261001_081325.csv,outages_20261001_111428.csv,01/10/2026 08:13,01/10/2026 11:14
東京,君津共同火力株式会社,6065330508,君津共同火力株式会社君津共同発電所,火力（ガス）,6号機,152900,計画外停止,,,2020/03/31 16:01,あり,2020/04/03,設備不具合,2020/04/03 03:03,removed,outages_20261001_081325.csv,outages_20261001_111428.csv,01/10/2026 08:13,01/10/2026 11:14
東京,君津共同火力株式会社,6065330508,君津共同火力株式会社君津共同発電所,火力（ガス）,5号機,300000,計画停止,,,2020/03/26 05:52,あり,2020/03/28,運用停止,2020/03/26 05:57,removed,outages_20261001_081325.csv,outages_20261001_111428.csv,01/10/2026 08:13,01/10/2026 11:14
東京,君津共同火力株式会社,6065330508,君津共同火力株式会社君津共同発電所,火力（ガス）,6号機,152900,計画停止,,,2020/03/26 04:49,あり,2020/03/28,運用停止,2020/03/26 04:53,removed,outages_20261001_081325.csv,outages_20261001_111428.csv,01/10/2026 08:13,01/10/2026 11:14
東京,君津共同火力株式会社,6065330508,君津共同火力株式会社君津共同発電所,火力（ガス）,6号機,152900,計画停止,,,2020/03/23 05:51,あり,2020/03/24,運用停止,2020/03/23 05:56,removed,outages_20261001_081325.csv,outages_20261001_111428.csv,01/10/2026 08:13,01/10/2026 11:14
東京,君津共同火力株式会社,6065330508,君津共同火力株式会社君津共同発電所,火力（ガス）,5号機,300000,計画停止,,,2020/03/17 05:26,あり,2020/03/25,運用停止,2020/03/22 14:43,removed,outages_20261001_081325.csv,outages_20261001_111428.csv,01/10/2026 08:13,01/10/2026 11:14
東京,君津共同火力株式会社,6065330508,君津共同火力株式会社君津共同発電所,火力（ガス）,6号機,152900,計画停止,,,2020/03/17 04:49,あり,2020/03/20,運用停止,2020/03/19 17:25,removed,outages_20261001_081325.csv,outages_20261001_111428.csv,01/10/2026 08:13,01/10/2026 11:14
東京,君津共同火力株式会社,6065330508,君津共同火力株式会社君津共同発電所,火力（ガス）,6号機,152900,計画停止,,,2020/03/06 19:19,あり,2020/03/07,運用停止,2020/03/07 07:27,removed,outages_20261001_081325.csv,outages_20261001_111428.csv,01/10/2026 08:13,01/10/2026 11:14
東京,君津共同火力株式会社,6065330508,君津共同火力株式会社君津共同発電所,火力（ガス）,6号機,152900,計画外停止,,,2020/02/29 10:05,あり,2020/03/06,設備不具合,2020/03/06 17:44,removed,outages_20261001_081325.csv,outages_20261001_111428.csv,01/10/2026 08:13,01/10/2026 11:14
東京,君津共同火力株式会社,6065330508,君津共同火力株式会社君津共同発電所,火力（ガス）,5号機,300000,計画停止,,,2020/03/03 05:33,あり,2020/03/07,運用停止,2020/03/03 05:38,removed,outages_20261001_081325.csv,outages_20261001_111428.csv,01/10/2026 08:13,01/10/2026 11:14
東京,君津共同火力株式会社,6065330508,君津共同火力株式会社君津共同発電所,火力（ガス）,6号機,152900,計画停止,,,2020/02/20 05:51,あり,2020/02/22,運用停止,2020/02/20 05:52,removed,outages_20261001_081325.csv,outages_20261001_111428.csv,01/10/2026 08:13,01/10/2026 11:14
東京,君津共同火力株式会社,6065330508,君津共同火力株式会社君津共同発電所,火力（ガス）,5号機,300000,計画外停止,,,2020/02/17 19:49,あり,2020/02/18,設備不具合,2020/02/18 23:44,removed,outages_20261001_081325.csv,outages_20261001_111428.csv,01/10/2026 08:13,01/10/2026 11:14
東京,君津共同火力株式会社,6065330508,君津共同火力株式会社君津共同発電所,火力（ガス）,6号機,152900,計画外停止,,,2020/02/17 19:33,あり,2020/02/18,設備不具合,2020/02/18 06:14,removed,outages_20261001_081325.csv,outages_20261001_111428.csv,01/10/2026 08:13,01/10/2026 11:14
東京,君津共同火力株式会社,6065330508,君津共同火力株式会社君津共同発電所,火力（ガス）,5号機,300000,計画停止,,,2020/02/13 05:51,あり,2020/02/16,運用停止,2020/02/15 14:04,removed,outages_20261001_081325.csv,outages_20261001_111428.csv,01/10/2026 08:13,01/10/2026 11:14
東京,君津共同火力株式会社,6065330508,君津共同火力株式会社君津共同発電所,火力（ガス）,6号機,152900,計画停止,,,2020/02/13 04:53,あり,2020/02/15,運用停止,2020/02/13 04:53,removed,outages_20261001_081325.csv,outages_20261001_111428.csv,01/10/2026 08:13,01/10/2026 11:14
東京,君津共同火力株式会社,6065330508,君津共同火力株式会社君津共同発電所,火力（ガス）,6号機,152900,計画停止,,,2020/01/21 05:49,あり,2020/01/23,,2020/01/21 05:51,removed,outages_20261001_081325.csv,outages_20261001_111428.csv,01/10/2026 08:13,01/10/2026 11:14
東京,君津共同火力株式会社,6065330508,君津共同火力株式会社君津共同発電所,火力（ガス）,6号機,152900,計画停止,,,2020/01/14 05:51,あり,2020/01/15,運用停止,2020/01/15 12:26,removed,outages_20261001_081325.csv,outages_20261001_111428.csv,01/10/2026 08:13,01/10/2026 11:14
東京,君津共同火力株式会社,6065330508,君津共同火力株式会社君津共同発電所,火力（ガス）,5号機,300000,計画停止,,,2019/12/25 05:50,あり,2019/12/27,運用停止,2019/12/25 06:35,removed,outages_20261001_081325.csv,outages_20261001_111428.csv,01/10/2026 08:13,01/10/2026 11:14
東京,君津共同火力株式会社,6065330508,君津共同火力株式会社君津共同発電所,火力（ガス）,6号機,152900,計画外停止,,,2019/12/23 15:45,あり,2019/12/23,設備不具合,2019/12/23 18:29,removed,outages_20261001_081325.csv,outages_20261001_111428.csv,01/10/2026 08:13,01/10/2026 11:14
東京,君津共同火力株式会社,6065330508,君津共同火力株式会社君津共同発電所,火力（ガス）,6号機,152900,計画停止,,,2019/12/15 07:30,あり,2019/12/15,運用停止,2019/12/14 23:16,removed,outages_20261001_081325.csv,outages_20261001_111428.csv,01/10/2026 08:13,01/10/2026 11:14
東京,君津共同火力株式会社,6065330508,君津共同火力株式会社君津共同発電所,火力（ガス）,3号機,350000,計画外停止,,,2019/05/04 12:52,あり,2019/12/13,設備不具合,2019/12/13 04:03,removed,outages_20261001_081325.csv,outages_20261001_111428.csv,01/10/2026 08:13,01/10/2026 11:14
東京,君津共同火力株式会社,6065330508,君津共同火力株式会社君津共同発電所,火力（ガス）,6号機,152900,計画停止,,,2019/12/11 06:45,あり,2019/12/12,運用停止,2019/12/11 06:54,removed,outages_20261001_081325.csv,outages_20261001_111428.csv,01/10/2026 08:13,01/10/2026 11:14
東京,君津共同火力株式会社,6065330508,君津共同火力株式会社君津共同発電所,火力（ガス）,6号機,152900,計画外停止,,,2019/12/06 16:18,あり,2019/12/10,設備不具合,2019/12/09 17:39,removed,outages_20261001_081325.csv,outages_20261001_111428.csv,01/10/2026 08:13,01/10/2026 11:14
東京,君津共同火力株式会社,6065330508,君津共同火力株式会社君津共同発電所,火力（ガス）,5号機,300000,計画外停止,,,2019/12/03 05:53,あり,2019/12/07,設備不具合,2019/12/05 20:29,removed,outages_20261001_081325.csv,outages_20261001_111428.csv,01/10/2026 08:13,01/10/2026 11:14
東京,君津共同火力株式会社,6065330508,君津共同火力株式会社君津共同発電所,火力（ガス）,6号機,152900,計画停止,,,2019/12/02 05:48,あり,2019/12/05,運用停止,2019/12/04 20:40,removed,outages_20261001_081325.csv,outages_20261001_111428.csv,01/10/2026 08:13,01/10/2026 11:14
東京,君津共同火力株式会社,6065330508,君津共同火力株式会社君津共同発電所,火力（ガス）,5号機,300000,計画外停止,,,2019/11/28 06:51,あり,2019/11/29,設備不具合,2019/11/28 06:59,removed,outages_20261001_081325.csv,outages_20261001_111428.csv,01/10/2026 08:13,01/10/2026 11:14
東京,君津共同火力株式会社,6065330508,君津共同火力株式会社君津共同発電所,火力（ガス）,6号機,152900,計画停止,,,2019/11/28 06:50,あり,2019/11/28,運用停止,2019/11/28 06:58,removed,outages_20261001_081325.csv,outages_20261001_111428.csv,01/10/2026 08:13,01/10/2026 11:14
東京,君津共同火力株式会社,6065330508,君津共同火力株式会社君津共同発電所,火力（ガス）,6号機,152900,計画停止,,,2019/11/17 13:51,あり,2019/11/18,運用停止,2019/11/17 13:55,removed,outages_20261001_081325.csv,outages_20261001_111428.csv,01/10/2026 08:13,01/10/2026 11:14
東京,君津共同火力株式会社,6065330508,君津共同火力株式会社君津共同発電所,火力（ガス）,6号機,152900,計画停止,,,2019/11/16 11:51,あり,2019/11/16,運用停止,2019/11/16 12:12,removed,outages_20261001_081325.csv,outages_20261001_111428.csv,01/10/2026 08:13,01/10/2026 11:14
東京,君津共同火力株式会社,6065330508,君津共同火力株式会社君津共同発電所,火力（ガス）,6号機,152900,計画停止,,,2019/11/12 05:12,あり,2019/11/15,運用停止,2019/11/12 05:32,removed,outages_20261001_081325.csv,outages_20261001_111428.csv,01/10/2026 08:13,01/10/2026 11:14
東京,君津共同火力株式会社,6065330508,君津共同火力株式会社君津共同発電所,火力（ガス）,5号機,300000,計画停止,,,2019/11/01 05:56,あり,2019/11/02,運用停止,2019/11/01 09:04,removed,outages_20261001_081325.csv,outages_20261001_111428.csv,01/10/2026 08:13,01/10/2026 11:14
東京,君津共同火力株式会社,6065330508,君津共同火力株式会社君津共同発電所,火力（ガス）,4号機,350000,計画外停止,,,2019/10/30 17:47,あり,2019/11/01,設備不具合,2019/11/01 09:02,removed,outages_20261001_081325.csv,outages_20261001_111428.csv,01/10/2026 08:13,01/10/2026 11:14
東京,君津共同火力株式会社,6065330508,君津共同火力株式会社君津共同発電所,火力（ガス）,6号機,152900,計画外停止,,,2019/10/25 16:18,あり,2019/10/27,設備不具合,2019/10/27 10:23,removed,outages_20261001_081325.csv,outages_20261001_111428.csv,01/10/2026 08:13,01/10/2026 11:14
東京,君津共同火力株式会社,6065330508,君津共同火力株式会社君津共同発電所,火力（ガス）,5号機,300000,計画外停止,,,2019/10/25 17:26,あり,2019/10/26,設備不具合,2019/10/26 21:03,removed,outages_20261001_081325.csv,outages_20261001_111428.csv,01/10/2026 08:13,01/10/2026 11:14
東京,君津共同火力株式会社,6065330508,君津共同火力株式会社君津共同発電所,火力（ガス）,6号機,152900,計画停止,,,2019/10/11 10:39,あり,2019/10/24,運用停止,2019/10/24 01:44,removed,outages_20261001_081325.csv,outages_20261001_111428.csv,01/10/2026 08:13,01/10/2026 11:14
東京,君津共同火力株式会社,6065330508,君津共同火力株式会社君津共同発電所,火力（ガス）,5号機,300000,計画外停止,,,2019/10/23 05:49,あり,2019/10/24,設備不具合,2019/10/23 09:13,removed,outages_20261001_081325.csv,outages_20261001_111428.csv,01/10/2026 08:13,01/10/2026 11:14
東京,君津共同火力株式会社,6065330508,君津共同火力株式会社君津共同発電所,火力（ガス）,5号機,300000,計画停止,,,2019/10/21 05:55,あり,2019/10/23,運用停止,2019/10/21 06:00,removed,outages_20261001_081325.csv,outages_20261001_111428.csv,01/10/2026 08:13,01/10/2026 11:14
東京,君津共同火力株式会社,6065330508,君津共同火力株式会社君津共同発電所,火力（ガス）,5号機,300000,計画停止,,,2019/10/12 05:38,あり,2019/10/14,運用停止,2019/10/14 00:13,removed,outages_20261001_081325.csv,outages_20261001_111428.csv,01/10/2026 08:13,01/10/2026 11:14
東京,君津共同火力株式会社,6065330508,君津共同火力株式会社君津共同発電所,火力（ガス）,6号機,152900,計画停止,,,2019/10/01 05:57,あり,2019/10/04,運用停止,2019/10/01 06:14,removed,outages_20261001_081325.csv,outages_20261001_111428.csv,01/10/2026 08:13,01/10/2026 11:14
東京,君津共同火力株式会社,6065330508,君津共同火力株式会社君津共同発電所,火力（ガス）,5号機,300000,計画停止,,,2019/09/24 17:56,あり,2019/10/11,定検停止,2019/09/24 18:01,removed,outages_20261001_081325.csv,outages_20261001_111428.csv,01/10/2026 08:13,01/10/2026 11:14
東京,君津共同火力株式会社,6065330508,君津共同火力株式会社君津共同発電所,火力（ガス）,5号機,300000,計画停止,,,2019/09/08 17:17,あり,2019/09/11,運用停止,2019/09/11 06:05,removed,outages_20261001_081325.csv,outages_20261001_111428.csv,01/10/2026 08:13,01/10/2026 11:14
東京,君津共同火力株式会社,6065330508,君津共同火力株式会社君津共同発電所,火力（ガス）,6号機,152900,計画外停止,,,2019/09/09 03:30,あり,2019/09/09,設備不具合,2019/09/10 08:46,removed,outages_20261001_081325.csv,outages_20261001_111428.csv,01/10/2026 08:13,01/10/2026 11:14
東京,君津共同火力株式会社,6065330508,君津共同火力株式会社君津共同発電所,火力（ガス）,5号機,300000,計画停止,,,2019/09/04 05:50,あり,2019/09/07,運用停止,2019/09/06 17:38,removed,outages_20261001_081325.csv,outages_20261001_111428.csv,01/10/2026 08:13,01/10/2026 11:14
東京,君津共同火力株式会社,6065330508,君津共同火力株式会社君津共同発電所,火力（ガス）,5号機,300000,計画停止,,,2019/08/26 05:55,あり,2019/08/30,運用停止,2019/08/29 16:52,removed,outages_20261001_081325.csv,outages_20261001_111428.csv,01/10/2026 08:13,01/10/2026 11:14
東京,君津共同火力株式会社,6065330508,君津共同火力株式会社君津共同発電所,火力（ガス）,6号機,152900,計画外停止,,,2019/08/29 11:45,あり,2019/08/29,設備不具合,2019/08/29 16:51,removed,outages_20261001_081325.csv,outages_20261001_111428.csv,01/10/2026 08:13,01/10/2026 11:14
東京,君津共同火力株式会社,6065330508,君津共同火力株式会社君津共同発電所,火力（ガス）,6号機,152900,計画外停止,,,2019/08/28 18:22,あり,2019/08/29,設備不具合,2019/08/29 09:33,removed,outages_20261001_081325.csv,outages_20261001_111428.csv,01/10/2026 08:13,01/10/2026 11:14
東京,君津共同火力株式会社,6065330508,君津共同火力株式会社君津共同発電所,火力（ガス）,5号機,300000,計画外停止,,,2019/08/10 08:14,あり,2019/08/12,設備不具合,2019/08/12 02:46,removed,outages_20261001_081325.csv,outages_20261001_111428.csv,01/10/2026 08:13,01/10/2026 11:14
東京,君津共同火力株式会社,6065330508,君津共同火力株式会社君津共同発電所,火力（ガス）,6号機,152900,計画外停止,,,2019/08/10 19:17,あり,2019/08/12,設備不具合,2019/08/12 02:45,removed,outages_20261001_081325.csv,outages_20261001_111428.csv,01/10/2026 08:13,01/10/2026 11:14
東京,君津共同火力株式会社,6065330508,君津共同火力株式会社君津共同発電所,火力（ガス）,5号機,300000,計画停止,,,2019/08/08 06:11,あり,2019/08/09,運用停止,2019/08/08 06:50,removed,outages_20261001_081325.csv,outages_20261001_111428.csv,01/10/2026 08:13,01/10/2026 11:14
東京,君津共同火力株式会社,6065330508,君津共同火力株式会社君津共同発電所,火力（ガス）,5号機,300000,計画外停止,,,2019/07/22 07:07,あり,2019/07/24,運用外停止,2019/07/24 17:22,removed,outages_20261001_081325.csv,outages_20261001_111428.csv,01/10/2026 08:13,01/10/2026 11:14
東京,君津共同火力株式会社,6065330508,君津共同火力株式会社君津共同発電所,火力（ガス）,6号機,152900,計画外停止,,,2019/07/23 19:57,あり,2019/07/24,運用外停止,2019/07/24 03:24,removed,outages_20261001_081325.csv,outages_20261001_111428.csv,01/10/2026 08:13,01/10/2026 11:14
東京,君津共同火力株式会社,6065330508,君津共同火力株式会社君津共同発電所,火力（ガス）,6号機,152900,計画停止,,,2019/03/28 07:57,あり,2019/07/23,運用停止 4/1 17:00以降は定検停止,2019/07/23 05:44,removed,outages_20261001_081325.csv,outages_20261001_111428.csv,01/10/2026 08:13,01/10/2026 11:14
東京,君津共同火力株式会社,6065330508,君津共同火力株式会社君津共同発電所,火力（ガス）,6号機,152900,計画外停止,,,2019/07/22 06:18,あり,2019/07/23,運用外停止,2019/07/22 22:34,removed,outages_20261001_081325.csv,outages_20261001_111428.csv,01/10/2026 08:13,01/10/2026 11:14
東京,君津共同火力株式会社,6065330508,君津共同火力株式会社君津共同発電所,火力（ガス）,5号機,300000,計画停止,,,2019/05/29 05:45,あり,2019/05/31,運用停止,2019/05/29 07:34,removed,outages_20261001_081325.csv,outages_20261001_111428.csv,01/10/2026 08:13,01/10/2026 11:14
東京,君津共同火力株式会社,6065330508,君津共同火力株式会社君津共同発電所,火力（ガス）,5号機,300000,計画外停止,,,2019/05/04 12:53,あり,2019/05/10,設備不具合,2019/05/09 19:18,removed,outages_20261001_081325.csv,outages_20261001_111428.csv,01/10/2026 08:13,01/10/2026 11:14
東京,君津共同火力株式会社,6065330508,君津共同火力株式会社君津共同発電所,火力（ガス）,5号機,300000,計画外停止,,,2019/04/25 02:49,あり,2019/04/26,設備不具合,2019/04/25 21:24,removed,outages_20261001_081325.csv,outages_20261001_111428.csv,01/10/2026 08:13,01/10/2026 11:14
東京,君津共同火力株式会社,6065330508,君津共同火力株式会社君津共同発電所,火力（ガス）,6号機,152900,計画外停止,,,2019/03/25 11:01,あり,2019/03/25,設備不具合,2019/03/25 16:42,removed,outages_20261001_081325.csv,outages_20261001_111428.csv,01/10/2026 08:13,01/10/2026 11:14
東京,君津共同火力株式会社,6065330508,君津共同火力株式会社君津共同発電所,火力（ガス）,6号機,152900,計画外停止,,,2019/03/22 09:50,あり,2019/03/22,設備不具合,2019/03/22 09:53,removed,outages_20261001_081325.csv,outages_20261001_111428.csv,01/10/2026 08:13,01/10/2026 11:14
東京,君津共同火力株式会社,6065330508,君津共同火力株式会社君津共同発電所,火力（ガス）,5号機,300000,計画停止,,,2019/03/20 05:45,あり,2019/03/21,運用停止,2019/03/21 18:37,removed,outages_20261001_081325.csv,outages_20261001_111428.csv,01/10/2026 08:13,01/10/2026 11:14
東京,君津共同火力株式会社,6065330508,君津共同火力株式会社君津共同発電所,火力（ガス）,6号機,152900,計画停止,,,2019/03/12 05:50,あり,2019/03/13,運用停止,2019/03/12 06:04,removed,outages_20261001_081325.csv,outages_20261001_111428.csv,01/10/2026 08:13,01/10/2026 11:14
東京,君津共同火力株式会社,6065330508,君津共同火力株式会社君津共同発電所,火力（ガス）,5号機,300000,計画外停止,,,2019/03/07 15:29,あり,2019/03/08,設備不具合,2019/03/07 19:45,removed,outages_20261001_081325.csv,outages_20261001_111428.csv,01/10/2026 08:13,01/10/2026 11:14
東京,君津共同火力株式会社,6065330508,君津共同火力株式会社君津共同発電所,火力（ガス）,5号機,300000,計画外停止,,,2019/02/21 23:10,あり,2019/02/23,設備不具合,2019/02/22 20:45,removed,outages_20261001_081325.csv,outages_20261001_111428.csv,01/10/2026 08:13,01/10/2026 11:14
東京,君津共同火力株式会社,6065330508,君津共同火力株式会社君津共同発電所,火力（ガス）,6号機,152900,計画停止,,,2019/02/12 06:05,あり,2019/02/16,設備不具合,2019/02/15 21:04,removed,outages_20261001_081325.csv,outages_20261001_111428.csv,01/10/2026 08:13,01/10/2026 11:14
東京,君津共同火力株式会社,6065330508,君津共同火力株式会社君津共同発電所,火力（ガス）,5号機,300000,計画外停止,,,2019/01/28 04:41,あり,2019/01/28,設備不具合,2019/01/28 15:09,removed,outages_20261001_081325.csv,outages_20261001_111428.csv,01/10/2026 08:13,01/10/2026 11:14
東京,君津共同火力株式会社,6065330508,君津共同火力株式会社君津共同発電所,火力（ガス）,5号機,300000,計画外停止,,,2019/01/21 14:43,あり,2019/01/25,設備不具合,2019/01/23 22:33,removed,outages_20261001_081325.csv,outages_20261001_111428.csv,01/10/2026 08:13,01/10/2026 11:14
東京,君津共同火力株式会社,6065330508,君津共同火力株式会社君津共同発電所,火力（ガス）,6号機,152900,計画外停止,,,2019/01/23 16:24,あり,2019/01/24,設備不具合,2019/01/23 16:27,removed,outages_20261001_081325.csv,outages_20261001_111428.csv,01/10/2026 08:13,01/10/2026 11:14
東京,君津共同火力株式会社,6065330508,君津共同火力株式会社君津共同発電所,火力（ガス）,6号機,152900,計画停止,,,2019/01/19 02:03,あり,2019/01/22,運用停止,2019/01/21 18:04,removed,outages_20261001_081325.csv,outages_20261001_111428.csv,01/10/2026 08:13,01/10/2026 11:14
東京,君津共同火力株式会社,6065330508,君津共同火力株式会社君津共同発電所,火力（ガス）,6号機,152900,計画停止,,,2019/01/03 12:20,あり,2019/01/13,運用停止,2019/01/12 08:02,removed,outages_20261001_081325.csv,outages_20261001_111428.csv,01/10/2026 08:13,01/10/2026 11:14
東京,君津共同火力株式会社,6065330508,君津共同火力株式会社君津共同発電所,火力（ガス）,5号機,300000,計画停止,,,2019/01/22 06:00,あり,2019/01/26,運用停止,2019/01/08 19:23,removed,outages_20261001_081325.csv,outages_20261001_111428.csv,01/10/2026 08:13,01/10/2026 11:14
東京,君津共同火力株式会社,6065330508,君津共同火力株式会社君津共同発電所,火力（ガス）,6号機,152900,計画停止,,,2019/01/07 21:30,あり,2019/01/08,運用停止,2018/12/28 17:32,removed,outages_20261001_081325.csv,outages_20261001_111428.csv,01/10/2026 08:13,01/10/2026 11:14
東京,君津共同火力株式会社,6065330508,君津共同火力株式会社君津共同発電所,火力（ガス）,5号機,300000,計画停止,,,2018/12/25 05:40,あり,2018/12/27,運用停止,2018/12/25 05:50,removed,outages_20261001_081325.csv,outages_20261001_111428.csv,01/10/2026 08:13,01/10/2026 11:14
東京,君津共同火力株式会社,6065330508,君津共同火力株式会社君津共同発電所,火力（ガス）,6号機,152900,計画停止,,,2018/12/04 12:00,あり,2018/12/21,運用停止,2018/12/18 16:43,removed,outages_20261001_081325.csv,outages_20261001_111428.csv,01/10/2026 08:13,01/10/2026 11:14
東京,君津共同火力株式会社,6065330508,君津共同火力株式会社君津共同発電所,火力（ガス）,5号機,300000,計画外停止,,,2018/12/15 08:00,あり,2018/12/17,設備不具合,2018/12/16 19:18,removed,outages_20261001_081325.csv,outages_20261001_111428.csv,01/10/2026 08:13,01/10/2026 11:14
東京,君津共同火力株式会社,6065330508,君津共同火力株式会社君津共同発電所,火力（ガス）,5号機,300000,計画停止,,,2018/12/13 05:51,あり,2018/12/15,運用停止,2018/12/14 08:15,removed,outages_20261001_081325.csv,outages_20261001_111428.csv,01/10/2026 08:13,01/10/2026 11:14
東京,君津共同火力株式会社,6065330508,君津共同火力株式会社君津共同発電所,火力（ガス）,5号機,300000,計画停止,,,2018/12/04 05:55,あり,2018/12/07,運用停止,2018/12/08 16:41,removed,outages_20261001_081325.csv,outages_20261001_111428.csv,01/10/2026 08:13,01/10/2026 11:14
東京,君津共同火力株式会社,6065330508,君津共同火力株式会社君津共同発電所,火力（ガス）,5号機,300000,計画停止,,,2018/11/29 07:26,あり,2018/11/30,運用停止,2018/11/29 07:40,removed,outages_20261001_081325.csv,outages_20261001_111428.csv,01/10/2026 08:13,01/10/2026 11:14
東京,君津共同火力株式会社,6065330508,君津共同火力株式会社君津共同発電所,火力（ガス）,5号機,300000,計画停止,,,2018/11/19 05:57,あり,2018/11/22,運用停止,2018/11/19 06:01,removed,outages_20261001_081325.csv,outages_20261001_111428.csv,01/10/2026 08:13,01/10/2026 11:14
東京,君津共同火力株式会社,6065330508,君津共同火力株式会社君津共同発電所,火力（ガス）,5号機,300000,計画外停止,,,2018/11/07 07:41,あり,2018/11/10,設備不具合,2018/11/09 16:27,removed,outages_20261001_081325.csv,outages_20261001_111428.csv,01/10/2026 08:13,01/10/2026 11:14
東京,君津共同火力株式会社,6065330508,君津共同火力株式会社君津共同発電所,火力（ガス）,5号機,300000,計画停止,,,2018/10/31 05:40,あり,2018/11/03,運用停止,2018/10/31 06:22,removed,outages_20261001_081325.csv,outages_20261001_111428.csv,01/10/2026 08:13,01/10/2026 11:14
東京,君津共同火力株式会社,6065330508,君津共同火力株式会社君津共同発電所,火力（ガス）,5号機,300000,計画外停止,,,2018/10/15 08:47,あり,2018/10/17,設備不具合,2018/10/17 00:08,removed,outages_20261001_081325.csv,outages_20261001_111428.csv,01/10/2026 08:13,01/10/2026 11:14
東京,君津共同火力株式会社,6065330508,君津共同火力株式会社君津共同発電所,火力（ガス）,6号機,152900,計画外停止,,,2018/10/05 13:37,あり,2018/10/06,設備不具合,2018/10/06 20:00,removed,outages_20261001_081325.csv,outages_20261001_111428.csv,01/10/2026 08:13,01/10/2026 11:14
東京,君津共同火力株式会社,6065330508,君津共同火力株式会社君津共同発電所,火力（ガス）,6号機,152900,計画停止,,,2018/10/04 10:39,あり,2018/10/05,,2018/10/04 10:41,removed,outages_20261001_081325.csv,outages_20261001_111428.csv,01/10/2026 08:13,01/10/2026 11:14
東京,君津共同火力株式会社,6065330508,君津共同火力株式会社君津共同発電所,火力（ガス）,5号機,300000,計画停止,,,2018/10/03 05:59,あり,2018/10/06,運用停止,2018/10/03 06:08,removed,outages_20261001_081325.csv,outages_20261001_111428.csv,01/10/2026 08:13,01/10/2026 11:14
東京,君津共同火力株式会社,6065330508,君津共同火力株式会社君津共同発電所,火力（ガス）,5号機,300000,計画外停止,,,2018/09/30 09:50,あり,2018/10/02,設備不具合,2018/10/02 08:41,removed,outages_20261001_081325.csv,outages_20261001_111428.csv,01/10/2026 08:13,01/10/2026 11:14
東京,君津共同火力株式会社,6065330508,君津共同火力株式会社君津共同発電所,火力（ガス）,6号機,152900,計画外停止,,,2018/09/30 23:07,あり,2018/10/01,設備不具合,2018/09/30 23:36,removed,outages_20261001_081325.csv,outages_20261001_111428.csv,01/10/2026 08:13,01/10/2026 11:14
東京,君津共同火力株式会社,6065330508,君津共同火力株式会社君津共同発電所,火力（ガス）,5号機,300000,計画停止,,,2018/08/12 18:24,あり,2018/09/29,定検停止,2018/09/21 11:20,removed,outages_20261001_081325.csv,outages_20261001_111428.csv,01/10/2026 08:13,01/10/2026 11:14
東京,君津共同火力株式会社,6065330508,君津共同火力株式会社君津共同発電所,火力（ガス）,3号機,350000,計画停止,,,2018/07/21 09:04,あり,2018/08/05,運用停止,2018/08/04 23:35,removed,outages_20261001_081325.csv,outages_20261001_111428.csv,01/10/2026 08:13,01/10/2026 11:14
東京,君津共同火力株式会社,6065330508,君津共同火力株式会社君津共同発電所,火力（ガス）,5号機,300000,計画外停止,,,2018/08/04 19:34,あり,2018/08/05,設備不具合,2018/08/04 23:34,removed,outages_20261001_081325.csv,outages_20261001_111428.csv,01/10/2026 08:13,01/10/2026 11:14
東京,君津共同火力株式会社,6065330508,君津共同火力株式会社君津共同発電所,火力（ガス）,5号機,300000,計画外停止,,,2018/07/27 17:00,あり,2018/07/28,設備不具合,2018/07/28 10:02,removed,outages_20261001_081325.csv,outages_20261001_111428.csv,01/10/2026 08:13,01/10/2026 11:14
東京,君津共同火力株式会社,6065330508,君津共同火力株式会社君津共同発電所,火力（ガス）,5号機,300000,計画停止,,,2018/07/19 06:03,あり,2018/07/21,運用停止,2018/07/19 06:05,removed,outages_20261001_081325.csv,outages_20261001_111428.csv,01/10/2026 08:13,01/10/2026 11:14
東京,君津共同火力株式会社,6065330508,君津共同火力株式会社君津共同発電所,火力（ガス）,5号機,300000,計画停止,,,2018/07/11 06:09,あり,2018/07/13,運用停止,2018/07/11 06:19,removed,outages_20261001_081325.csv,outages_20261001_111428.csv,01/10/2026 08:13,01/10/2026 11:14
東京,君津共同火力株式会社,6065330508,君津共同火力株式会社君津共同発電所,火力（ガス）,5号機,300000,計画停止,,,2018/07/09 07:07,あり,2018/07/10,運用停止,2018/07/09 07:17,removed,outages_20261001_081325.csv,outages_20261001_111428.csv,01/10/2026 08:13,01/10/2026 11:14
東京,君津共同火力株式会社,6065330508,君津共同火力株式会社君津共同発電所,火力（ガス）,5号機,300000,計画外停止,,,2018/07/08 09:35,あり,2018/07/08,設備不具合,2018/07/08 09:36,removed,outages_20261001_081325.csv,outages_20261001_111428.csv,01/10/2026 08:13,01/10/2026 11:14
東京,君津共同火力株式会社,6065330508,君津共同火力株式会社君津共同発電所,火力（ガス）,6号機,152900,計画停止,,,2018/06/30 06:50,あり,2018/07/02,運用停止,2018/06/30 06:52,removed,outages_20261001_081325.csv,outages_20261001_111428.csv,01/10/2026 08:13,01/10/2026 11:14
東京,君津共同火力株式会社,6065330508,君津共同火力株式会社君津共同発電所,火力（ガス）,5号機,300000,計画停止,,,2018/06/16 11:55,あり,2018/06/17,運用停止,2018/06/16 12:45,removed,outages_20261001_081325.csv,outages_20261001_111428.csv,01/10/2026 08:13,01/10/2026 11:14
東京,君津共同火力株式会社,6065330508,君津共同火力株式会社君津共同発電所,火力（ガス）,5号機,300000,計画停止,,,2018/06/13 06:04,あり,2018/06/15,運用停止,2018/06/13 06:10,removed,outages_20261001_081325.csv,outages_20261001_111428.csv,01/10/2026 08:13,01/10/2026 11:14
東京,君津共同火力株式会社,6065330508,君津共同火力株式会社君津共同発電所,火力（ガス）,5号機,300000,計画停止,,,2018/06/07 06:07,あり,2018/06/10,運用停止,2018/06/09 23:57,removed,outages_20261001_081325.csv,outages_20261001_111428.csv,01/10/2026 08:13,01/10/2026 11:14
東京,君津共同火力株式会社,6065330508,君津共同火力株式会社君津共同発電所,火力（ガス）,6号機,152900,計画停止,,,2018/04/10 18:03,あり,2018/06/05,定検停止,2018/06/01 23:40,removed,outages_20261001_081325.csv,outages_20261001_111428.csv,01/10/2026 08:13,01/10/2026 11:14
東京,君津共同火力株式会社,6065330508,君津共同火力株式会社君津共同発電所,火力（ガス）,5号機,300000,計画停止,,,2018/05/08 05:47,あり,2018/05/10,運用停止,2018/05/08 06:05,removed,outages_20261001_081325.csv,outages_20261001_111428.csv,01/10/2026 08:13,01/10/2026 11:14
東京,君津共同火力株式会社,6065330508,君津共同火力株式会社君津共同発電所,火力（ガス）,5号機,300000,計画外停止,,,2018/05/01 12:16,あり,2018/05/02,設備不具合,2018/05/01 13:01,removed,outages_20261001_081325.csv,outages_20261001_111428.csv,01/10/2026 08:13,01/10/2026 11:14
東京,君津共同火力株式会社,6065330508,君津共同火力株式会社君津共同発電所,火力（ガス）,5号機,300000,計画停止,,,2018/04/23 12:21,あり,2018/04/23,運用停止,2018/04/23 13:44,removed,outages_20261001_081325.csv,outages_20261001_111428.csv,01/10/2026 08:13,01/10/2026 11:14
東京,君津共同火力株式会社,6065330508,君津共同火力株式会社君津共同発電所,火力（ガス）,5号機,300000,計画停止,,,2018/04/19 05:58,あり,2018/04/23,運用停止,2018/04/23 09:10,removed,outages_20261001_081325.csv,outages_20261001_111428.csv,01/10/2026 08:13,01/10/2026 11:14
東京,君津共同火力株式会社,6065330508,君津共同火力株式会社君津共同発電所,火力（ガス）,5号機,300000,計画外停止,,,2018/04/09 11:42,あり,2018/04/11,設備不具合,2018/04/10 07:26,removed,outages_20261001_081325.csv,outages_20261001_111428.csv,01/10/2026 08:13,01/10/2026 11:14
東京,君津共同火力株式会社,6065330508,君津共同火力株式会社君津共同発電所,火力（ガス）,5号機,300000,計画停止,,,2018/04/03 05:45,あり,2018/04/04,運用停止,2018/04/03 08:28,removed,outages_20261001_081325.csv,outages_20261001_111428.csv,01/10/2026 08:13,01/10/2026 11:14
東京,君津共同火力株式会社,6065330508,君津共同火力株式会社君津共同発電所,火力（ガス）,5号機,300000,計画停止,,,2018/03/24 05:59,あり,2018/03/26,運用停止,2018/03/25 02:52,removed,outages_20261001_081325.csv,outages_20261001_111428.csv,01/10/2026 08:13,01/10/2026 11:14
東京,君津共同火力株式会社,6065330508,君津共同火力株式会社君津共同発電所,火力（ガス）,5号機,300000,計画外停止,,,2018/03/08 15:49,あり,2018/03/10,設備不具合,2018/03/08 16:05,removed,outages_20261001_081325.csv,outages_20261001_111428.csv,01/10/2026 08:13,01/10/2026 11:14
東京,君津共同火力株式会社,6065330508,君津共同火力株式会社君津共同発電所,火力（ガス）,5号機,300000,計画外停止,,,2018/02/28 17:57,あり,2018/03/04,設備不具合,2018/03/03 11:24,removed,outages_20261001_081325.csv,outages_20261001_111428.csv,01/10/2026 08:13,01/10/2026 11:14
東京,君津共同火力株式会社,6065330508,君津共同火力株式会社君津共同発電所,火力（ガス）,5号機,300000,計画停止,,,2018/02/23 05:40,あり,2018/02/24,運用停止,2018/02/23 05:48,removed,outages_20261001_081325.csv,outages_20261001_111428.csv,01/10/2026 08:13,01/10/2026 11:14
東京,君津共同火力株式会社,6065330508,君津共同火力株式会社君津共同発電所,火力（ガス）,5号機,300000,計画停止,,,2018/02/20 05:55,あり,2018/02/22,運用停止,2018/02/20 08:39,removed,outages_20261001_081325.csv,outages_20261001_111428.csv,01/10/2026 08:13,01/10/2026 11:14
東京,君津共同火力株式会社,6065330508,君津共同火力株式会社君津共同発電所,火力（ガス）,3号機,350000,計画停止,,,2018/02/03 19:14,あり,2018/04/04,定検停止,2018/02/19 21:37,removed,outages_20261001_081325.csv,outages_20261001_111428.csv,01/10/2026 08:13,01/10/2026 11:14
東京,君津共同火力株式会社,6065330508,君津共同火力株式会社君津共同発電所,火力（ガス）,5号機,300000,計画停止,,,2018/02/09 16:55,あり,2018/02/11,運用停止,2018/02/09 18:13,removed,outages_20261001_081325.csv,outages_20261001_111428.csv,01/10/2026 08:13,01/10/2026 11:14
東京,君津共同火力株式会社,6065330508,君津共同火力株式会社君津共同発電所,火力（ガス）,4号機,350000,計画停止,,,2016/09/01 06:00,あり,2019/03/31,定検,2016/09/01 04:12,removed,outages_20261001_081325.csv,outages_20261001_111428.csv,01/10/2026 08:13,01/10/2026 11:14
