エリア,発電事業者,発電所コード,発電所名,発電形式,ユニット名,認可出力,停止区分,種別,低下量,停止日時,復旧見通し,復旧予定日,停止原因,最終更新日時,change_type,earlier_file,later_file,as_of_datetime,data_load_datetime
東京,株式会社JERA,34026,袖ケ浦火力発電所,火力（ガス）,袖ケ浦３号,1000000,計画停止,停止・送電線等制約,,2026/09/19 09:00,あり,2026/09/25,系統作業,2026/09/17 18:23,added,outages_20260917_132835.csv,outages_20260917_183953.csv,17/09/2026 18:23,17/09/2026 18:39
東京,株式会社JERA,34027,袖ケ浦火力発電所,火力（ガス）,袖ケ浦４号,1000000,計画停止,停止・送電線等制約,,2026/09/19 09:00,あり,2026/09/21,系統作業,2026/09/17 18:22,added,outages_20260917_132835.csv,outages_20260917_183953.csv,17/09/2026 18:22,17/09/2026 18:39
中部,株式会社JERA,46210,武豊火力発電所,火力（石炭）,武豊５号,1070000,計画停止,停止・設備故障,,2026/09/18 00:00,なし,,ボイラ関連設備,2026/09/17 17:56,added,outages_20260917_132835.csv,outages_20260917_183953.csv,17/09/2026 17:56,17/09/2026 18:39
東京,株式会社扇島パワー,6149331758,扇島パワー,火力（ガス）,２,407100,計画外停止,停止・設備故障,,2026/09/14 10:40,あり,2026/09/19,HRSG設備関連不具合,2026/09/17 17:13,added,outages_20260917_132835.csv,outages_20260917_183953.csv,17/09/2026 17:13,17/09/2026 18:39
東京,株式会社JERA,34026,袖ケ浦火力発電所,火力（ガス）,袖ケ浦３号,1000000,計画停止,停止・設備故障,,2026/09/14 03:40,あり,2026/09/17,タービン関連設備,2026/09/17 16:24,added,outages_20260917_132835.csv,outages_20260917_183953.csv,17/09/2026 16:24,17/09/2026 18:39
中部,コスモ石油株式会社,42136,四日市霞発電所,その他,単独,230000,計画停止,停止・定期検査等,,2026/09/20 00:00,あり,2026/11/28,清掃工事のため,2026/09/17 16:21,added,outages_20260917_132835.csv,outages_20260917_183953.csv,17/09/2026 16:21,17/09/2026 18:39
北陸,北陸電力株式会社,52314,北陸電力 富山新港火力発電所,火力（ガス）,2号機,500000,出力低下,低下・送電線等制約,432430,2026/09/18 05:30,あり,2026/09/18,系統制約 最大低下量：500000kW 最小低下量：60000kW 平均低下量：432430kW,2026/09/17 16:18,added,outages_20260917_132835.csv,outages_20260917_183953.csv,17/09/2026 16:18,17/09/2026 18:39
北陸,北陸電力株式会社,52306,北陸電力 有峰第一発電所,水力,単独,265000,計画停止,低下・送電線等制約,,9999/09/18 08:00,あり,9999/09/18,削除,2026/09/17 16:14,added,outages_20260917_132835.csv,outages_20260917_183953.csv,17/09/2026 16:14,17/09/2026 18:39
東京,株式会社JERA,328RU,姉崎火力発電所,火力（ガス）,姉崎新３号,646900,計画停止,停止・設備故障,,2026/09/11 07:30,あり,2026/09/27,ＧＴ関連設備 JERA内管理ID:E26163701,2026/09/17 15:34,added,outages_20260917_132835.csv,outages_20260917_183953.csv,17/09/2026 15:34,17/09/2026 18:39
東北,株式会社JERA,4B215,上越火力発電所,火力（ガス）,上越２−１号,595000,計画停止,停止・設備故障,,2026/09/19 23:00,あり,2026/09/20,ボイラ関連設備 JERA内管理ID:W261454-1,2026/09/17 13:47,added,outages_20260917_132835.csv,outages_20260917_183953.csv,17/09/2026 13:47,17/09/2026 18:39
北陸,北陸電力株式会社,52306,北陸電力 有峰第一発電所,水力,単独,265000,出力低下,低下・送電線等制約,264830,2026/09/18 08:00,あり,2026/09/18,系統制約 最大低下量：264830kW 最小低下量：264830kW 平均低下量：264830kW,2026/09/16 18:20,removed,outages_20260917_132835.csv,outages_20260917_183953.csv,17/09/2026 13:28,17/09/2026 18:39
北陸,北陸電力株式会社,52314,北陸電力 富山新港火力発電所,火力（ガス）,2号機,500000,出力低下,低下・送電線等制約,385610,2026/09/18 00:00,あり,2026/09/18,系統制約 最大低下量：500000kW 最小低下量：48000kW 平均低下量：385610kW,2026/09/16 18:15,removed,outages_20260917_132835.csv,outages_20260917_183953.csv,17/09/2026 13:28,17/09/2026 18:39
北陸,北陸電力株式会社,52306,北陸電力 有峰第一発電所,水力,単独,265000,計画停止,低下・送電線等制約,,9999/09/17 07:00,あり,9999/09/17,削除,2026/09/16 18:02,removed,outages_20260917_132835.csv,outages_20260917_183953.csv,17/09/2026 13:28,17/09/2026 18:39
東京,君津共同火力株式会社,6065330508,君津共同火力株式会社君津共同発電所,火力（ガス）,6号機,152900,計画停止,停止・燃料制約,,9999/09/24 06:00,あり,9999/09/26,運用停止,2026/09/16 15:12,removed,outages_20260917_132835.csv,outages_20260917_183953.csv,17/09/2026 13:28,17/09/2026 18:39
東京,君津共同火力株式会社,6065330508,君津共同火力株式会社君津共同発電所,火力（ガス）,5号機,300000,出力低下,低下・燃料制約,225000,9999/09/24 05:00,あり,9999/09/26,最大抑制量:225000kW 最小抑制量:185000kW,2026/09/16 15:09,removed,outages_20260917_132835.csv,outages_20260917_183953.csv,17/09/2026 13:28,17/09/2026 18:39
東京,株式会社JERA,34027,袖ケ浦火力発電所,火力（ガス）,袖ケ浦４号,1000000,計画停止,停止・送電線等制約,,2026/09/19 08:00,あり,2026/09/21,系統作業,2026/09/16 13:32,removed,outages_20260917_132835.csv,outages_20260917_183953.csv,17/09/2026 13:28,17/09/2026 18:39
関西,関西電力株式会社,63C00,喜撰山発電所,水力,１号機,233000,計画停止,停止・設備故障,,9999/10/13 12:00,あり,9999/10/13,発電機作業,2026/09/15 17:49,removed,outages_20260917_132835.csv,outages_20260917_183953.csv,17/09/2026 13:28,17/09/2026 18:39
関西,関西電力株式会社,63C00,喜撰山発電所,水力,２号機,233000,計画停止,停止・設備故障,,9999/10/06 12:00,あり,9999/10/06,発電機作業,2026/09/15 17:47,removed,outages_20260917_132835.csv,outages_20260917_183953.csv,17/09/2026 13:28,17/09/2026 18:39
東京,株式会社JERA,34026,袖ケ浦火力発電所,火力（ガス）,袖ケ浦３号,1000000,計画停止,停止・設備故障,,2026/09/14 03:40,なし,,タービン関連設備,2026/09/15 09:50,removed,outages_20260917_132835.csv,outages_20260917_183953.csv,17/09/2026 13:28,17/09/2026 18:39
東京,株式会社JERA,328RU,姉崎火力発電所,火力（ガス）,姉崎新３号,646900,計画停止,停止・設備故障,,2026/09/11 07:30,あり,2026/10/07,ＧＴ関連設備 JERA内管理ID:E26163701,2026/09/14 17:43,removed,outages_20260917_132835.csv,outages_20260917_183953.csv,17/09/2026 13:28,17/09/2026 18:39
北陸,北陸電力株式会社,52307,北陸電力 有峰第二発電所,水力,単独,123000,出力低下,低下・送電線等制約,122910,9999/09/15 00:00,あり,9999/09/15,削除,2026/09/14 17:24,removed,outages_20260917_132835.csv,outages_20260917_183953.csv,17/09/2026 13:28,17/09/2026 18:39
北陸,北陸電力株式会社,52306,北陸電力 有峰第一発電所,水力,単独,265000,出力低下,低下・送電線等制約,264830,9999/09/15 00:00,あり,9999/09/15,削除,2026/09/14 17:23,removed,outages_20260917_132835.csv,outages_20260917_183953.csv,17/09/2026 13:28,17/09/2026 18:39
東京,株式会社扇島パワー,6149331758,扇島パワー,火力（ガス）,２,407100,計画外停止,停止・設備故障,,2026/09/14 10:40,なし,,HRSG設備関連不具合,2026/09/14 10:52,removed,outages_20260917_132835.csv,outages_20260917_183953.csv,17/09/2026 13:28,17/09/2026 18:39
東京,君津共同火力株式会社,6065330508,君津共同火力株式会社君津共同発電所,火力（ガス）,6号機,152900,計画停止,停止・燃料制約,,9999/01/14 06:00,あり,9999/01/17,運用停止,2026/09/13 09:09,removed,outages_20260917_132835.csv,outages_20260917_183953.csv,17/09/2026 13:28,17/09/2026 18:39
関西,関西電力株式会社,62A45,堺港発電所,火力（ガス）,５号機,400000,計画停止,停止・送電線等制約,,9999/09/13 07:00,あり,9999/09/13,TSO作業,2026/09/12 19:34,removed,outages_20260917_132835.csv,outages_20260917_183953.csv,17/09/2026 13:28,17/09/2026 18:39
関西,関西電力株式会社,62A41,堺港発電所,火力（ガス）,１号機,400000,計画停止,停止・送電線等制約,,9999/09/13 07:00,あり,9999/09/13,TSO作業,2026/09/11 23:13,removed,outages_20260917_132835.csv,outages_20260917_183953.csv,17/09/2026 13:28,17/09/2026 18:39
北陸,北陸電力株式会社,52306,北陸電力 有峰第一発電所,水力,単独,265000,計画停止,低下・送電線等制約,,9999/09/12 08:00,あり,9999/09/12,削除,2026/09/11 17:38,removed,outages_20260917_132835.csv,outages_20260917_183953.csv,17/09/2026 13:28,17/09/2026 18:39
北陸,北陸電力株式会社,52314,北陸電力 富山新港火力発電所,火力（ガス）,2号機,500000,計画停止,低下・送電線等制約,,9999/09/12 00:00,あり,9999/09/12,削除,2026/09/11 17:30,removed,outages_20260917_132835.csv,outages_20260917_183953.csv,17/09/2026 13:28,17/09/2026 18:39
北陸,北陸電力株式会社,52361,北陸電力 富山新港火力発電所,火力（ガス）,LNG1号機,424700,計画停止,低下・送電線等制約,,9999/09/12 08:00,あり,9999/09/12,削除,2026/09/11 17:30,removed,outages_20260917_132835.csv,outages_20260917_183953.csv,17/09/2026 13:28,17/09/2026 18:39
北陸,北陸電力株式会社,52307,北陸電力 有峰第二発電所,水力,単独,123000,計画停止,低下・送電線等制約,,9999/09/11 00:00,あり,9999/09/11,削除,2026/09/10 19:28,removed,outages_20260917_132835.csv,outages_20260917_183953.csv,17/09/2026 13:28,17/09/2026 18:39
北陸,北陸電力株式会社,52361,北陸電力 富山新港火力発電所,火力（ガス）,LNG1号機,424700,計画停止,低下・送電線等制約,,9999/09/11 00:00,あり,9999/09/11,削除,2026/09/10 19:24,removed,outages_20260917_132835.csv,outages_20260917_183953.csv,17/09/2026 13:28,17/09/2026 18:39
中部,中部電力(株),45002,奥矢作第二発電所,水力,３号機,260000,出力低下,低下・その他,86183,9999/09/11 00:00,あり,9999/09/11,運用制約 最大低下量 260000kW 最低低下量 0kW 平均低下量 86183kW,2026/09/10 18:33,removed,outages_20260917_132835.csv,outages_20260917_183953.csv,17/09/2026 13:28,17/09/2026 18:39
中部,中部電力(株),45002,奥矢作第二発電所,水力,２号機,260000,出力低下,低下・その他,86183,9999/09/11 00:00,あり,9999/09/11,運用制約 最大低下量 260000kW 最低低下量 0kW 平均低下量 86183kW,2026/09/10 18:33,removed,outages_20260917_132835.csv,outages_20260917_183953.csv,17/09/2026 13:28,17/09/2026 18:39
中部,中部電力(株),45002,奥矢作第二発電所,水力,１号機,260000,出力低下,低下・その他,86183,9999/09/11 00:00,あり,9999/09/11,運用制約 最大低下量 260000kW 最低低下量 0kW 平均低下量 86183kW,2026/09/10 18:32,removed,outages_20260917_132835.csv,outages_20260917_183953.csv,17/09/2026 13:28,17/09/2026 18:39
中部,中部電力(株),45002,奥矢作第一発電所,水力,３号機,107000,出力低下,低下・その他,35468,9999/09/11 00:00,あり,9999/09/11,運用制約 最大低下量：107000kW 最低低下量： 0kW 平均低下量：35468kW,2026/09/10 18:31,removed,outages_20260917_132835.csv,outages_20260917_183953.csv,17/09/2026 13:28,17/09/2026 18:39
中部,中部電力(株),45002,奥矢作第一発電所,水力,２号機,108000,出力低下,低下・その他,35799,9999/09/11 00:00,あり,9999/09/11,運用制約 最大低下量：108000kW 最低低下量： 0kW 平均低下量：35799kW,2026/09/10 18:31,removed,outages_20260917_132835.csv,outages_20260917_183953.csv,17/09/2026 13:28,17/09/2026 18:39
中部,中部電力(株),45002,奥矢作第一発電所,水力,１号機,108000,出力低下,低下・その他,35799,9999/09/11 00:00,あり,9999/09/11,運用制約 最大低下量：108000kW 最低低下量：         0kW 平均低下量：35799kW,2026/09/10 18:30,removed,outages_20260917_132835.csv,outages_20260917_183953.csv,17/09/2026 13:28,17/09/2026 18:39
関西,関西電力株式会社,68J45,姫路第一発電所,火力（ガス）,５号機,729000,出力低下,低下・設備故障,274000,9999/10/17 00:00,あり,9999/10/23,発電機作業 最大低下量：274000(kW) 最小低下量：274000(kW),2026/09/10 16:20,removed,outages_20260917_132835.csv,outages_20260917_183953.csv,17/09/2026 13:28,17/09/2026 18:39
関西,関西電力株式会社,68J45,姫路第一発電所,火力（ガス）,５号機,729000,出力低下,低下・設備故障,274000,9999/10/03 00:00,あり,9999/10/09,発電機作業 最大低下量：274000(kW) 最小低下量：274000(kW),2026/09/10 16:19,removed,outages_20260917_132835.csv,outages_20260917_183953.csv,17/09/2026 13:28,17/09/2026 18:39
関西,関西電力株式会社,68J45,姫路第一発電所,火力（ガス）,５号機,729000,出力低下,低下・設備故障,288000,9999/09/26 00:00,あり,9999/10/02,発電機作業 最大低下量：288000(kW) 最小低下量：288000(kW),2026/09/10 16:18,removed,outages_20260917_132835.csv,outages_20260917_183953.csv,17/09/2026 13:28,17/09/2026 18:39
東北,東北電力株式会社,2V403,東北電力東新潟火力発電所４号系列,火力（ガス）,４−２号機ＳＴ,295000,出力低下,低下・その他,182000,9999/09/14 00:00,あり,9999/10/02,別作業登録に伴う見送り  最大低下量　182000kW 最小低下量　182000kW 4-3GT停止作業に伴う出力低下,2026/09/10 11:52,removed,outages_20260917_132835.csv,outages_20260917_183953.csv,17/09/2026 13:28,17/09/2026 18:39
関西,関西電力株式会社,65C00,奥吉野発電所,水力,６号機,201000,計画停止,停止・設備故障,,9999/11/18 09:00,あり,9999/11/18,発電機作業,2026/08/31 14:25,removed,outages_20260917_132835.csv,outages_20260917_183953.csv,17/09/2026 13:28,17/09/2026 18:39
関西,関西電力株式会社,65C00,奥吉野発電所,水力,５号機,201000,計画停止,停止・設備故障,,9999/11/18 09:00,あり,9999/11/18,発電機作業,2026/08/31 14:23,removed,outages_20260917_132835.csv,outages_20260917_183953.csv,17/09/2026 13:28,17/09/2026 18:39
関西,関西電力株式会社,65C00,奥吉野発電所,水力,４号機,201000,計画停止,停止・設備故障,,9999/11/18 09:00,あり,9999/11/18,発電機作業,2026/08/31 14:21,removed,outages_20260917_132835.csv,outages_20260917_183953.csv,17/09/2026 13:28,17/09/2026 18:39
関西,関西電力株式会社,65C00,奥吉野発電所,水力,６号機,201000,計画停止,停止・設備故障,,9999/11/19 09:00,あり,9999/11/19,発電機作業,2026/08/31 14:06,removed,outages_20260917_132835.csv,outages_20260917_183953.csv,17/09/2026 13:28,17/09/2026 18:39
関西,関西電力株式会社,65C00,奥吉野発電所,水力,５号機,201000,計画停止,停止・設備故障,,9999/11/19 09:00,あり,9999/11/19,発電機作業,2026/08/31 14:04,removed,outages_20260917_132835.csv,outages_20260917_183953.csv,17/09/2026 13:28,17/09/2026 18:39
関西,関西電力株式会社,65C00,奥吉野発電所,水力,４号機,201000,計画停止,停止・設備故障,,9999/11/19 09:00,あり,9999/11/19,発電機作業,2026/08/31 13:58,removed,outages_20260917_132835.csv,outages_20260917_183953.csv,17/09/2026 13:28,17/09/2026 18:39
関西,関西電力株式会社,65C00,奥吉野発電所,水力,６号機,201000,計画停止,停止・設備故障,,9999/11/26 10:00,あり,9999/11/27,発電機作業,2026/08/31 13:52,removed,outages_20260917_132835.csv,outages_20260917_183953.csv,17/09/2026 13:28,17/09/2026 18:39
関西,関西電力株式会社,65C00,奥吉野発電所,水力,５号機,201000,計画停止,停止・設備故障,,9999/11/26 10:00,あり,9999/11/27,発電機作業,2026/08/31 13:51,removed,outages_20260917_132835.csv,outages_20260917_183953.csv,17/09/2026 13:28,17/09/2026 18:39
関西,関西電力株式会社,65C00,奥吉野発電所,水力,４号機,201000,計画停止,停止・設備故障,,9999/11/26 10:00,あり,9999/11/27,発電機作業,2026/08/31 13:49,removed,outages_20260917_132835.csv,outages_20260917_183953.csv,17/09/2026 13:28,17/09/2026 18:39
関西,関西電力株式会社,65C00,奥吉野発電所,水力,１号機,201000,計画停止,停止・設備故障,,9999/11/05 12:00,あり,9999/11/05,発電機作業,2026/08/31 13:46,removed,outages_20260917_132835.csv,outages_20260917_183953.csv,17/09/2026 13:28,17/09/2026 18:39
東京,東京電力リニューアブルパワー株式会社,31007,玉原発電所,水力,4号機,300000,計画停止,停止・その他,,9999/09/23 09:00,あり,9999/09/23,他号機停止に伴う停止,2026/08/31 10:08,removed,outages_20260917_132835.csv,outages_20260917_183953.csv,17/09/2026 13:28,17/09/2026 18:39
東京,東京電力リニューアブルパワー株式会社,31007,玉原発電所,水力,4号機,300000,計画停止,停止・その他,,9999/09/22 09:00,あり,9999/09/22,他号機停止に伴う停止,2026/08/31 10:08,removed,outages_20260917_132835.csv,outages_20260917_183953.csv,17/09/2026 13:28,17/09/2026 18:39
東京,東京電力リニューアブルパワー株式会社,31007,玉原発電所,水力,4号機,300000,計画停止,停止・その他,,9999/09/21 09:00,あり,9999/09/21,他号機停止に伴う停止,2026/08/31 10:07,removed,outages_20260917_132835.csv,outages_20260917_183953.csv,17/09/2026 13:28,17/09/2026 18:39
東京,東京電力リニューアブルパワー株式会社,31007,玉原発電所,水力,4号機,300000,計画停止,停止・その他,,9999/09/02 09:00,あり,9999/09/02,他号機停止に伴う停止,2026/08/31 10:06,removed,outages_20260917_132835.csv,outages_20260917_183953.csv,17/09/2026 13:28,17/09/2026 18:39
東京,東京電力リニューアブルパワー株式会社,31007,玉原発電所,水力,4号機,300000,計画停止,停止・その他,,9999/09/01 07:00,あり,9999/09/01,所内切替,2026/08/31 10:04,removed,outages_20260917_132835.csv,outages_20260917_183953.csv,17/09/2026 13:28,17/09/2026 18:39
東京,東京電力リニューアブルパワー株式会社,31007,玉原発電所,水力,3号機,300000,計画停止,停止・定期検査等,,9999/09/01 10:00,あり,9999/11/06,機器取替・修理,2026/08/31 10:03,removed,outages_20260917_132835.csv,outages_20260917_183953.csv,17/09/2026 13:28,17/09/2026 18:39
東京,東京電力リニューアブルパワー株式会社,31007,玉原発電所,水力,3号機,300000,計画停止,停止・その他,,9999/09/01 07:00,あり,9999/09/01,所内切替,2026/08/31 10:02,removed,outages_20260917_132835.csv,outages_20260917_183953.csv,17/09/2026 13:28,17/09/2026 18:39
東京,東京電力リニューアブルパワー株式会社,31007,玉原発電所,水力,2号機,300000,計画停止,停止・その他,,9999/09/22 09:00,あり,9999/09/22,他号機停止に伴う停止,2026/08/31 09:58,removed,outages_20260917_132835.csv,outages_20260917_183953.csv,17/09/2026 13:28,17/09/2026 18:39
東京,東京電力リニューアブルパワー株式会社,31007,玉原発電所,水力,2号機,300000,計画停止,停止・その他,,9999/09/21 09:00,あり,9999/09/21,他号機停止に伴う停止,2026/08/31 09:57,removed,outages_20260917_132835.csv,outages_20260917_183953.csv,17/09/2026 13:28,17/09/2026 18:39
東京,東京電力リニューアブルパワー株式会社,31007,玉原発電所,水力,2号機,300000,計画停止,停止・その他,,9999/09/02 09:00,あり,9999/09/02,他号機停止に伴う停止,2026/08/31 09:56,removed,outages_20260917_132835.csv,outages_20260917_183953.csv,17/09/2026 13:28,17/09/2026 18:39
東京,東京電力リニューアブルパワー株式会社,31007,玉原発電所,水力,2号機,300000,計画停止,停止・その他,,9999/09/01 07:00,あり,9999/09/01,所内切替,2026/08/31 09:55,removed,outages_20260917_132835.csv,outages_20260917_183953.csv,17/09/2026 13:28,17/09/2026 18:39
東京,東京電力リニューアブルパワー株式会社,31007,玉原発電所,水力,1号機,300000,計画停止,停止・その他,,9999/09/23 09:00,あり,9999/12/23,他号機停止に伴う停止,2026/08/31 09:53,removed,outages_20260917_132835.csv,outages_20260917_183953.csv,17/09/2026 13:28,17/09/2026 18:39
東京,東京電力リニューアブルパワー株式会社,31007,玉原発電所,水力,1号機,300000,計画停止,停止・その他,,9999/09/22 09:00,あり,9999/09/22,他号機停止に伴う停止,2026/08/31 09:52,removed,outages_20260917_132835.csv,outages_20260917_183953.csv,17/09/2026 13:28,17/09/2026 18:39
東京,東京電力リニューアブルパワー株式会社,31007,玉原発電所,水力,1号機,300000,計画停止,停止・その他,,9999/09/21 09:00,あり,9999/09/21,他号機停止に伴う停止,2026/08/31 09:51,removed,outages_20260917_132835.csv,outages_20260917_183953.csv,17/09/2026 13:28,17/09/2026 18:39
東京,東京電力リニューアブルパワー株式会社,31007,玉原発電所,水力,1号機,300000,計画停止,停止・その他,,9999/09/02 09:00,あり,9999/09/02,他号機停止に伴う停止,2026/08/31 09:50,removed,outages_20260917_132835.csv,outages_20260917_183953.csv,17/09/2026 13:28,17/09/2026 18:39
東京,東京電力リニューアブルパワー株式会社,31007,玉原発電所,水力,1号機,300000,計画停止,停止・その他,,9999/09/01 07:00,あり,9999/09/01,所内切替,2026/08/31 09:49,removed,outages_20260917_132835.csv,outages_20260917_183953.csv,17/09/2026 13:28,17/09/2026 18:39
東京,東京電力リニューアブルパワー株式会社,30203,今市発電所,水力,3号機,350000,計画停止,停止・その他,,9999/09/17 09:00,あり,9999/09/17,他号機停止に伴う停止,2026/08/31 09:46,removed,outages_20260917_132835.csv,outages_20260917_183953.csv,17/09/2026 13:28,17/09/2026 18:39
東京,東京電力リニューアブルパワー株式会社,30203,今市発電所,水力,2号機,350000,計画停止,停止・その他,,9999/09/17 09:00,あり,9999/09/17,他号機停止に伴う停止,2026/08/31 09:45,removed,outages_20260917_132835.csv,outages_20260917_183953.csv,17/09/2026 13:28,17/09/2026 18:39
東京,東京電力リニューアブルパワー株式会社,31302,安曇発電所,水力,6号機,103000,計画停止,停止・その他,,9999/09/13 15:00,あり,9999/09/13,他号機試験に伴う停止,2026/08/31 09:43,removed,outages_20260917_132835.csv,outages_20260917_183953.csv,17/09/2026 13:28,17/09/2026 18:39
東京,東京電力リニューアブルパワー株式会社,31302,安曇発電所,水力,5号機,103000,計画停止,停止・その他,,9999/09/13 13:00,あり,9999/09/13,他号機試験に伴う停止,2026/08/31 09:42,removed,outages_20260917_132835.csv,outages_20260917_183953.csv,17/09/2026 13:28,17/09/2026 18:39
東京,東京電力リニューアブルパワー株式会社,31302,安曇発電所,水力,4号機,103000,計画停止,停止・その他,,9999/09/13 10:00,あり,9999/09/13,他号機試験に伴う停止,2026/08/31 09:42,removed,outages_20260917_132835.csv,outages_20260917_183953.csv,17/09/2026 13:28,17/09/2026 18:39
東京,東京電力リニューアブルパワー株式会社,31302,安曇発電所,水力,3号機,103000,計画停止,停止・その他,,9999/09/11 09:00,あり,9999/09/12,他号機試験に伴う停止,2026/08/31 09:41,removed,outages_20260917_132835.csv,outages_20260917_183953.csv,17/09/2026 13:28,17/09/2026 18:39
東京,東京電力リニューアブルパワー株式会社,31302,安曇発電所,水力,3号機,103000,計画停止,停止・定期検査等,,9999/09/07 09:00,あり,9999/09/07,機器修理,2026/08/31 09:40,removed,outages_20260917_132835.csv,outages_20260917_183953.csv,17/09/2026 13:28,17/09/2026 18:39
東京,東京電力リニューアブルパワー株式会社,31302,安曇発電所,水力,2号機,105500,計画停止,停止・定期検査等,,9999/09/05 09:00,あり,9999/09/06,機器修理,2026/08/31 09:39,removed,outages_20260917_132835.csv,outages_20260917_183953.csv,17/09/2026 13:28,17/09/2026 18:39
東京,東京電力リニューアブルパワー株式会社,31302,安曇発電所,水力,6号機,103000,計画停止,停止・定期検査等,,9999/09/05 09:00,あり,9999/09/06,機器修理,2026/08/31 09:38,removed,outages_20260917_132835.csv,outages_20260917_183953.csv,17/09/2026 13:28,17/09/2026 18:39
東京,東京電力リニューアブルパワー株式会社,31302,安曇発電所,水力,5号機,103000,計画停止,停止・定期検査等,,9999/09/05 09:00,あり,9999/09/06,機器修理,2026/08/31 09:38,removed,outages_20260917_132835.csv,outages_20260917_183953.csv,17/09/2026 13:28,17/09/2026 18:39
東京,東京電力リニューアブルパワー株式会社,31302,安曇発電所,水力,4号機,103000,計画停止,停止・定期検査等,,9999/09/05 09:00,あり,9999/09/06,機器修理,2026/08/31 09:37,removed,outages_20260917_132835.csv,outages_20260917_183953.csv,17/09/2026 13:28,17/09/2026 18:39
東京,東京電力リニューアブルパワー株式会社,31302,安曇発電所,水力,3号機,103000,計画停止,停止・定期検査等,,9999/09/05 09:00,あり,9999/09/06,機器修理,2026/08/31 09:36,removed,outages_20260917_132835.csv,outages_20260917_183953.csv,17/09/2026 13:28,17/09/2026 18:39
関西,関西電力株式会社,63D03,大河内発電所,水力,１号機,320000,計画停止,停止・設備故障,,9999/10/30 15:00,あり,9999/10/30,発電機作業,2026/08/28 18:53,removed,outages_20260917_132835.csv,outages_20260917_183953.csv,17/09/2026 13:28,17/09/2026 18:39
関西,関西電力株式会社,63D03,大河内発電所,水力,２号機,320000,計画停止,停止・設備故障,,9999/10/30 15:00,あり,9999/10/30,発電機作業,2026/08/28 18:51,removed,outages_20260917_132835.csv,outages_20260917_183953.csv,17/09/2026 13:28,17/09/2026 18:39
関西,関西電力株式会社,63D03,大河内発電所,水力,４号機,320000,計画停止,停止・設備故障,,9999/10/30 15:00,あり,9999/10/30,発電機作業,2026/08/28 18:48,removed,outages_20260917_132835.csv,outages_20260917_183953.csv,17/09/2026 13:28,17/09/2026 18:39
関西,関西電力株式会社,63D03,大河内発電所,水力,１号機,320000,計画停止,停止・設備故障,,9999/10/23 17:00,あり,9999/10/23,発電機作業,2026/08/28 18:41,removed,outages_20260917_132835.csv,outages_20260917_183953.csv,17/09/2026 13:28,17/09/2026 18:39
関西,関西電力株式会社,63D03,大河内発電所,水力,２号機,320000,計画停止,停止・設備故障,,9999/10/23 17:00,あり,9999/10/23,発電機作業,2026/08/28 18:39,removed,outages_20260917_132835.csv,outages_20260917_183953.csv,17/09/2026 13:28,17/09/2026 18:39
関西,関西電力株式会社,63D03,大河内発電所,水力,３号機,320000,計画停止,停止・設備故障,,9999/10/23 17:00,あり,9999/10/23,発電機作業,2026/08/28 18:37,removed,outages_20260917_132835.csv,outages_20260917_183953.csv,17/09/2026 13:28,17/09/2026 18:39
関西,関西電力株式会社,68E00,奥多々良木発電所,水力,１号機,303000,計画停止,停止・設備故障,,9999/10/16 17:00,あり,9999/10/16,発電機作業,2026/08/28 18:35,removed,outages_20260917_132835.csv,outages_20260917_183953.csv,17/09/2026 13:28,17/09/2026 18:39
関西,関西電力株式会社,68E00,奥多々良木発電所,水力,４号機,303000,計画停止,停止・設備故障,,9999/10/16 17:00,あり,9999/10/16,発電機作業,2026/08/28 18:33,removed,outages_20260917_132835.csv,outages_20260917_183953.csv,17/09/2026 13:28,17/09/2026 18:39
関西,関西電力株式会社,68E00,奥多々良木発電所,水力,５号機,360000,計画停止,停止・その他,,9999/11/02 14:00,あり,9999/11/02,試運転,2026/08/28 18:06,removed,outages_20260917_132835.csv,outages_20260917_183953.csv,17/09/2026 13:28,17/09/2026 18:39
関西,関西電力株式会社,68E00,奥多々良木発電所,水力,５号機,360000,計画停止,停止・設備故障,,9999/11/02 10:00,あり,9999/11/02,発電機作業,2026/08/28 18:03,removed,outages_20260917_132835.csv,outages_20260917_183953.csv,17/09/2026 13:28,17/09/2026 18:39
関西,関西電力株式会社,65C00,奥吉野発電所,水力,１号機,201000,計画停止,停止・設備故障,,9999/11/05 15:00,あり,9999/11/05,発電機作業,2026/08/28 14:30,removed,outages_20260917_132835.csv,outages_20260917_183953.csv,17/09/2026 13:28,17/09/2026 18:39
関西,関西電力株式会社,65C00,奥吉野発電所,水力,２号機,201000,計画停止,停止・設備故障,,9999/11/30 10:00,あり,9999/12/18,発電機作業,2026/08/28 13:39,removed,outages_20260917_132835.csv,outages_20260917_183953.csv,17/09/2026 13:28,17/09/2026 18:39
関西,関西電力株式会社,65C00,奥吉野発電所,水力,６号機,201000,計画停止,停止・設備故障,,9999/11/17 09:00,あり,9999/11/19,発電機作業,2026/08/28 12:58,removed,outages_20260917_132835.csv,outages_20260917_183953.csv,17/09/2026 13:28,17/09/2026 18:39
関西,関西電力株式会社,65C00,奥吉野発電所,水力,５号機,201000,計画停止,停止・設備故障,,9999/11/17 09:00,あり,9999/11/19,発電機作業,2026/08/28 12:55,removed,outages_20260917_132835.csv,outages_20260917_183953.csv,17/09/2026 13:28,17/09/2026 18:39
関西,関西電力株式会社,65C00,奥吉野発電所,水力,４号機,201000,計画停止,停止・設備故障,,9999/11/17 09:00,あり,9999/11/19,発電機作業,2026/08/28 12:53,removed,outages_20260917_132835.csv,outages_20260917_183953.csv,17/09/2026 13:28,17/09/2026 18:39
関西,関西電力株式会社,65C00,奥吉野発電所,水力,３号機,201000,計画停止,停止・設備故障,,9999/11/17 09:00,あり,9999/11/19,発電機作業,2026/08/28 12:48,removed,outages_20260917_132835.csv,outages_20260917_183953.csv,17/09/2026 13:28,17/09/2026 18:39
関西,関西電力株式会社,65C00,奥吉野発電所,水力,２号機,201000,計画停止,停止・設備故障,,9999/11/17 09:00,あり,9999/11/19,発電機作業,2026/08/28 11:53,removed,outages_20260917_132835.csv,outages_20260917_183953.csv,17/09/2026 13:28,17/09/2026 18:39
関西,関西電力株式会社,65C00,奥吉野発電所,水力,１号機,201000,計画停止,停止・設備故障,,9999/11/17 09:00,あり,9999/11/19,発電機作業,2026/08/28 11:50,removed,outages_20260917_132835.csv,outages_20260917_183953.csv,17/09/2026 13:28,17/09/2026 18:39
関西,関西電力株式会社,68C42,姫路第二発電所,火力（ガス）,２号機,486500,計画停止,停止・設備故障,,9999/10/21 00:00,あり,9999/11/06,発電機作業,2026/08/28 10:15,removed,outages_20260917_132835.csv,outages_20260917_183953.csv,17/09/2026 13:28,17/09/2026 18:39
北海道,北海道電力株式会社,10010,苫東厚真発電所,火力（石炭）,２号機,600000,出力低下,低下・その他,350000,9999/08/24 03:40,あり,9999/08/24,最大低下量：420000kW 最低低下量：270000kW 平均低下量：350000kW ボイラ設備点検,2026/08/21 19:28,removed,outages_20260917_132835.csv,outages_20260917_183953.csv,17/09/2026 13:28,17/09/2026 18:39
北陸,北陸電力株式会社,52307,北陸電力 有峰第二発電所,水力,単独,123000,計画停止,停止・定期検査等,,9999/10/25 10:00,あり,9999/10/25,削除 有峰ダム表面取水から下部取水に切替(有峰系) 当社管理番号：0817E260076,2026/08/20 12:55,removed,outages_20260917_132835.csv,outages_20260917_183953.csv,17/09/2026 13:28,17/09/2026 18:39
北陸,北陸電力株式会社,52306,北陸電力 有峰第一発電所,水力,単独,265000,計画停止,停止・定期検査等,,9999/10/25 13:00,あり,9999/10/25,削除 有峰ダム表面取水から下部取水に切替 当社管理番号：0817E260072,2026/08/20 12:48,removed,outages_20260917_132835.csv,outages_20260917_183953.csv,17/09/2026 13:28,17/09/2026 18:39
中国,中国電力株式会社,72410,柳井発電所第２号系列,火力（ガス）,２−３号,198000,出力低下,低下・送電線等制約,146729,9999/09/20 07:30,あり,9999/09/30,削除 系統作業　　最大低下量：198000kW　　最小低下量：0kW　　平均低下量：146729kW　　制約量はTSOからの発電制約量（年間通知）に基づく,2026/08/19 17:04,removed,outages_20260917_132835.csv,outages_20260917_183953.csv,17/09/2026 13:28,17/09/2026 18:39
中国,中国電力株式会社,72408,柳井発電所第１号系列上位,火力（ガス）,１−４号,131000,計画停止,停止・送電線等制約,,9999/09/20 07:30,あり,9999/09/30,削除 系統作業　　制約量はTSOからの発電制約量（年間通知）に基づく,2026/08/19 17:03,removed,outages_20260917_132835.csv,outages_20260917_183953.csv,17/09/2026 13:28,17/09/2026 18:39
中部,中部電力(株),42332,徳山発電所,水力,１号機,139000,計画停止,停止・送電線等制約,,9999/09/07 07:00,あり,9999/09/11,作業,2026/08/18 16:02,removed,outages_20260917_132835.csv,outages_20260917_183953.csv,17/09/2026 13:28,17/09/2026 18:39
関西,関西電力株式会社,63C00,喜撰山発電所,水力,１号機,233000,計画停止,停止・設備故障,,9999/09/11 12:00,あり,9999/09/11,発電機作業,2026/08/18 14:23,removed,outages_20260917_132835.csv,outages_20260917_183953.csv,17/09/2026 13:28,17/09/2026 18:39
関西,関西電力株式会社,63C00,喜撰山発電所,水力,２号機,233000,計画停止,停止・設備故障,,9999/09/04 12:00,あり,9999/09/04,発電機作業,2026/08/18 14:23,removed,outages_20260917_132835.csv,outages_20260917_183953.csv,17/09/2026 13:28,17/09/2026 18:39
北陸,北陸電力株式会社,52316,北陸電力 富山新港火力発電所,火力（石炭）,石炭2号機,250000,計画停止,停止・定期検査等,,9999/09/11 20:00,あり,9999/09/14,削除 AH水洗他 当社管理番号：5435W260066,2026/08/18 12:06,removed,outages_20260917_132835.csv,outages_20260917_183953.csv,17/09/2026 13:28,17/09/2026 18:39
北陸,北陸電力株式会社,52315,北陸電力 富山新港火力発電所,火力（石炭）,石炭1号機,250000,計画停止,停止・定期検査等,,9999/09/04 20:00,あり,9999/09/07,削除 AH水洗他 当社管理番号：5435W260065,2026/08/18 12:04,removed,outages_20260917_132835.csv,outages_20260917_183953.csv,17/09/2026 13:28,17/09/2026 18:39
東北,東北電力株式会社,29538,東北電力上越火力発電所１号機,火力（ガス）,１号機,599000,計画停止,停止・その他,,9999/10/11 00:00,あり,9999/10/28,作業取りやめによる変更,2026/08/06 17:35,removed,outages_20260917_132835.csv,outages_20260917_183953.csv,17/09/2026 13:28,17/09/2026 18:39
中部,中部電力(株),41002,奥美濃発電所,水力,４号機,250000,計画停止,停止・定期検査等,,9999/08/06 08:00,あり,9999/08/06,作業,2026/08/05 15:42,removed,outages_20260917_132835.csv,outages_20260917_183953.csv,17/09/2026 13:28,17/09/2026 18:39
東京,川崎天然ガス発電,61203,川崎天然ガス発電所,火力（ガス）,川天1号機,413000,計画停止,停止・定期検査等,,9999/08/23 07:00,あり,9999/08/24,中止,2026/08/05 12:01,removed,outages_20260917_132835.csv,outages_20260917_183953.csv,17/09/2026 13:28,17/09/2026 18:39
中国,中国電力株式会社,73001,三隅発電所第１号機,火力（石炭）,１号機,1000000,出力低下,低下・設備故障,400000,9999/08/03 06:00,あり,9999/08/03,運炭コンベヤ故障 平均低下量：400000KW,2026/08/02 16:46,removed,outages_20260917_132835.csv,outages_20260917_183953.csv,17/09/2026 13:28,17/09/2026 18:39
関西,関西電力株式会社,63D42,舞鶴発電所,火力（石炭）,２号機,900000,計画停止,停止・定期検査等,,9999/05/31 09:00,あり,9999/07/06,定期検査,2026/07/29 14:53,removed,outages_20260917_132835.csv,outages_20260917_183953.csv,17/09/2026 13:28,17/09/2026 18:39
関西,関西電力株式会社,63D03,大河内発電所,水力,２号機,320000,計画停止,停止・設備故障,,9999/09/11 10:00,あり,9999/09/11,発電機作業,2026/07/28 17:01,removed,outages_20260917_132835.csv,outages_20260917_183953.csv,17/09/2026 13:28,17/09/2026 18:39
中部,関西電力株式会社,69A00,木曽発電所,水力,単独,116000,計画停止,停止・設備故障,,9999/10/27 09:00,あり,9999/10/27,発電機作業,2026/07/28 15:39,removed,outages_20260917_132835.csv,outages_20260917_183953.csv,17/09/2026 13:28,17/09/2026 18:39
関西,関西電力株式会社,63D03,大河内発電所,水力,２号機,320000,計画停止,停止・設備故障,,9999/10/05 10:00,あり,9999/10/05,発電機作業,2026/07/27 18:20,removed,outages_20260917_132835.csv,outages_20260917_183953.csv,17/09/2026 13:28,17/09/2026 18:39
関西,関西電力株式会社,63D03,大河内発電所,水力,２号機,320000,計画停止,停止・設備故障,,9999/10/05 09:00,あり,9999/10/16,発電機作業,2026/07/27 18:19,removed,outages_20260917_132835.csv,outages_20260917_183953.csv,17/09/2026 13:28,17/09/2026 18:39
関西,関西電力株式会社,63D03,大河内発電所,水力,２号機,320000,計画停止,停止・設備故障,,9999/10/05 09:00,あり,9999/10/16,発電機作業,2026/07/27 18:17,removed,outages_20260917_132835.csv,outages_20260917_183953.csv,17/09/2026 13:28,17/09/2026 18:39
関西,関西電力株式会社,63D03,大河内発電所,水力,２号機,320000,計画停止,停止・設備故障,,9999/10/05 09:00,あり,9999/10/16,発電機作業,2026/07/27 18:16,removed,outages_20260917_132835.csv,outages_20260917_183953.csv,17/09/2026 13:28,17/09/2026 18:39
関西,関西電力株式会社,63D03,大河内発電所,水力,１号機,320000,計画停止,停止・その他,,9999/10/02 19:00,あり,9999/10/02,試運転,2026/07/27 18:14,removed,outages_20260917_132835.csv,outages_20260917_183953.csv,17/09/2026 13:28,17/09/2026 18:39
関西,関西電力株式会社,63D03,大河内発電所,水力,１号機,320000,計画停止,停止・設備故障,,9999/10/02 10:00,あり,9999/10/02,発電機作業,2026/07/27 18:12,removed,outages_20260917_132835.csv,outages_20260917_183953.csv,17/09/2026 13:28,17/09/2026 18:39
関西,関西電力株式会社,63D03,大河内発電所,水力,１号機,320000,計画停止,停止・設備故障,,9999/10/01 09:00,あり,9999/10/01,発電機作業,2026/07/27 18:06,removed,outages_20260917_132835.csv,outages_20260917_183953.csv,17/09/2026 13:28,17/09/2026 18:39
関西,関西電力株式会社,63D03,大河内発電所,水力,２号機,320000,計画停止,停止・設備故障,,9999/10/01 09:00,あり,9999/10/01,発電機作業,2026/07/27 18:05,removed,outages_20260917_132835.csv,outages_20260917_183953.csv,17/09/2026 13:28,17/09/2026 18:39
関西,関西電力株式会社,63D03,大河内発電所,水力,３号機,320000,計画停止,停止・設備故障,,9999/10/01 09:00,あり,9999/10/01,発電機作業,2026/07/27 18:03,removed,outages_20260917_132835.csv,outages_20260917_183953.csv,17/09/2026 13:28,17/09/2026 18:39
関西,関西電力株式会社,63D03,大河内発電所,水力,４号機,320000,計画停止,停止・設備故障,,9999/10/01 09:00,あり,9999/10/01,発電機作業,2026/07/27 18:02,removed,outages_20260917_132835.csv,outages_20260917_183953.csv,17/09/2026 13:28,17/09/2026 18:39
関西,関西電力株式会社,63D03,大河内発電所,水力,１号機,320000,計画停止,停止・設備故障,,9999/10/30 10:00,あり,9999/10/30,発電機作業,2026/07/27 17:51,removed,outages_20260917_132835.csv,outages_20260917_183953.csv,17/09/2026 13:28,17/09/2026 18:39
関西,関西電力株式会社,63D03,大河内発電所,水力,１号機,320000,計画停止,停止・設備故障,,9999/10/30 10:00,あり,9999/10/30,発電機作業,2026/07/27 17:47,removed,outages_20260917_132835.csv,outages_20260917_183953.csv,17/09/2026 13:28,17/09/2026 18:39
関西,関西電力株式会社,63D03,大河内発電所,水力,１号機,320000,計画停止,停止・その他,,9999/10/30 16:00,あり,9999/10/30,試運転,2026/07/27 17:44,removed,outages_20260917_132835.csv,outages_20260917_183953.csv,17/09/2026 13:28,17/09/2026 18:39
関西,関西電力株式会社,63D03,大河内発電所,水力,２号機,320000,計画停止,停止・設備故障,,9999/09/11 10:00,あり,9999/09/11,発電機作業,2026/07/27 15:11,removed,outages_20260917_132835.csv,outages_20260917_183953.csv,17/09/2026 13:28,17/09/2026 18:39
関西,関西電力株式会社,68C43,姫路第二発電所,火力（ガス）,３号機,486500,計画停止,停止・送電線等制約,,9999/09/18 07:00,あり,9999/09/18,TSO作業,2026/07/24 17:32,removed,outages_20260917_132835.csv,outages_20260917_183953.csv,17/09/2026 13:28,17/09/2026 18:39
関西,関西電力株式会社,67C43,御坊発電所,火力（石油）,３号機,600000,計画停止,停止・送電線等制約,,9999/09/13 07:00,あり,9999/09/13,TSO作業,2026/07/24 10:35,removed,outages_20260917_132835.csv,outages_20260917_183953.csv,17/09/2026 13:28,17/09/2026 18:39
関西,関西電力株式会社,67C43,御坊発電所,火力（石油）,３号機,600000,計画停止,停止・送電線等制約,,9999/09/12 07:00,あり,9999/09/12,TSO作業,2026/07/24 10:33,removed,outages_20260917_132835.csv,outages_20260917_183953.csv,17/09/2026 13:28,17/09/2026 18:39
関西,関西電力株式会社,68E00,奥多々良木発電所,水力,５号機,360000,計画停止,停止・設備故障,,9999/10/29 10:00,あり,9999/10/29,発電機作業,2026/07/22 18:18,removed,outages_20260917_132835.csv,outages_20260917_183953.csv,17/09/2026 13:28,17/09/2026 18:39
関西,関西電力株式会社,68E00,奥多々良木発電所,水力,５号機,360000,計画停止,停止・その他,,9999/10/29 17:00,あり,9999/10/29,試運転,2026/07/22 18:16,removed,outages_20260917_132835.csv,outages_20260917_183953.csv,17/09/2026 13:28,17/09/2026 18:39
関西,関西電力株式会社,65C00,奥吉野発電所,水力,４号機,201000,計画停止,停止・設備故障,,9999/10/19 09:00,あり,9999/10/23,発電機作業,2026/07/22 16:22,removed,outages_20260917_132835.csv,outages_20260917_183953.csv,17/09/2026 13:28,17/09/2026 18:39
関西,関西電力株式会社,65C00,奥吉野発電所,水力,６号機,201000,計画停止,停止・設備故障,,9999/10/12 09:00,あり,9999/10/16,発電機作業,2026/07/22 16:19,removed,outages_20260917_132835.csv,outages_20260917_183953.csv,17/09/2026 13:28,17/09/2026 18:39
関西,関西電力株式会社,65C00,奥吉野発電所,水力,４号機,201000,計画停止,停止・その他,,9999/10/02 16:30,あり,9999/10/02,試運転,2026/07/22 16:17,removed,outages_20260917_132835.csv,outages_20260917_183953.csv,17/09/2026 13:28,17/09/2026 18:39
関西,関西電力株式会社,63C00,喜撰山発電所,水力,１号機,233000,計画停止,停止・設備故障,,9999/08/12 12:00,あり,9999/08/12,発電機作業,2026/07/21 17:24,removed,outages_20260917_132835.csv,outages_20260917_183953.csv,17/09/2026 13:28,17/09/2026 18:39
関西,関西電力株式会社,63C00,喜撰山発電所,水力,２号機,233000,計画停止,停止・設備故障,,9999/08/05 12:00,あり,9999/08/05,発電機作業,2026/07/21 17:23,removed,outages_20260917_132835.csv,outages_20260917_183953.csv,17/09/2026 13:28,17/09/2026 18:39
北陸,関西電力株式会社,60C10,下小鳥発電所,水力,単独,142000,計画停止,停止・設備故障,,9999/08/25 14:00,あり,9999/09/07,発電機作業,2026/07/21 13:06,removed,outages_20260917_132835.csv,outages_20260917_183953.csv,17/09/2026 13:28,17/09/2026 18:39
北陸,関西電力株式会社,60C10,下小鳥発電所,水力,単独,142000,計画停止,停止・設備故障,,9999/08/23 09:00,あり,9999/08/25,発電機作業,2026/07/21 13:06,removed,outages_20260917_132835.csv,outages_20260917_183953.csv,17/09/2026 13:28,17/09/2026 18:39
東北,東北電力株式会社,2W423,東北電力東新潟火力発電所２号機,火力（ガス）,２号機,600000,出力低下,低下・その他,335000,9999/07/19 00:00,あり,9999/07/19,当該日の起動取止めに伴う見送り  最大低下量：589000[kW] 最小低下量：11000[kW] 起動カーブによる出力低下,2026/07/16 11:58,removed,outages_20260917_132835.csv,outages_20260917_183953.csv,17/09/2026 13:28,17/09/2026 18:39
東北,東北電力株式会社,2V403,東北電力東新潟火力発電所４号系列,火力（ガス）,４−２号機ＧＴＢ,298800,計画停止,停止・その他,,9999/07/12 07:30,あり,9999/07/12,試験による停止,2026/07/07 17:26,removed,outages_20260917_132835.csv,outages_20260917_183953.csv,17/09/2026 13:28,17/09/2026 18:39
関西,関西電力株式会社,62A45,堺港発電所,火力（ガス）,５号機,400000,出力低下,低下・その他,100000,9999/07/24 09:35,あり,9999/07/27,試運転 最大低下量：400000(kW) 最小低下量：0(kW),2026/07/06 10:38,removed,outages_20260917_132835.csv,outages_20260917_183953.csv,17/09/2026 13:28,17/09/2026 18:39
関西,関西電力株式会社,68E00,奥多々良木発電所,水力,５号機,360000,計画停止,停止・設備故障,,9999/07/08 09:00,あり,9999/07/08,発電機作業,2026/07/01 17:42,removed,outages_20260917_132835.csv,outages_20260917_183953.csv,17/09/2026 13:28,17/09/2026 18:39
関西,関西電力株式会社,68E00,奥多々良木発電所,水力,６号機,360000,計画停止,停止・その他,,9999/07/08 09:00,あり,9999/07/08,試運転,2026/07/01 17:41,removed,outages_20260917_132835.csv,outages_20260917_183953.csv,17/09/2026 13:28,17/09/2026 18:39
関西,関西電力株式会社,68J45,姫路第一発電所,火力（ガス）,５号機,729000,出力低下,低下・その他,364000,9999/07/07 15:00,あり,9999/07/08,試運転 最大低下量：729000(kW) 最小低下量：0(kW),2026/06/29 16:56,removed,outages_20260917_132835.csv,outages_20260917_183953.csv,17/09/2026 13:28,17/09/2026 18:39
関西,株式会社コベルコパワー神戸第二,64339,神戸発電所,火力（石炭）,4号機,650000,計画停止,停止・定期検査等,,9999/06/30 16:00,あり,9999/07/02,定期検査試運転,2026/06/26 17:15,removed,outages_20260917_132835.csv,outages_20260917_183953.csv,17/09/2026 13:28,17/09/2026 18:39
関西,関西電力株式会社,63D03,大河内発電所,水力,３号機,320000,計画停止,停止・設備故障,,9999/07/03 15:00,あり,9999/07/03,発電機作業,2026/06/25 19:54,removed,outages_20260917_132835.csv,outages_20260917_183953.csv,17/09/2026 13:28,17/09/2026 18:39
関西,関西電力株式会社,63D03,大河内発電所,水力,２号機,320000,計画停止,停止・設備故障,,9999/07/03 15:00,あり,9999/07/03,発電機作業,2026/06/25 19:53,removed,outages_20260917_132835.csv,outages_20260917_183953.csv,17/09/2026 13:28,17/09/2026 18:39
関西,関西電力株式会社,63D03,大河内発電所,水力,１号機,320000,計画停止,停止・設備故障,,9999/07/03 15:00,あり,9999/07/03,発電機作業,2026/06/25 19:53,removed,outages_20260917_132835.csv,outages_20260917_183953.csv,17/09/2026 13:28,17/09/2026 18:39
関西,関西電力株式会社,63D03,大河内発電所,水力,３号機,320000,計画停止,停止・設備故障,,9999/07/02 15:00,あり,9999/07/02,発電機作業,2026/06/25 19:52,removed,outages_20260917_132835.csv,outages_20260917_183953.csv,17/09/2026 13:28,17/09/2026 18:39
関西,関西電力株式会社,63D03,大河内発電所,水力,３号機,320000,計画停止,停止・設備故障,,9999/07/02 09:00,あり,9999/07/02,発電機作業,2026/06/25 19:52,removed,outages_20260917_132835.csv,outages_20260917_183953.csv,17/09/2026 13:28,17/09/2026 18:39
関西,関西電力株式会社,63D03,大河内発電所,水力,２号機,320000,計画停止,停止・設備故障,,9999/07/02 09:00,あり,9999/07/02,発電機作業,2026/06/25 19:51,removed,outages_20260917_132835.csv,outages_20260917_183953.csv,17/09/2026 13:28,17/09/2026 18:39
関西,関西電力株式会社,63D03,大河内発電所,水力,１号機,320000,計画停止,停止・設備故障,,9999/07/02 09:00,あり,9999/07/02,発電機作業,2026/06/25 19:50,removed,outages_20260917_132835.csv,outages_20260917_183953.csv,17/09/2026 13:28,17/09/2026 18:39
関西,関西電力株式会社,63D03,大河内発電所,水力,３号機,320000,計画停止,停止・設備故障,,9999/06/30 12:00,あり,9999/06/30,発電機作業,2026/06/25 19:50,removed,outages_20260917_132835.csv,outages_20260917_183953.csv,17/09/2026 13:28,17/09/2026 18:39
関西,関西電力株式会社,63D03,大河内発電所,水力,３号機,320000,計画停止,停止・設備故障,,9999/06/29 07:00,あり,9999/06/29,発電機作業,2026/06/25 19:49,removed,outages_20260917_132835.csv,outages_20260917_183953.csv,17/09/2026 13:28,17/09/2026 18:39
関西,関西電力株式会社,63D03,大河内発電所,水力,２号機,320000,計画停止,停止・設備故障,,9999/06/29 07:00,あり,9999/06/29,発電機作業,2026/06/25 19:49,removed,outages_20260917_132835.csv,outages_20260917_183953.csv,17/09/2026 13:28,17/09/2026 18:39
関西,関西電力株式会社,63D03,大河内発電所,水力,１号機,320000,計画停止,停止・設備故障,,9999/06/29 07:00,あり,9999/06/29,発電機作業,2026/06/25 19:48,removed,outages_20260917_132835.csv,outages_20260917_183953.csv,17/09/2026 13:28,17/09/2026 18:39
関西,関西電力株式会社,63D03,大河内発電所,水力,３号機,320000,計画停止,停止・設備故障,,9999/06/27 09:00,あり,9999/06/27,発電機作業,2026/06/25 19:47,removed,outages_20260917_132835.csv,outages_20260917_183953.csv,17/09/2026 13:28,17/09/2026 18:39
関西,関西電力株式会社,63D03,大河内発電所,水力,２号機,320000,計画停止,停止・設備故障,,9999/06/27 09:00,あり,9999/06/27,発電機作業,2026/06/25 19:47,removed,outages_20260917_132835.csv,outages_20260917_183953.csv,17/09/2026 13:28,17/09/2026 18:39
関西,関西電力株式会社,63D03,大河内発電所,水力,１号機,320000,計画停止,停止・設備故障,,9999/06/27 09:00,あり,9999/06/27,発電機作業,2026/06/25 19:46,removed,outages_20260917_132835.csv,outages_20260917_183953.csv,17/09/2026 13:28,17/09/2026 18:39
関西,関西電力株式会社,63D03,大河内発電所,水力,３号機,320000,計画停止,停止・設備故障,,9999/06/26 13:00,あり,9999/06/26,発電機作業,2026/06/25 19:45,removed,outages_20260917_132835.csv,outages_20260917_183953.csv,17/09/2026 13:28,17/09/2026 18:39
関西,関西電力株式会社,63D03,大河内発電所,水力,１号機,320000,計画停止,停止・設備故障,,9999/09/21 10:00,あり,9999/10/02,発電機作業,2026/06/25 16:09,removed,outages_20260917_132835.csv,outages_20260917_183953.csv,17/09/2026 13:28,17/09/2026 18:39
関西,関西電力株式会社,63D03,大河内発電所,水力,１号機,320000,計画停止,停止・設備故障,,9999/09/21 10:00,あり,9999/10/02,発電機作業,2026/06/25 16:08,removed,outages_20260917_132835.csv,outages_20260917_183953.csv,17/09/2026 13:28,17/09/2026 18:39
関西,関西電力株式会社,63D03,大河内発電所,水力,１号機,320000,計画停止,停止・設備故障,,9999/09/21 10:00,あり,9999/10/02,発電機作業,2026/06/25 16:05,removed,outages_20260917_132835.csv,outages_20260917_183953.csv,17/09/2026 13:28,17/09/2026 18:39
関西,関西電力株式会社,63D03,大河内発電所,水力,１号機,320000,計画停止,停止・設備故障,,9999/09/21 12:00,あり,9999/10/02,発電機作業,2026/06/25 16:03,removed,outages_20260917_132835.csv,outages_20260917_183953.csv,17/09/2026 13:28,17/09/2026 18:39
関西,関西電力株式会社,63D03,大河内発電所,水力,１号機,320000,計画停止,停止・設備故障,,9999/09/21 09:00,あり,9999/09/21,発電機作業,2026/06/25 16:01,removed,outages_20260917_132835.csv,outages_20260917_183953.csv,17/09/2026 13:28,17/09/2026 18:39
関西,関西電力株式会社,63D03,大河内発電所,水力,２号機,320000,計画停止,停止・設備故障,,9999/09/21 09:00,あり,9999/09/21,発電機作業,2026/06/25 15:59,removed,outages_20260917_132835.csv,outages_20260917_183953.csv,17/09/2026 13:28,17/09/2026 18:39
関西,関西電力株式会社,63D03,大河内発電所,水力,３号機,320000,計画停止,停止・設備故障,,9999/09/21 09:00,あり,9999/09/21,発電機作業,2026/06/25 15:55,removed,outages_20260917_132835.csv,outages_20260917_183953.csv,17/09/2026 13:28,17/09/2026 18:39
関西,関西電力株式会社,63D03,大河内発電所,水力,４号機,320000,計画停止,停止・設備故障,,9999/09/21 09:00,あり,9999/09/21,発電機作業,2026/06/25 15:54,removed,outages_20260917_132835.csv,outages_20260917_183953.csv,17/09/2026 13:28,17/09/2026 18:39
関西,株式会社コベルコパワー神戸第二,64339,神戸発電所,火力（石炭）,4号機,650000,計画停止,停止・定期検査等,,9999/06/20 23:05,あり,9999/06/25,定期検査試運転,2026/06/25 08:53,removed,outages_20260917_132835.csv,outages_20260917_183953.csv,17/09/2026 13:28,17/09/2026 18:39
関西,関西電力株式会社,62A43,堺港発電所,火力（ガス）,３号機,400000,出力低下,低下・送電線等制約,115000,9999/06/27 00:00,あり,9999/06/28,TSO作業 最大低下量：115000(kW) 最小低下量：115000(kW),2026/06/23 18:05,removed,outages_20260917_132835.csv,outages_20260917_183953.csv,17/09/2026 13:28,17/09/2026 18:39
関西,関西電力株式会社,63D03,大河内発電所,水力,２号機,320000,計画停止,停止・設備故障,,9999/07/21 10:00,あり,9999/07/21,発電機作業,2026/06/22 09:34,removed,outages_20260917_132835.csv,outages_20260917_183953.csv,17/09/2026 13:28,17/09/2026 18:39
関西,関西電力株式会社,63C00,喜撰山発電所,水力,２号機,233000,計画停止,停止・設備故障,,9999/07/06 12:00,あり,9999/07/06,発電機作業,2026/06/22 09:33,removed,outages_20260917_132835.csv,outages_20260917_183953.csv,17/09/2026 13:28,17/09/2026 18:39
関西,関西電力株式会社,63C00,喜撰山発電所,水力,２号機,233000,計画停止,停止・設備故障,,9999/06/22 10:00,あり,9999/06/22,発電機作業,2026/06/19 11:26,removed,outages_20260917_132835.csv,outages_20260917_183953.csv,17/09/2026 13:28,17/09/2026 18:39
関西,関西電力株式会社,68E00,奥多々良木発電所,水力,５号機,360000,計画停止,停止・設備故障,,9999/06/10 09:00,あり,9999/06/10,発電機作業,2026/06/09 13:15,removed,outages_20260917_132835.csv,outages_20260917_183953.csv,17/09/2026 13:28,17/09/2026 18:39
関西,関西電力株式会社,63D03,大河内発電所,水力,３号機,320000,計画停止,停止・設備故障,,9999/06/17 10:00,あり,9999/06/17,発電機作業,2026/06/08 10:00,removed,outages_20260917_132835.csv,outages_20260917_183953.csv,17/09/2026 13:28,17/09/2026 18:39
東北,酒田共同火力発電株式会社,528522M101,酒田共同火力発電所,火力（石炭）,２号機,350000,計画停止,停止・その他,,9999/06/10 00:00,あり,9999/06/30,石炭灰処理に係る制約,2026/06/03 15:51,removed,outages_20260917_132835.csv,outages_20260917_183953.csv,17/09/2026 13:28,17/09/2026 18:39
関西,関西電力株式会社,63D03,大河内発電所,水力,４号機,320000,計画停止,停止・設備故障,,9999/06/08 09:30,あり,9999/06/08,発電機作業,2026/06/03 11:48,removed,outages_20260917_132835.csv,outages_20260917_183953.csv,17/09/2026 13:28,17/09/2026 18:39
関西,関西電力株式会社,63D03,大河内発電所,水力,３号機,320000,計画停止,停止・設備故障,,9999/06/08 09:30,あり,9999/06/08,発電機作業,2026/06/03 11:47,removed,outages_20260917_132835.csv,outages_20260917_183953.csv,17/09/2026 13:28,17/09/2026 18:39
関西,関西電力株式会社,63D03,大河内発電所,水力,２号機,320000,計画停止,停止・設備故障,,9999/05/29 09:00,あり,9999/05/29,発電機作業,2026/05/28 16:27,removed,outages_20260917_132835.csv,outages_20260917_183953.csv,17/09/2026 13:28,17/09/2026 18:39
中部,中部電力(株),41003,奥美濃発電所,水力,６号機,250000,計画停止,停止・定期検査等,,9999/06/08 09:00,あり,9999/06/08,作業,2026/05/28 14:37,removed,outages_20260917_132835.csv,outages_20260917_183953.csv,17/09/2026 13:28,17/09/2026 18:39
中部,中部電力(株),41003,奥美濃発電所,水力,５号機,250000,計画停止,停止・定期検査等,,9999/06/08 09:00,あり,9999/06/08,作業,2026/05/28 14:36,removed,outages_20260917_132835.csv,outages_20260917_183953.csv,17/09/2026 13:28,17/09/2026 18:39
中部,中部電力(株),41002,奥美濃発電所,水力,４号機,250000,計画停止,停止・定期検査等,,9999/06/08 09:00,あり,9999/06/08,作業,2026/05/28 14:36,removed,outages_20260917_132835.csv,outages_20260917_183953.csv,17/09/2026 13:28,17/09/2026 18:39
中部,中部電力(株),41002,奥美濃発電所,水力,３号機,250000,計画停止,停止・定期検査等,,9999/06/08 09:00,あり,9999/06/08,作業,2026/05/28 14:34,removed,outages_20260917_132835.csv,outages_20260917_183953.csv,17/09/2026 13:28,17/09/2026 18:39
関西,関西電力株式会社,63C00,喜撰山発電所,水力,１号機,233000,計画停止,停止・設備故障,,9999/07/13 12:00,あり,9999/07/13,発電機作業,2026/05/27 13:23,removed,outages_20260917_132835.csv,outages_20260917_183953.csv,17/09/2026 13:28,17/09/2026 18:39
関西,関西電力株式会社,63D03,大河内発電所,水力,１号機,320000,計画停止,停止・設備故障,,9999/07/21 09:30,あり,9999/07/21,発電機作業,2026/05/26 13:21,removed,outages_20260917_132835.csv,outages_20260917_183953.csv,17/09/2026 13:28,17/09/2026 18:39
関西,関西電力株式会社,68E00,奥多々良木発電所,水力,６号機,360000,計画停止,停止・設備故障,,9999/06/10 17:00,あり,9999/06/29,発電機作業,2026/05/25 20:35,removed,outages_20260917_132835.csv,outages_20260917_183953.csv,17/09/2026 13:28,17/09/2026 18:39
中国,中国電力株式会社,72410,柳井発電所第２号系列,火力（ガス）,２−２号,198000,出力低下,低下・送電線等制約,54125,9999/05/25 10:00,あり,9999/05/25,削除,2026/05/23 16:24,removed,outages_20260917_132835.csv,outages_20260917_183953.csv,17/09/2026 13:28,17/09/2026 18:39
関西,関西電力株式会社,63C00,喜撰山発電所,水力,１号機,233000,計画停止,停止・設備故障,,9999/05/24 10:00,あり,9999/05/24,発電機作業,2026/05/23 12:30,removed,outages_20260917_132835.csv,outages_20260917_183953.csv,17/09/2026 13:28,17/09/2026 18:39
関西,関西電力株式会社,68E00,奥多々良木発電所,水力,５号機,360000,計画停止,停止・設備故障,,9999/06/10 09:00,あり,9999/06/10,発電機作業,2026/05/22 15:37,removed,outages_20260917_132835.csv,outages_20260917_183953.csv,17/09/2026 13:28,17/09/2026 18:39
関西,関西電力株式会社,63D03,大河内発電所,水力,１号機,320000,計画停止,停止・設備故障,,9999/05/25 09:00,あり,9999/05/25,発電機作業,2026/05/20 13:36,removed,outages_20260917_132835.csv,outages_20260917_183953.csv,17/09/2026 13:28,17/09/2026 18:39
関西,関西電力株式会社,68E00,奥多々良木発電所,水力,１号機,303000,計画停止,停止・その他,,9999/05/25 16:00,あり,9999/05/25,試運転,2026/05/20 13:35,removed,outages_20260917_132835.csv,outages_20260917_183953.csv,17/09/2026 13:28,17/09/2026 18:39
関西,関西電力株式会社,68E00,奥多々良木発電所,水力,１号機,303000,計画停止,停止・設備故障,,9999/05/25 13:00,あり,9999/05/25,発電機作業,2026/05/20 13:34,removed,outages_20260917_132835.csv,outages_20260917_183953.csv,17/09/2026 13:28,17/09/2026 18:39
東北,東北電力株式会社,2T406,第二沼沢発電所,水力,１号機,230000,計画停止,停止・その他,,9999/06/30 10:00,あり,9999/07/02,作業停止,2026/05/20 10:57,removed,outages_20260917_132835.csv,outages_20260917_183953.csv,17/09/2026 13:28,17/09/2026 18:39
関西,関西電力株式会社,63D03,大河内発電所,水力,４号機,320000,計画停止,停止・設備故障,,9999/06/25 13:00,あり,9999/06/25,発電機作業,2026/05/18 19:51,removed,outages_20260917_132835.csv,outages_20260917_183953.csv,17/09/2026 13:28,17/09/2026 18:39
関西,関西電力株式会社,63D03,大河内発電所,水力,２号機,320000,計画停止,停止・設備故障,,9999/06/25 13:00,あり,9999/06/25,発電機作業,2026/05/18 19:50,removed,outages_20260917_132835.csv,outages_20260917_183953.csv,17/09/2026 13:28,17/09/2026 18:39
関西,関西電力株式会社,63D03,大河内発電所,水力,１号機,320000,計画停止,停止・設備故障,,9999/06/25 13:00,あり,9999/06/25,発電機作業,2026/05/18 19:49,removed,outages_20260917_132835.csv,outages_20260917_183953.csv,17/09/2026 13:28,17/09/2026 18:39
関西,関西電力株式会社,62A42,堺港発電所,火力（ガス）,２号機,400000,出力低下,低下・送電線等制約,101000,9999/05/18 19:00,あり,9999/05/22,TSO作業 最大低下量：109000(kW) 最小低下量：92000(kW),2026/05/16 22:58,removed,outages_20260917_132835.csv,outages_20260917_183953.csv,17/09/2026 13:28,17/09/2026 18:39
中国,中国電力株式会社,74104,南原発電所,水力,１号機,310000,出力低下,低下・送電線等制約,8000,9999/05/17 11:30,あり,9999/05/17,削除,2026/05/15 20:08,removed,outages_20260917_132835.csv,outages_20260917_183953.csv,17/09/2026 13:28,17/09/2026 18:39
北陸,関西電力株式会社,60C10,下小鳥発電所,水力,単独,142000,計画停止,停止・設備故障,,9999/05/15 09:00,あり,9999/05/21,発電機作業,2026/05/14 19:12,removed,outages_20260917_132835.csv,outages_20260917_183953.csv,17/09/2026 13:28,17/09/2026 18:39
北陸,北陸電力株式会社,52315,北陸電力 富山新港火力発電所,火力（石炭）,石炭1号機,250000,計画停止,停止・燃料制約,,9999/05/16 06:00,あり,9999/05/17,削除  燃料消費制約,2026/05/14 14:48,removed,outages_20260917_132835.csv,outages_20260917_183953.csv,17/09/2026 13:28,17/09/2026 18:39
北陸,関西電力株式会社,60C10,下小鳥発電所,水力,単独,142000,計画停止,停止・設備故障,,9999/05/28 09:00,あり,9999/05/28,発電機作業,2026/05/14 13:09,removed,outages_20260917_132835.csv,outages_20260917_183953.csv,17/09/2026 13:28,17/09/2026 18:39
北陸,関西電力株式会社,60C10,下小鳥発電所,水力,単独,142000,計画停止,停止・設備故障,,9999/05/27 09:00,あり,9999/05/27,発電機作業,2026/05/14 13:09,removed,outages_20260917_132835.csv,outages_20260917_183953.csv,17/09/2026 13:28,17/09/2026 18:39
関西,関西電力株式会社,63D03,大河内発電所,水力,４号機,320000,計画停止,停止・設備故障,,9999/05/29 15:00,あり,9999/05/29,発電機作業,2026/05/14 10:11,removed,outages_20260917_132835.csv,outages_20260917_183953.csv,17/09/2026 13:28,17/09/2026 18:39
関西,関西電力株式会社,63D03,大河内発電所,水力,３号機,320000,計画停止,停止・設備故障,,9999/05/29 15:00,あり,9999/05/29,発電機作業,2026/05/14 10:10,removed,outages_20260917_132835.csv,outages_20260917_183953.csv,17/09/2026 13:28,17/09/2026 18:39
関西,関西電力株式会社,63D03,大河内発電所,水力,１号機,320000,計画停止,停止・設備故障,,9999/05/29 15:00,あり,9999/05/29,発電機作業,2026/05/14 10:09,removed,outages_20260917_132835.csv,outages_20260917_183953.csv,17/09/2026 13:28,17/09/2026 18:39
関西,関西電力株式会社,63D03,大河内発電所,水力,２号機,320000,計画停止,停止・その他,,9999/05/29 15:00,あり,9999/05/29,試運転,2026/05/14 10:08,removed,outages_20260917_132835.csv,outages_20260917_183953.csv,17/09/2026 13:28,17/09/2026 18:39
関西,関西電力株式会社,63D03,大河内発電所,水力,２号機,320000,計画停止,停止・設備故障,,9999/05/29 10:00,あり,9999/05/29,発電機作業,2026/05/14 10:07,removed,outages_20260917_132835.csv,outages_20260917_183953.csv,17/09/2026 13:28,17/09/2026 18:39
関西,関西電力株式会社,63D03,大河内発電所,水力,２号機,320000,計画停止,停止・設備故障,,9999/05/25 09:00,あり,9999/05/29,発電機作業,2026/05/14 10:06,removed,outages_20260917_132835.csv,outages_20260917_183953.csv,17/09/2026 13:28,17/09/2026 18:39
関西,関西電力株式会社,63D03,大河内発電所,水力,２号機,320000,計画停止,停止・設備故障,,9999/05/25 09:00,あり,9999/05/29,発電機作業,2026/05/14 10:04,removed,outages_20260917_132835.csv,outages_20260917_183953.csv,17/09/2026 13:28,17/09/2026 18:39
関西,関西電力株式会社,68E00,奥多々良木発電所,水力,２号機,303000,計画停止,停止・その他,,9999/06/23 14:00,あり,9999/06/23,試運転,2026/05/13 15:16,removed,outages_20260917_132835.csv,outages_20260917_183953.csv,17/09/2026 13:28,17/09/2026 18:39
関西,関西電力株式会社,68E00,奥多々良木発電所,水力,２号機,303000,計画停止,停止・設備故障,,9999/06/23 10:00,あり,9999/06/23,発電機作業,2026/05/13 15:15,removed,outages_20260917_132835.csv,outages_20260917_183953.csv,17/09/2026 13:28,17/09/2026 18:39
関西,関西電力株式会社,68E00,奥多々良木発電所,水力,１号機,303000,計画停止,停止・その他,,9999/06/22 14:00,あり,9999/06/22,試運転,2026/05/13 15:14,removed,outages_20260917_132835.csv,outages_20260917_183953.csv,17/09/2026 13:28,17/09/2026 18:39
関西,関西電力株式会社,68E00,奥多々良木発電所,水力,１号機,303000,計画停止,停止・設備故障,,9999/06/22 10:00,あり,9999/06/22,発電機作業,2026/05/13 15:13,removed,outages_20260917_132835.csv,outages_20260917_183953.csv,17/09/2026 13:28,17/09/2026 18:39
関西,関西電力株式会社,68E00,奥多々良木発電所,水力,６号機,360000,計画停止,停止・設備故障,,9999/06/04 10:00,あり,9999/06/04,発電機作業,2026/05/13 15:12,removed,outages_20260917_132835.csv,outages_20260917_183953.csv,17/09/2026 13:28,17/09/2026 18:39
関西,関西電力株式会社,68C43,姫路第二発電所,火力（ガス）,３号機,486500,出力低下,低下・送電線等制約,155000,9999/05/28 09:00,あり,9999/05/29,TSO作業 最大低下量：172000(kW) 最小低下量：128000(kW),2026/05/13 14:49,removed,outages_20260917_132835.csv,outages_20260917_183953.csv,17/09/2026 13:28,17/09/2026 18:39
関西,関西電力株式会社,68E00,奥多々良木発電所,水力,６号機,360000,計画停止,停止・設備故障,,9999/05/21 10:00,あり,9999/05/21,発電機作業,2026/05/13 14:16,removed,outages_20260917_132835.csv,outages_20260917_183953.csv,17/09/2026 13:28,17/09/2026 18:39
関西,関西電力株式会社,68E00,奥多々良木発電所,水力,２号機,303000,計画停止,停止・その他,,9999/05/26 16:00,あり,9999/05/26,試運転,2026/05/12 14:33,removed,outages_20260917_132835.csv,outages_20260917_183953.csv,17/09/2026 13:28,17/09/2026 18:39
関西,関西電力株式会社,68E00,奥多々良木発電所,水力,２号機,303000,計画停止,停止・設備故障,,9999/05/26 13:00,あり,9999/05/26,発電機作業,2026/05/12 14:31,removed,outages_20260917_132835.csv,outages_20260917_183953.csv,17/09/2026 13:28,17/09/2026 18:39
関西,関西電力株式会社,68E00,奥多々良木発電所,水力,６号機,360000,計画停止,停止・設備故障,,9999/05/27 13:00,あり,9999/05/27,発電機作業,2026/05/12 11:35,removed,outages_20260917_132835.csv,outages_20260917_183953.csv,17/09/2026 13:28,17/09/2026 18:39
関西,関西電力株式会社,63D42,舞鶴発電所,火力（石炭）,２号機,900000,出力低下,低下・その他,170000,9999/05/18 09:30,あり,9999/05/18,試運転 最大低下量：342000(kW) 最小低下量：0(kW),2026/05/12 11:18,removed,outages_20260917_132835.csv,outages_20260917_183953.csv,17/09/2026 13:28,17/09/2026 18:39
関西,関西電力株式会社,65C00,奥吉野発電所,水力,１号機,201000,計画停止,停止・設備故障,,9999/05/14 09:00,あり,9999/05/14,発電機作業,2026/05/11 19:06,removed,outages_20260917_132835.csv,outages_20260917_183953.csv,17/09/2026 13:28,17/09/2026 18:39
関西,関西電力株式会社,62A41,堺港発電所,火力（ガス）,１号機,400000,出力低下,低下・送電線等制約,119000,9999/05/11 08:30,あり,9999/05/15,TSO作業 最大低下量：158000(kW) 最小低下量：91000(kW),2026/05/08 18:04,removed,outages_20260917_132835.csv,outages_20260917_183953.csv,17/09/2026 13:28,17/09/2026 18:39
関西,関西電力株式会社,62A42,堺港発電所,火力（ガス）,２号機,400000,出力低下,低下・送電線等制約,101000,9999/05/11 19:30,あり,9999/05/15,TSO作業 最大低下量：109000(kW) 最小低下量：92000(kW),2026/05/08 18:03,removed,outages_20260917_132835.csv,outages_20260917_183953.csv,17/09/2026 13:28,17/09/2026 18:39
中国,中国電力株式会社,72410,柳井発電所第２号系列,火力（ガス）,２−１号,198000,出力低下,低下・その他,111125,9999/05/06 19:00,あり,9999/05/06,削除,2026/05/05 13:56,removed,outages_20260917_132835.csv,outages_20260917_183953.csv,17/09/2026 13:28,17/09/2026 18:39
関西,関西電力株式会社,63D03,大河内発電所,水力,４号機,320000,計画停止,停止・設備故障,,9999/05/15 10:00,あり,9999/05/15,発電機作業,2026/04/30 19:21,removed,outages_20260917_132835.csv,outages_20260917_183953.csv,17/09/2026 13:28,17/09/2026 18:39
関西,関西電力株式会社,65C00,奥吉野発電所,水力,５号機,201000,計画停止,停止・その他,,9999/05/22 16:00,あり,9999/05/22,試運転,2026/04/28 13:30,removed,outages_20260917_132835.csv,outages_20260917_183953.csv,17/09/2026 13:28,17/09/2026 18:39
関西,関西電力株式会社,65C00,奥吉野発電所,水力,６号機,201000,計画停止,停止・設備故障,,9999/05/22 16:00,あり,9999/05/22,発電機作業,2026/04/28 13:26,removed,outages_20260917_132835.csv,outages_20260917_183953.csv,17/09/2026 13:28,17/09/2026 18:39
関西,関西電力株式会社,65C00,奥吉野発電所,水力,４号機,201000,計画停止,停止・設備故障,,9999/05/22 16:00,あり,9999/05/22,発電機作業,2026/04/28 13:26,removed,outages_20260917_132835.csv,outages_20260917_183953.csv,17/09/2026 13:28,17/09/2026 18:39
関西,関西電力株式会社,65C00,奥吉野発電所,水力,３号機,201000,計画停止,停止・設備故障,,9999/05/22 16:00,あり,9999/05/22,発電機作業,2026/04/28 13:24,removed,outages_20260917_132835.csv,outages_20260917_183953.csv,17/09/2026 13:28,17/09/2026 18:39
関西,関西電力株式会社,65C00,奥吉野発電所,水力,２号機,201000,計画停止,停止・設備故障,,9999/05/22 16:00,あり,9999/05/22,発電機作業,2026/04/28 13:24,removed,outages_20260917_132835.csv,outages_20260917_183953.csv,17/09/2026 13:28,17/09/2026 18:39
関西,関西電力株式会社,65C00,奥吉野発電所,水力,１号機,201000,計画停止,停止・設備故障,,9999/05/22 16:00,あり,9999/05/22,発電機作業,2026/04/28 13:23,removed,outages_20260917_132835.csv,outages_20260917_183953.csv,17/09/2026 13:28,17/09/2026 18:39
関西,関西電力株式会社,68E00,奥多々良木発電所,水力,６号機,360000,計画停止,停止・その他,,9999/06/09 09:00,あり,9999/06/09,試運転,2026/04/27 19:03,removed,outages_20260917_132835.csv,outages_20260917_183953.csv,17/09/2026 13:28,17/09/2026 18:39
関西,関西電力株式会社,68E00,奥多々良木発電所,水力,５号機,360000,計画停止,停止・設備故障,,9999/06/18 10:00,あり,9999/06/18,発電機作業,2026/04/27 18:54,removed,outages_20260917_132835.csv,outages_20260917_183953.csv,17/09/2026 13:28,17/09/2026 18:39
関西,関西電力株式会社,68E00,奥多々良木発電所,水力,６号機,360000,計画停止,停止・設備故障,,9999/06/18 10:00,あり,9999/07/06,発電機作業,2026/04/27 18:52,removed,outages_20260917_132835.csv,outages_20260917_183953.csv,17/09/2026 13:28,17/09/2026 18:39
関西,関西電力株式会社,68E00,奥多々良木発電所,水力,５号機,360000,計画停止,停止・設備故障,,9999/06/18 10:00,あり,9999/07/06,発電機作業,2026/04/27 18:50,removed,outages_20260917_132835.csv,outages_20260917_183953.csv,17/09/2026 13:28,17/09/2026 18:39
関西,関西電力株式会社,68E00,奥多々良木発電所,水力,５号機,360000,計画停止,停止・設備故障,,9999/06/15 09:00,あり,9999/06/18,発電機作業,2026/04/27 18:47,removed,outages_20260917_132835.csv,outages_20260917_183953.csv,17/09/2026 13:28,17/09/2026 18:39
関西,関西電力株式会社,68E00,奥多々良木発電所,水力,１号機,303000,計画停止,停止・設備故障,,9999/06/11 09:00,あり,9999/06/11,発電機作業,2026/04/27 18:45,removed,outages_20260917_132835.csv,outages_20260917_183953.csv,17/09/2026 13:28,17/09/2026 18:39
関西,関西電力株式会社,68E00,奥多々良木発電所,水力,２号機,303000,計画停止,停止・設備故障,,9999/06/11 09:00,あり,9999/06/11,発電機作業,2026/04/27 18:43,removed,outages_20260917_132835.csv,outages_20260917_183953.csv,17/09/2026 13:28,17/09/2026 18:39
関西,関西電力株式会社,68E00,奥多々良木発電所,水力,５号機,360000,計画停止,停止・設備故障,,9999/06/11 08:00,あり,9999/06/11,発電機作業,2026/04/27 18:42,removed,outages_20260917_132835.csv,outages_20260917_183953.csv,17/09/2026 13:28,17/09/2026 18:39
関西,関西電力株式会社,68E00,奥多々良木発電所,水力,６号機,360000,計画停止,停止・設備故障,,9999/06/11 08:00,あり,9999/06/11,発電機作業,2026/04/27 18:40,removed,outages_20260917_132835.csv,outages_20260917_183953.csv,17/09/2026 13:28,17/09/2026 18:39
関西,関西電力株式会社,68E00,奥多々良木発電所,水力,５号機,360000,計画停止,停止・設備故障,,9999/06/11 08:00,あり,9999/07/06,発電機作業,2026/04/27 18:38,removed,outages_20260917_132835.csv,outages_20260917_183953.csv,17/09/2026 13:28,17/09/2026 18:39
関西,関西電力株式会社,68E00,奥多々良木発電所,水力,５号機,360000,計画停止,停止・設備故障,,9999/06/11 08:00,あり,9999/07/08,発電機作業,2026/04/27 18:36,removed,outages_20260917_132835.csv,outages_20260917_183953.csv,17/09/2026 13:28,17/09/2026 18:39
関西,関西電力株式会社,68E00,奥多々良木発電所,水力,５号機,360000,計画停止,停止・設備故障,,9999/06/11 08:00,あり,9999/07/06,発電機作業,2026/04/27 18:34,removed,outages_20260917_132835.csv,outages_20260917_183953.csv,17/09/2026 13:28,17/09/2026 18:39
関西,関西電力株式会社,68E00,奥多々良木発電所,水力,６号機,360000,計画停止,停止・設備故障,,9999/06/11 08:00,あり,9999/07/06,発電機作業,2026/04/27 18:33,removed,outages_20260917_132835.csv,outages_20260917_183953.csv,17/09/2026 13:28,17/09/2026 18:39
関西,関西電力株式会社,68E00,奥多々良木発電所,水力,６号機,360000,計画停止,停止・設備故障,,9999/06/11 08:00,あり,9999/07/06,発電機作業,2026/04/27 18:31,removed,outages_20260917_132835.csv,outages_20260917_183953.csv,17/09/2026 13:28,17/09/2026 18:39
関西,関西電力株式会社,63D42,舞鶴発電所,火力（石炭）,２号機,900000,出力低下,低下・設備故障,473000,9999/05/24 00:00,あり,9999/05/24,発電機作業 最大低下量：495000(kW) 最小低下量：450000(kW),2026/04/27 18:20,removed,outages_20260917_132835.csv,outages_20260917_183953.csv,17/09/2026 13:28,17/09/2026 18:39
関西,関西電力株式会社,63D42,舞鶴発電所,火力（石炭）,２号機,900000,出力低下,低下・設備故障,473000,9999/05/23 00:00,あり,9999/05/23,発電機作業 最大低下量：495000(kW) 最小低下量：450000(kW),2026/04/27 18:19,removed,outages_20260917_132835.csv,outages_20260917_183953.csv,17/09/2026 13:28,17/09/2026 18:39
関西,関西電力株式会社,68E00,奥多々良木発電所,水力,６号機,360000,計画停止,停止・設備故障,,9999/07/07 08:00,あり,9999/07/07,発電機作業,2026/04/27 17:16,removed,outages_20260917_132835.csv,outages_20260917_183953.csv,17/09/2026 13:28,17/09/2026 18:39
関西,関西電力株式会社,68E00,奥多々良木発電所,水力,５号機,360000,計画停止,停止・設備故障,,9999/07/07 08:00,あり,9999/07/07,発電機作業,2026/04/27 17:10,removed,outages_20260917_132835.csv,outages_20260917_183953.csv,17/09/2026 13:28,17/09/2026 18:39
関西,関西電力株式会社,68E00,奥多々良木発電所,水力,５号機,360000,計画停止,停止・その他,,9999/07/08 09:00,あり,9999/07/09,試運転,2026/04/27 17:08,removed,outages_20260917_132835.csv,outages_20260917_183953.csv,17/09/2026 13:28,17/09/2026 18:39
関西,関西電力株式会社,67C43,御坊発電所,火力（石油）,３号機,600000,計画停止,停止・送電線等制約,,9999/06/19 07:30,あり,9999/06/19,TSO作業,2026/04/27 17:08,removed,outages_20260917_132835.csv,outages_20260917_183953.csv,17/09/2026 13:28,17/09/2026 18:39
関西,関西電力株式会社,67C43,御坊発電所,火力（石油）,３号機,600000,計画停止,停止・送電線等制約,,9999/06/18 07:30,あり,9999/06/18,TSO作業,2026/04/27 17:08,removed,outages_20260917_132835.csv,outages_20260917_183953.csv,17/09/2026 13:28,17/09/2026 18:39
関西,関西電力株式会社,68E00,奥多々良木発電所,水力,５号機,360000,計画停止,停止・その他,,9999/07/08 09:00,あり,9999/07/08,試運転,2026/04/27 17:07,removed,outages_20260917_132835.csv,outages_20260917_183953.csv,17/09/2026 13:28,17/09/2026 18:39
関西,関西電力株式会社,67C43,御坊発電所,火力（石油）,３号機,600000,計画停止,停止・送電線等制約,,9999/06/17 07:30,あり,9999/06/17,TSO作業,2026/04/27 17:07,removed,outages_20260917_132835.csv,outages_20260917_183953.csv,17/09/2026 13:28,17/09/2026 18:39
関西,関西電力株式会社,67C43,御坊発電所,火力（石油）,３号機,600000,計画停止,停止・送電線等制約,,9999/06/16 07:30,あり,9999/06/16,TSO作業,2026/04/27 17:06,removed,outages_20260917_132835.csv,outages_20260917_183953.csv,17/09/2026 13:28,17/09/2026 18:39
関西,関西電力株式会社,67C43,御坊発電所,火力（石油）,３号機,600000,計画停止,停止・送電線等制約,,9999/06/15 07:30,あり,9999/06/15,TSO作業,2026/04/27 17:05,removed,outages_20260917_132835.csv,outages_20260917_183953.csv,17/09/2026 13:28,17/09/2026 18:39
関西,関西電力株式会社,65C00,奥吉野発電所,水力,１号機,201000,計画停止,停止・設備故障,,9999/07/17 12:00,あり,9999/07/17,発電機作業,2026/04/27 16:55,removed,outages_20260917_132835.csv,outages_20260917_183953.csv,17/09/2026 13:28,17/09/2026 18:39
関西,関西電力株式会社,65C00,奥吉野発電所,水力,３号機,201000,計画停止,停止・設備故障,,9999/06/12 09:00,あり,9999/06/12,発電機作業,2026/04/27 16:50,removed,outages_20260917_132835.csv,outages_20260917_183953.csv,17/09/2026 13:28,17/09/2026 18:39
関西,関西電力株式会社,65C00,奥吉野発電所,水力,４号機,201000,計画停止,停止・設備故障,,9999/06/12 09:00,あり,9999/06/12,発電機作業,2026/04/27 16:48,removed,outages_20260917_132835.csv,outages_20260917_183953.csv,17/09/2026 13:28,17/09/2026 18:39
関西,関西電力株式会社,65C00,奥吉野発電所,水力,５号機,201000,計画停止,停止・設備故障,,9999/06/12 09:00,あり,9999/06/12,発電機作業,2026/04/27 16:46,removed,outages_20260917_132835.csv,outages_20260917_183953.csv,17/09/2026 13:28,17/09/2026 18:39
関西,関西電力株式会社,65C00,奥吉野発電所,水力,６号機,201000,計画停止,停止・設備故障,,9999/06/12 09:00,あり,9999/06/12,発電機作業,2026/04/27 16:44,removed,outages_20260917_132835.csv,outages_20260917_183953.csv,17/09/2026 13:28,17/09/2026 18:39
関西,関西電力株式会社,65C00,奥吉野発電所,水力,１号機,201000,計画停止,停止・その他,,9999/06/11 09:00,あり,9999/06/12,試運転,2026/04/27 16:42,removed,outages_20260917_132835.csv,outages_20260917_183953.csv,17/09/2026 13:28,17/09/2026 18:39
関西,関西電力株式会社,65C00,奥吉野発電所,水力,２号機,201000,計画停止,停止・設備故障,,9999/06/12 09:00,あり,9999/06/12,発電機作業,2026/04/27 16:39,removed,outages_20260917_132835.csv,outages_20260917_183953.csv,17/09/2026 13:28,17/09/2026 18:39
関西,関西電力株式会社,63D03,大河内発電所,水力,２号機,320000,計画停止,停止・設備故障,,9999/06/08 09:30,あり,9999/06/08,発電機作業,2026/04/27 16:22,removed,outages_20260917_132835.csv,outages_20260917_183953.csv,17/09/2026 13:28,17/09/2026 18:39
関西,関西電力株式会社,63D03,大河内発電所,水力,１号機,320000,計画停止,停止・設備故障,,9999/06/08 09:30,あり,9999/06/08,発電機作業,2026/04/27 16:20,removed,outages_20260917_132835.csv,outages_20260917_183953.csv,17/09/2026 13:28,17/09/2026 18:39
関西,関西電力株式会社,63D03,大河内発電所,水力,４号機,320000,計画停止,停止・設備故障,,9999/06/08 09:30,あり,9999/06/08,発電機作業,2026/04/27 16:18,removed,outages_20260917_132835.csv,outages_20260917_183953.csv,17/09/2026 13:28,17/09/2026 18:39
関西,関西電力株式会社,65C00,奥吉野発電所,水力,４号機,201000,計画停止,停止・設備故障,,9999/05/14 09:00,あり,9999/05/15,発電機作業,2026/04/27 16:18,removed,outages_20260917_132835.csv,outages_20260917_183953.csv,17/09/2026 13:28,17/09/2026 18:39
関西,関西電力株式会社,65C00,奥吉野発電所,水力,６号機,201000,計画停止,停止・設備故障,,9999/05/15 17:00,あり,9999/05/15,発電機作業,2026/04/27 16:17,removed,outages_20260917_132835.csv,outages_20260917_183953.csv,17/09/2026 13:28,17/09/2026 18:39
関西,関西電力株式会社,65C00,奥吉野発電所,水力,５号機,201000,計画停止,停止・設備故障,,9999/05/15 17:00,あり,9999/05/15,発電機作業,2026/04/27 16:16,removed,outages_20260917_132835.csv,outages_20260917_183953.csv,17/09/2026 13:28,17/09/2026 18:39
関西,関西電力株式会社,65C00,奥吉野発電所,水力,３号機,201000,計画停止,停止・設備故障,,9999/05/15 17:00,あり,9999/05/15,発電機作業,2026/04/27 16:16,removed,outages_20260917_132835.csv,outages_20260917_183953.csv,17/09/2026 13:28,17/09/2026 18:39
関西,関西電力株式会社,65C00,奥吉野発電所,水力,２号機,201000,計画停止,停止・設備故障,,9999/05/15 17:00,あり,9999/05/15,発電機作業,2026/04/27 16:15,removed,outages_20260917_132835.csv,outages_20260917_183953.csv,17/09/2026 13:28,17/09/2026 18:39
関西,関西電力株式会社,65C00,奥吉野発電所,水力,１号機,201000,計画停止,停止・設備故障,,9999/05/15 17:00,あり,9999/05/15,発電機作業,2026/04/27 16:14,removed,outages_20260917_132835.csv,outages_20260917_183953.csv,17/09/2026 13:28,17/09/2026 18:39
関西,関西電力株式会社,65C00,奥吉野発電所,水力,４号機,201000,計画停止,停止・その他,,9999/05/15 17:00,あり,9999/05/15,試運転,2026/04/27 16:13,removed,outages_20260917_132835.csv,outages_20260917_183953.csv,17/09/2026 13:28,17/09/2026 18:39
関西,関西電力株式会社,63D03,大河内発電所,水力,３号機,320000,計画停止,停止・設備故障,,9999/06/08 09:30,あり,9999/06/08,発電機作業,2026/04/27 16:08,removed,outages_20260917_132835.csv,outages_20260917_183953.csv,17/09/2026 13:28,17/09/2026 18:39
関西,関西電力株式会社,63D03,大河内発電所,水力,２号機,320000,計画停止,停止・設備故障,,9999/06/08 10:00,あり,9999/06/08,発電機作業,2026/04/27 15:59,removed,outages_20260917_132835.csv,outages_20260917_183953.csv,17/09/2026 13:28,17/09/2026 18:39
関西,関西電力株式会社,63D03,大河内発電所,水力,２号機,320000,計画停止,停止・設備故障,,9999/06/08 10:00,あり,9999/06/08,発電機作業,2026/04/27 15:57,removed,outages_20260917_132835.csv,outages_20260917_183953.csv,17/09/2026 13:28,17/09/2026 18:39
関西,関西電力株式会社,63D03,大河内発電所,水力,１号機,320000,計画停止,停止・設備故障,,9999/06/08 10:00,あり,9999/06/08,発電機作業,2026/04/27 15:46,removed,outages_20260917_132835.csv,outages_20260917_183953.csv,17/09/2026 13:28,17/09/2026 18:39
関西,関西電力株式会社,63D03,大河内発電所,水力,１号機,320000,計画停止,停止・設備故障,,9999/06/15 10:00,あり,9999/06/15,発電機作業,2026/04/27 15:44,removed,outages_20260917_132835.csv,outages_20260917_183953.csv,17/09/2026 13:28,17/09/2026 18:39
関西,関西電力株式会社,63D03,大河内発電所,水力,１号機,320000,計画停止,停止・その他,,9999/06/15 14:00,あり,9999/06/15,試運転,2026/04/27 15:42,removed,outages_20260917_132835.csv,outages_20260917_183953.csv,17/09/2026 13:28,17/09/2026 18:39
関西,関西電力株式会社,63D03,大河内発電所,水力,４号機,320000,計画停止,停止・設備故障,,9999/06/24 10:00,あり,9999/06/24,発電機作業,2026/04/27 15:39,removed,outages_20260917_132835.csv,outages_20260917_183953.csv,17/09/2026 13:28,17/09/2026 18:39
関西,関西電力株式会社,63D03,大河内発電所,水力,１号機,320000,計画停止,停止・設備故障,,9999/06/29 09:00,あり,9999/07/03,発電機作業,2026/04/27 15:36,removed,outages_20260917_132835.csv,outages_20260917_183953.csv,17/09/2026 13:28,17/09/2026 18:39
関西,関西電力株式会社,63D03,大河内発電所,水力,１号機,320000,計画停止,停止・設備故障,,9999/06/29 09:00,あり,9999/07/03,発電機作業,2026/04/27 15:34,removed,outages_20260917_132835.csv,outages_20260917_183953.csv,17/09/2026 13:28,17/09/2026 18:39
関西,関西電力株式会社,63D03,大河内発電所,水力,１号機,320000,計画停止,停止・その他,,9999/07/03 15:00,あり,9999/07/03,試運転,2026/04/27 15:22,removed,outages_20260917_132835.csv,outages_20260917_183953.csv,17/09/2026 13:28,17/09/2026 18:39
関西,関西電力株式会社,63D03,大河内発電所,水力,２号機,320000,計画停止,停止・設備故障,,9999/07/06 10:00,あり,9999/07/06,発電機作業,2026/04/27 15:19,removed,outages_20260917_132835.csv,outages_20260917_183953.csv,17/09/2026 13:28,17/09/2026 18:39
中国,中国電力株式会社,72410,柳井発電所第２号系列,火力（ガス）,２−２号,198000,出力低下,低下・送電線等制約,42000,9999/04/27 12:30,あり,9999/04/27,削除,2026/04/26 10:14,removed,outages_20260917_132835.csv,outages_20260917_183953.csv,17/09/2026 13:28,17/09/2026 18:39
関西,関西電力株式会社,62A42,堺港発電所,火力（ガス）,２号機,400000,出力低下,低下・その他,100000,9999/05/08 10:35,あり,9999/05/11,試運転 最大低下量：400000(kW) 最小低下量：0(kW),2026/04/24 15:26,removed,outages_20260917_132835.csv,outages_20260917_183953.csv,17/09/2026 13:28,17/09/2026 18:39
中国,中国電力株式会社,72410,柳井発電所第２号系列,火力（ガス）,２−３号,198000,出力低下,低下・送電線等制約,33500,9999/04/25 11:00,あり,9999/04/25,削除,2026/04/23 19:33,removed,outages_20260917_132835.csv,outages_20260917_183953.csv,17/09/2026 13:28,17/09/2026 18:39
中国,中国電力株式会社,72408,柳井発電所第１号系列上位,火力（ガス）,１−３号,131000,計画停止,停止・定期検査等,,9999/05/01 00:00,あり,9999/05/27,削除,2026/04/22 17:27,removed,outages_20260917_132835.csv,outages_20260917_183953.csv,17/09/2026 13:28,17/09/2026 18:39
中部,中部電力(株),43002,馬瀬川第一発電所,水力,２号機,144000,計画停止,停止・定期検査等,,9999/04/24 10:00,あり,9999/04/24,作業,2026/04/22 11:46,removed,outages_20260917_132835.csv,outages_20260917_183953.csv,17/09/2026 13:28,17/09/2026 18:39
中部,中部電力(株),45002,奥矢作第二発電所,水力,３号機,260000,計画停止,停止・その他,,9999/04/18 08:12,なし,,運用制約,2026/04/18 08:59,removed,outages_20260917_132835.csv,outages_20260917_183953.csv,17/09/2026 13:28,17/09/2026 18:39
中部,中部電力(株),45002,奥矢作第一発電所,水力,２号機,108000,計画外停止,停止・設備故障,,9999/04/18 08:05,なし,,調査中,2026/04/18 08:57,removed,outages_20260917_132835.csv,outages_20260917_183953.csv,17/09/2026 13:28,17/09/2026 18:39
中部,中部電力(株),42332,徳山発電所,水力,１号機,139000,出力低下,低下・その他,139000,9999/04/18 00:00,あり,9999/04/24,運用制約　最大低下量：139000kW　最低低下量：0kW　平均低下量：139000kW,2026/04/17 16:50,removed,outages_20260917_132835.csv,outages_20260917_183953.csv,17/09/2026 13:28,17/09/2026 18:39
北陸,北陸電力株式会社,51503,北陸電力 敦賀火力発電所,火力（石炭）,2号機,700000,計画停止,停止・定期検査等,,9999/06/05 22:00,あり,9999/06/15,削除 夏季ピーク前設備点検 当社管理番号：5935F260210,2026/04/16 19:27,removed,outages_20260917_132835.csv,outages_20260917_183953.csv,17/09/2026 13:28,17/09/2026 18:39
中国,中国電力株式会社,78301,俣野川発電所,水力,２号機,300000,計画停止,停止・定期検査等,,9999/04/17 09:00,あり,9999/04/17,削除,2026/04/16 17:39,removed,outages_20260917_132835.csv,outages_20260917_183953.csv,17/09/2026 13:28,17/09/2026 18:39
中国,中国電力株式会社,78301,俣野川発電所,水力,１号機,300000,計画停止,停止・定期検査等,,9999/04/17 09:00,あり,9999/04/17,削除,2026/04/16 17:37,removed,outages_20260917_132835.csv,outages_20260917_183953.csv,17/09/2026 13:28,17/09/2026 18:39
中国,中国電力株式会社,72408,柳井発電所第１号系列上位,火力（ガス）,１−６号,131000,計画停止,低下・その他,,9999/01/01 15:00,あり,9999/01/01,削除,2026/04/16 09:36,removed,outages_20260917_132835.csv,outages_20260917_183953.csv,17/09/2026 13:28,17/09/2026 18:39
中国,中国電力株式会社,78301,俣野川発電所,水力,２号機,300000,計画停止,停止・定期検査等,,9999/04/16 13:00,あり,9999/04/16,軽易作業,2026/04/15 18:51,removed,outages_20260917_132835.csv,outages_20260917_183953.csv,17/09/2026 13:28,17/09/2026 18:39
中国,中国電力株式会社,78301,俣野川発電所,水力,１号機,300000,計画停止,停止・定期検査等,,9999/04/16 09:30,あり,9999/04/16,軽易作業,2026/04/15 18:50,removed,outages_20260917_132835.csv,outages_20260917_183953.csv,17/09/2026 13:28,17/09/2026 18:39
中国,中国電力株式会社,72408,柳井発電所第１号系列上位,火力（ガス）,１−４号,131000,出力低下,低下・送電線等制約,2500,9999/04/13 12:00,あり,9999/04/13,削除,2026/04/12 08:45,removed,outages_20260917_132835.csv,outages_20260917_183953.csv,17/09/2026 13:28,17/09/2026 18:39
中国,中国電力株式会社,72408,柳井発電所第１号系列上位,火力（ガス）,１−３号,131000,出力低下,低下・送電線等制約,6000,9999/04/13 12:00,あり,9999/04/13,削除,2026/04/12 08:44,removed,outages_20260917_132835.csv,outages_20260917_183953.csv,17/09/2026 13:28,17/09/2026 18:39
中国,中国電力株式会社,72408,柳井発電所第１号系列上位,火力（ガス）,１−２号,131000,出力低下,低下・送電線等制約,6000,9999/04/13 12:00,あり,9999/04/13,削除,2026/04/12 08:43,removed,outages_20260917_132835.csv,outages_20260917_183953.csv,17/09/2026 13:28,17/09/2026 18:39
中部,中部電力(株),42332,徳山発電所,水力,１号機,139000,出力低下,低下・その他,92720,9999/12/31 00:00,あり,9999/12/31,運用制約　最大低下量：139000kW　最低低下量：0kW　平均低下量：92720kW,2026/04/10 19:19,removed,outages_20260917_132835.csv,outages_20260917_183953.csv,17/09/2026 13:28,17/09/2026 18:39
関西,関西電力株式会社,63D41,舞鶴発電所,火力（石炭）,１号機,900000,出力低下,低下・その他,145000,9999/04/14 13:00,あり,9999/04/14,試運転 最大低下量：342500(kW) 最小低下量：0(kW),2026/04/07 12:04,removed,outages_20260917_132835.csv,outages_20260917_183953.csv,17/09/2026 13:28,17/09/2026 18:39
関西,関西電力株式会社,68C43,姫路第二発電所,火力（ガス）,３号機,486500,出力低下,低下・送電線等制約,163000,9999/04/08 15:00,あり,9999/04/10,TSO作業 最大低下量：161000(kW) 最小低下量：119000(kW),2026/04/06 17:26,removed,outages_20260917_132835.csv,outages_20260917_183953.csv,17/09/2026 13:28,17/09/2026 18:39
関西,関西電力株式会社,68C46,姫路第二発電所,火力（ガス）,６号機,486500,出力低下,低下・その他,243300,9999/04/18 09:00,あり,9999/04/22,試運転 最大低下量：486500(kW) 最小低下量：0(kW),2026/04/06 17:04,removed,outages_20260917_132835.csv,outages_20260917_183953.csv,17/09/2026 13:28,17/09/2026 18:39
関西,関西電力株式会社,65C00,奥吉野発電所,水力,２号機,201000,計画停止,停止・その他,,9999/05/27 16:00,あり,9999/05/27,試運転,2026/04/01 09:15,removed,outages_20260917_132835.csv,outages_20260917_183953.csv,17/09/2026 13:28,17/09/2026 18:39
関西,関西電力株式会社,65C00,奥吉野発電所,水力,１号機,201000,計画停止,停止・設備故障,,9999/05/27 16:00,あり,9999/05/27,発電機作業,2026/04/01 09:14,removed,outages_20260917_132835.csv,outages_20260917_183953.csv,17/09/2026 13:28,17/09/2026 18:39
関西,関西電力株式会社,65C00,奥吉野発電所,水力,３号機,201000,計画停止,停止・設備故障,,9999/05/27 16:00,あり,9999/05/27,発電機作業,2026/04/01 09:14,removed,outages_20260917_132835.csv,outages_20260917_183953.csv,17/09/2026 13:28,17/09/2026 18:39
関西,関西電力株式会社,65C00,奥吉野発電所,水力,４号機,201000,計画停止,停止・設備故障,,9999/05/27 16:00,あり,9999/05/27,発電機作業,2026/04/01 09:12,removed,outages_20260917_132835.csv,outages_20260917_183953.csv,17/09/2026 13:28,17/09/2026 18:39
関西,関西電力株式会社,65C00,奥吉野発電所,水力,５号機,201000,計画停止,停止・設備故障,,9999/05/27 16:00,あり,9999/05/27,発電機作業,2026/04/01 09:12,removed,outages_20260917_132835.csv,outages_20260917_183953.csv,17/09/2026 13:28,17/09/2026 18:39
関西,関西電力株式会社,65C00,奥吉野発電所,水力,６号機,201000,計画停止,停止・設備故障,,9999/05/27 16:00,あり,9999/05/27,発電機作業,2026/04/01 09:12,removed,outages_20260917_132835.csv,outages_20260917_183953.csv,17/09/2026 13:28,17/09/2026 18:39
関西,関西電力株式会社,65C00,奥吉野発電所,水力,３号機,201000,計画停止,停止・その他,,9999/05/20 16:00,あり,9999/05/20,試運転,2026/04/01 09:05,removed,outages_20260917_132835.csv,outages_20260917_183953.csv,17/09/2026 13:28,17/09/2026 18:39
関西,関西電力株式会社,65C00,奥吉野発電所,水力,２号機,201000,計画停止,停止・設備故障,,9999/05/20 16:00,あり,9999/05/20,発電機作業,2026/04/01 09:04,removed,outages_20260917_132835.csv,outages_20260917_183953.csv,17/09/2026 13:28,17/09/2026 18:39
関西,関西電力株式会社,65C00,奥吉野発電所,水力,４号機,201000,計画停止,停止・設備故障,,9999/05/20 16:00,あり,9999/05/20,発電機作業,2026/04/01 09:03,removed,outages_20260917_132835.csv,outages_20260917_183953.csv,17/09/2026 13:28,17/09/2026 18:39
関西,関西電力株式会社,65C00,奥吉野発電所,水力,５号機,201000,計画停止,停止・設備故障,,9999/05/20 16:00,あり,9999/05/20,発電機作業,2026/04/01 09:02,removed,outages_20260917_132835.csv,outages_20260917_183953.csv,17/09/2026 13:28,17/09/2026 18:39
関西,関西電力株式会社,65C00,奥吉野発電所,水力,６号機,201000,計画停止,停止・設備故障,,9999/05/20 16:00,あり,9999/05/20,発電機作業,2026/04/01 09:02,removed,outages_20260917_132835.csv,outages_20260917_183953.csv,17/09/2026 13:28,17/09/2026 18:39
関西,関西電力株式会社,65C00,奥吉野発電所,水力,１号機,201000,計画停止,停止・設備故障,,9999/05/20 16:00,あり,9999/05/20,発電機作業,2026/04/01 09:01,removed,outages_20260917_132835.csv,outages_20260917_183953.csv,17/09/2026 13:28,17/09/2026 18:39
関西,関西電力株式会社,65C00,奥吉野発電所,水力,４号機,201000,計画停止,停止・設備故障,,9999/05/15 09:00,あり,9999/05/15,発電機作業,2026/04/01 08:58,removed,outages_20260917_132835.csv,outages_20260917_183953.csv,17/09/2026 13:28,17/09/2026 18:39
関西,関西電力株式会社,65C00,奥吉野発電所,水力,５号機,201000,計画停止,停止・設備故障,,9999/05/15 09:00,あり,9999/05/15,発電機作業,2026/04/01 08:57,removed,outages_20260917_132835.csv,outages_20260917_183953.csv,17/09/2026 13:28,17/09/2026 18:39
関西,関西電力株式会社,65C00,奥吉野発電所,水力,６号機,201000,計画停止,停止・設備故障,,9999/05/15 09:00,あり,9999/05/15,発電機作業,2026/04/01 08:57,removed,outages_20260917_132835.csv,outages_20260917_183953.csv,17/09/2026 13:28,17/09/2026 18:39
関西,関西電力株式会社,65C00,奥吉野発電所,水力,１号機,201000,計画停止,停止・設備故障,,9999/05/12 09:00,あり,9999/05/12,発電機作業,2026/04/01 08:52,removed,outages_20260917_132835.csv,outages_20260917_183953.csv,17/09/2026 13:28,17/09/2026 18:39
関西,関西電力株式会社,63D42,舞鶴発電所,火力（石炭）,２号機,900000,計画停止,停止・設備故障,,9999/04/28 00:00,あり,9999/05/08,発電機作業,2026/03/31 16:30,removed,outages_20260917_132835.csv,outages_20260917_183953.csv,17/09/2026 13:28,17/09/2026 18:39
関西,関西電力株式会社,63C00,喜撰山発電所,水力,１号機,233000,計画停止,停止・その他,,9999/04/13 15:00,あり,9999/04/15,試運転,2026/03/31 15:27,removed,outages_20260917_132835.csv,outages_20260917_183953.csv,17/09/2026 13:28,17/09/2026 18:39
関西,関西電力株式会社,63D03,大河内発電所,水力,２号機,320000,計画停止,停止・その他,,9999/06/16 14:00,あり,9999/06/16,試運転,2026/03/31 14:27,removed,outages_20260917_132835.csv,outages_20260917_183953.csv,17/09/2026 13:28,17/09/2026 18:39
関西,関西電力株式会社,63D03,大河内発電所,水力,２号機,320000,計画停止,停止・設備故障,,9999/06/16 10:00,あり,9999/06/16,発電機作業,2026/03/31 14:23,removed,outages_20260917_132835.csv,outages_20260917_183953.csv,17/09/2026 13:28,17/09/2026 18:39
関西,関西電力株式会社,63D41,舞鶴発電所,火力（石炭）,１号機,900000,出力低下,低下・設備故障,473000,9999/05/17 00:00,あり,9999/05/17,発電機作業 最大低下量：495000(kW) 最小低下量：450000(kW),2026/03/31 10:48,removed,outages_20260917_132835.csv,outages_20260917_183953.csv,17/09/2026 13:28,17/09/2026 18:39
関西,関西電力株式会社,63D41,舞鶴発電所,火力（石炭）,１号機,900000,出力低下,低下・設備故障,473000,9999/05/16 00:00,あり,9999/05/16,発電機作業 最大低下量：495000(kW) 最小低下量：450000(kW),2026/03/31 10:46,removed,outages_20260917_132835.csv,outages_20260917_183953.csv,17/09/2026 13:28,17/09/2026 18:39
関西,関西電力株式会社,63D03,大河内発電所,水力,３号機,320000,計画停止,停止・設備故障,,9999/06/29 07:00,あり,9999/06/29,発電機作業,2026/03/30 17:42,removed,outages_20260917_132835.csv,outages_20260917_183953.csv,17/09/2026 13:28,17/09/2026 18:39
関西,関西電力株式会社,63D03,大河内発電所,水力,２号機,320000,計画停止,停止・設備故障,,9999/06/29 07:00,あり,9999/06/29,発電機作業,2026/03/30 17:40,removed,outages_20260917_132835.csv,outages_20260917_183953.csv,17/09/2026 13:28,17/09/2026 18:39
関西,関西電力株式会社,63D03,大河内発電所,水力,１号機,320000,計画停止,停止・設備故障,,9999/06/29 07:00,あり,9999/06/29,発電機作業,2026/03/30 17:39,removed,outages_20260917_132835.csv,outages_20260917_183953.csv,17/09/2026 13:28,17/09/2026 18:39
関西,関西電力株式会社,63D03,大河内発電所,水力,３号機,320000,計画停止,停止・設備故障,,9999/06/30 12:00,あり,9999/06/30,発電機作業,2026/03/30 17:37,removed,outages_20260917_132835.csv,outages_20260917_183953.csv,17/09/2026 13:28,17/09/2026 18:39
関西,関西電力株式会社,63C00,喜撰山発電所,水力,２号機,233000,計画停止,停止・設備故障,,9999/05/31 10:00,あり,9999/05/31,発電機作業,2026/03/30 17:33,removed,outages_20260917_132835.csv,outages_20260917_183953.csv,17/09/2026 13:28,17/09/2026 18:39
関西,関西電力株式会社,63C00,喜撰山発電所,水力,２号機,233000,計画停止,停止・設備故障,,9999/05/30 10:00,あり,9999/05/30,発電機作業,2026/03/30 17:32,removed,outages_20260917_132835.csv,outages_20260917_183953.csv,17/09/2026 13:28,17/09/2026 18:39
関西,関西電力株式会社,65C00,奥吉野発電所,水力,３号機,201000,計画停止,停止・設備故障,,9999/05/15 09:00,あり,9999/05/15,発電機作業,2026/03/30 17:23,removed,outages_20260917_132835.csv,outages_20260917_183953.csv,17/09/2026 13:28,17/09/2026 18:39
関西,関西電力株式会社,65C00,奥吉野発電所,水力,２号機,201000,計画停止,停止・設備故障,,9999/05/15 09:00,あり,9999/05/15,発電機作業,2026/03/30 17:20,removed,outages_20260917_132835.csv,outages_20260917_183953.csv,17/09/2026 13:28,17/09/2026 18:39
関西,関西電力株式会社,65C00,奥吉野発電所,水力,６号機,201000,計画停止,停止・その他,,9999/06/05 10:00,あり,9999/06/05,試運転,2026/03/30 17:01,removed,outages_20260917_132835.csv,outages_20260917_183953.csv,17/09/2026 13:28,17/09/2026 18:39
関西,関西電力株式会社,65C00,奥吉野発電所,水力,６号機,201000,計画停止,停止・設備故障,,9999/06/01 10:00,あり,9999/06/05,発電機作業,2026/03/30 16:58,removed,outages_20260917_132835.csv,outages_20260917_183953.csv,17/09/2026 13:28,17/09/2026 18:39
関西,関西電力株式会社,63C00,喜撰山発電所,水力,２号機,233000,計画停止,停止・設備故障,,9999/06/09 12:00,あり,9999/06/09,発電機作業,2026/03/30 15:44,removed,outages_20260917_132835.csv,outages_20260917_183953.csv,17/09/2026 13:28,17/09/2026 18:39
関西,関西電力株式会社,68C43,姫路第二発電所,火力（ガス）,３号機,486500,出力低下,低下・送電線等制約,156000,9999/03/29 22:00,あり,9999/04/03,TSO作業 最大低下量：161000(kW) 最小低下量：61000(kW),2026/03/27 14:41,removed,outages_20260917_132835.csv,outages_20260917_183953.csv,17/09/2026 13:28,17/09/2026 18:39
関西,関西電力株式会社,63D41,舞鶴発電所,火力（石炭）,１号機,900000,計画停止,停止・設備故障,,9999/03/28 07:00,あり,9999/03/28,発電機作業,2026/03/27 05:47,removed,outages_20260917_132835.csv,outages_20260917_183953.csv,17/09/2026 13:28,17/09/2026 18:39
北陸,関西電力株式会社,60A06,音沢発電所,水力,単独,124000,計画停止,停止・設備故障,,9999/04/01 09:00,あり,9999/04/03,発電機作業,2026/03/25 15:08,removed,outages_20260917_132835.csv,outages_20260917_183953.csv,17/09/2026 13:28,17/09/2026 18:39
関西,関西電力株式会社,63D03,大河内発電所,水力,１号機,320000,計画停止,停止・設備故障,,9999/05/12 10:00,あり,9999/05/12,発電機作業,2026/03/25 14:33,removed,outages_20260917_132835.csv,outages_20260917_183953.csv,17/09/2026 13:28,17/09/2026 18:39
関西,関西電力株式会社,63D03,大河内発電所,水力,１号機,320000,計画停止,停止・その他,,9999/05/12 14:00,あり,9999/05/12,試運転,2026/03/25 14:30,removed,outages_20260917_132835.csv,outages_20260917_183953.csv,17/09/2026 13:28,17/09/2026 18:39
関西,関西電力株式会社,63C00,喜撰山発電所,水力,２号機,233000,計画停止,停止・設備故障,,9999/06/07 10:00,あり,9999/06/07,発電機作業,2026/03/25 14:19,removed,outages_20260917_132835.csv,outages_20260917_183953.csv,17/09/2026 13:28,17/09/2026 18:39
関西,関西電力株式会社,63C00,喜撰山発電所,水力,２号機,233000,計画停止,停止・設備故障,,9999/06/14 10:00,あり,9999/06/14,発電機作業,2026/03/25 14:14,removed,outages_20260917_132835.csv,outages_20260917_183953.csv,17/09/2026 13:28,17/09/2026 18:39
関西,関西電力株式会社,63C00,喜撰山発電所,水力,２号機,233000,計画停止,停止・設備故障,,9999/06/06 10:00,あり,9999/06/06,発電機作業,2026/03/25 14:12,removed,outages_20260917_132835.csv,outages_20260917_183953.csv,17/09/2026 13:28,17/09/2026 18:39
関西,関西電力株式会社,63C00,喜撰山発電所,水力,２号機,233000,計画停止,停止・設備故障,,9999/06/13 10:00,あり,9999/06/13,発電機作業,2026/03/25 14:09,removed,outages_20260917_132835.csv,outages_20260917_183953.csv,17/09/2026 13:28,17/09/2026 18:39
関西,関西電力株式会社,63C00,喜撰山発電所,水力,２号機,233000,計画停止,停止・設備故障,,9999/06/21 10:00,あり,9999/06/21,発電機作業,2026/03/25 14:06,removed,outages_20260917_132835.csv,outages_20260917_183953.csv,17/09/2026 13:28,17/09/2026 18:39
中国,中国電力株式会社,71203,新小野田発電所第２号機,火力（石炭）,２号機,500000,計画停止,停止・定期検査等,,9999/04/01 00:00,あり,9999/04/30,削除,2026/03/24 11:06,removed,outages_20260917_132835.csv,outages_20260917_183953.csv,17/09/2026 13:28,17/09/2026 18:39
中国,中国電力株式会社,72408,柳井発電所第１号系列上位,火力（ガス）,１−５号,131000,出力低下,低下・送電線等制約,82375,9999/03/25 10:00,あり,9999/03/25,系統作業　　最大低下量：131000kW　　最小低下量：8000kW　　平均低下量：82375kW,2026/03/23 15:00,removed,outages_20260917_132835.csv,outages_20260917_183953.csv,17/09/2026 13:28,17/09/2026 18:39
関西,関西電力株式会社,68E00,奥多々良木発電所,水力,４号機,303000,計画停止,停止・設備故障,,9999/04/02 09:00,あり,9999/04/02,発電機作業,2026/03/23 12:02,removed,outages_20260917_132835.csv,outages_20260917_183953.csv,17/09/2026 13:28,17/09/2026 18:39
中国,中国電力株式会社,72410,柳井発電所第２号系列,火力（ガス）,２−２号,198000,計画停止,停止・送電線等制約,,9999/03/21 21:30,あり,9999/03/22,削除,2026/03/19 19:43,removed,outages_20260917_132835.csv,outages_20260917_183953.csv,17/09/2026 13:28,17/09/2026 18:39
中国,中国電力株式会社,72410,柳井発電所第２号系列,火力（ガス）,２−１号,198000,計画停止,停止・送電線等制約,,9999/03/21 21:30,あり,9999/03/22,削除,2026/03/19 19:42,removed,outages_20260917_132835.csv,outages_20260917_183953.csv,17/09/2026 13:28,17/09/2026 18:39
中国,中国電力株式会社,72410,柳井発電所第２号系列,火力（ガス）,２−４号,198000,出力低下,低下・送電線等制約,198000,9999/03/21 21:30,あり,9999/03/22,削除,2026/03/19 19:41,removed,outages_20260917_132835.csv,outages_20260917_183953.csv,17/09/2026 13:28,17/09/2026 18:39
中国,中国電力株式会社,72410,柳井発電所第２号系列,火力（ガス）,２−３号,198000,出力低下,低下・送電線等制約,198000,9999/03/21 21:30,あり,9999/03/22,削除,2026/03/19 19:40,removed,outages_20260917_132835.csv,outages_20260917_183953.csv,17/09/2026 13:28,17/09/2026 18:39
中国,中国電力株式会社,72408,柳井発電所第１号系列上位,火力（ガス）,１−６号,131000,出力低下,低下・送電線等制約,68389,9999/03/21 21:30,あり,9999/03/22,削除,2026/03/19 19:39,removed,outages_20260917_132835.csv,outages_20260917_183953.csv,17/09/2026 13:28,17/09/2026 18:39
中国,中国電力株式会社,72408,柳井発電所第１号系列上位,火力（ガス）,１−５号,131000,計画停止,停止・送電線等制約,,9999/03/21 21:30,あり,9999/03/22,削除,2026/03/19 19:38,removed,outages_20260917_132835.csv,outages_20260917_183953.csv,17/09/2026 13:28,17/09/2026 18:39
中国,中国電力株式会社,72408,柳井発電所第１号系列上位,火力（ガス）,１−４号,131000,出力低下,低下・送電線等制約,68056,9999/03/21 21:30,あり,9999/03/22,削除,2026/03/19 19:37,removed,outages_20260917_132835.csv,outages_20260917_183953.csv,17/09/2026 13:28,17/09/2026 18:39
中国,中国電力株式会社,72408,柳井発電所第１号系列上位,火力（ガス）,１−３号,131000,出力低下,低下・送電線等制約,67889,9999/03/21 21:30,あり,9999/03/22,削除,2026/03/19 19:35,removed,outages_20260917_132835.csv,outages_20260917_183953.csv,17/09/2026 13:28,17/09/2026 18:39
中国,中国電力株式会社,72408,柳井発電所第１号系列上位,火力（ガス）,１−２号,131000,出力低下,低下・送電線等制約,67556,9999/03/21 21:30,あり,9999/03/22,削除,2026/03/19 19:34,removed,outages_20260917_132835.csv,outages_20260917_183953.csv,17/09/2026 13:28,17/09/2026 18:39
中国,中国電力株式会社,71202,新小野田発電所第１号機,火力（石炭）,１号機,500000,計画停止,停止・送電線等制約,,9999/03/21 21:30,あり,9999/03/22,削除,2026/03/19 19:32,removed,outages_20260917_132835.csv,outages_20260917_183953.csv,17/09/2026 13:28,17/09/2026 18:39
中国,中国電力株式会社,72410,柳井発電所第２号系列,火力（ガス）,２−３号,198000,出力低下,低下・送電線等制約,26000,9999/03/21 21:30,あり,9999/03/21,削除,2026/03/19 16:44,removed,outages_20260917_132835.csv,outages_20260917_183953.csv,17/09/2026 13:28,17/09/2026 18:39
中国,中国電力株式会社,72408,柳井発電所第１号系列上位,火力（ガス）,１−５号,131000,計画停止,停止・送電線等制約,,9999/03/20 21:30,あり,9999/03/21,系統作業 制約量はTSOからの発電制約量（月間通知）に基づく,2026/03/18 19:46,removed,outages_20260917_132835.csv,outages_20260917_183953.csv,17/09/2026 13:28,17/09/2026 18:39
中国,中国電力株式会社,72410,柳井発電所第２号系列,火力（ガス）,２−１号,198000,計画停止,停止・送電線等制約,,9999/03/20 21:30,あり,9999/03/21,系統作業 制約量はTSOからの発電制約量（月間通知）に基づく,2026/03/18 19:46,removed,outages_20260917_132835.csv,outages_20260917_183953.csv,17/09/2026 13:28,17/09/2026 18:39
中国,中国電力株式会社,72410,柳井発電所第２号系列,火力（ガス）,２−２号,198000,計画停止,停止・送電線等制約,,9999/03/20 21:30,あり,9999/03/21,系統作業 制約量はTSOからの発電制約量（月間通知）に基づく,2026/03/18 19:45,removed,outages_20260917_132835.csv,outages_20260917_183953.csv,17/09/2026 13:28,17/09/2026 18:39
中国,中国電力株式会社,71202,新小野田発電所第１号機,火力（石炭）,１号機,500000,計画停止,停止・送電線等制約,,9999/03/20 21:30,あり,9999/03/21,系統作業 制約量はTSOからの発電制約量（月間通知）に基づく,2026/03/18 19:45,removed,outages_20260917_132835.csv,outages_20260917_183953.csv,17/09/2026 13:28,17/09/2026 18:39
中国,中国電力株式会社,72408,柳井発電所第１号系列上位,火力（ガス）,１−４号,131000,出力低下,低下・送電線等制約,68056,9999/03/20 21:30,あり,9999/03/21,系統作業 最大低下量：131000kW 最小低下量：0kW 制約量はTSOからの発電制約量（月間通知）に基づく,2026/03/18 19:44,removed,outages_20260917_132835.csv,outages_20260917_183953.csv,17/09/2026 13:28,17/09/2026 18:39
中国,中国電力株式会社,72408,柳井発電所第１号系列上位,火力（ガス）,１−６号,131000,出力低下,低下・送電線等制約,68389,9999/03/20 21:30,あり,9999/03/21,系統作業 最大低下量：131000kW 最小低下量：0kW 制約量はTSOからの発電制約量（月間通知）に基づく,2026/03/18 19:44,removed,outages_20260917_132835.csv,outages_20260917_183953.csv,17/09/2026 13:28,17/09/2026 18:39
中国,中国電力株式会社,72410,柳井発電所第２号系列,火力（ガス）,２−３号,198000,出力低下,低下・送電線等制約,198000,9999/03/20 21:30,あり,9999/03/21,系統作業 最大低下量：198000kW 最小低下量：0kW 制約量はTSOからの発電制約量（月間通知）に基づく,2026/03/18 19:43,removed,outages_20260917_132835.csv,outages_20260917_183953.csv,17/09/2026 13:28,17/09/2026 18:39
中国,中国電力株式会社,72410,柳井発電所第２号系列,火力（ガス）,２−４号,198000,出力低下,低下・送電線等制約,198000,9999/03/20 21:30,あり,9999/03/21,系統作業 最大低下量：198000kW 最小低下量：0kW 制約量はTSOからの発電制約量（月間通知）に基づく,2026/03/18 19:42,removed,outages_20260917_132835.csv,outages_20260917_183953.csv,17/09/2026 13:28,17/09/2026 18:39
中国,中国電力株式会社,72408,柳井発電所第１号系列上位,火力（ガス）,１−２号,131000,出力低下,低下・送電線等制約,67556,9999/03/20 21:30,あり,9999/03/21,系統作業 最大低下量：131000kW 最小低下量：0kW 制約量はTSOからの発電制約量（月間通知）に基づく,2026/03/18 19:41,removed,outages_20260917_132835.csv,outages_20260917_183953.csv,17/09/2026 13:28,17/09/2026 18:39
中国,中国電力株式会社,72408,柳井発電所第１号系列上位,火力（ガス）,１−３号,131000,出力低下,低下・送電線等制約,67889,9999/03/20 21:30,あり,9999/03/21,系統作業 最大低下量：131000kW 最小低下量：0kW 制約量はTSOからの発電制約量（月間通知）に基づく,2026/03/18 19:41,removed,outages_20260917_132835.csv,outages_20260917_183953.csv,17/09/2026 13:28,17/09/2026 18:39
関西,関西電力株式会社,68E00,奥多々良木発電所,水力,４号機,303000,計画停止,停止・設備故障,,9999/03/23 09:00,あり,9999/07/31,発電機作業,2026/03/18 13:18,removed,outages_20260917_132835.csv,outages_20260917_183953.csv,17/09/2026 13:28,17/09/2026 18:39
中国,中国電力株式会社,78301,俣野川発電所,水力,２号機,300000,計画停止,停止・定期検査等,,9999/03/17 13:00,あり,9999/03/17,削除,2026/03/16 15:06,removed,outages_20260917_132835.csv,outages_20260917_183953.csv,17/09/2026 13:28,17/09/2026 18:39
中国,中国電力株式会社,78301,俣野川発電所,水力,１号機,300000,計画停止,停止・定期検査等,,9999/03/17 09:30,あり,9999/03/17,削除,2026/03/16 15:05,removed,outages_20260917_132835.csv,outages_20260917_183953.csv,17/09/2026 13:28,17/09/2026 18:39
中国,中国電力株式会社,72408,柳井発電所第１号系列上位,火力（ガス）,１−５号,131000,計画停止,停止・送電線等制約,,9999/03/17 08:30,あり,9999/03/17,削除,2026/03/15 15:24,removed,outages_20260917_132835.csv,outages_20260917_183953.csv,17/09/2026 13:28,17/09/2026 18:39
中国,中国電力株式会社,72408,柳井発電所第１号系列上位,火力（ガス）,１−２号,131000,出力低下,低下・送電線等制約,1722,9999/03/17 08:30,あり,9999/03/17,削除,2026/03/15 15:23,removed,outages_20260917_132835.csv,outages_20260917_183953.csv,17/09/2026 13:28,17/09/2026 18:39
中国,中国電力株式会社,72408,柳井発電所第１号系列上位,火力（ガス）,１−３号,131000,出力低下,低下・送電線等制約,1778,9999/03/17 08:30,あり,9999/03/17,削除,2026/03/15 15:22,removed,outages_20260917_132835.csv,outages_20260917_183953.csv,17/09/2026 13:28,17/09/2026 18:39
中国,中国電力株式会社,72408,柳井発電所第１号系列上位,火力（ガス）,１−４号,131000,出力低下,低下・送電線等制約,1889,9999/03/17 08:30,あり,9999/03/17,削除,2026/03/15 15:21,removed,outages_20260917_132835.csv,outages_20260917_183953.csv,17/09/2026 13:28,17/09/2026 18:39
中国,中国電力株式会社,72408,柳井発電所第１号系列上位,火力（ガス）,１−６号,131000,出力低下,低下・送電線等制約,1889,9999/03/17 08:30,あり,9999/03/17,削除,2026/03/15 15:20,removed,outages_20260917_132835.csv,outages_20260917_183953.csv,17/09/2026 13:28,17/09/2026 18:39
中国,中国電力株式会社,72410,柳井発電所第２号系列,火力（ガス）,２−１号,198000,出力低下,低下・送電線等制約,156167,9999/03/17 08:30,あり,9999/03/17,削除,2026/03/15 15:20,removed,outages_20260917_132835.csv,outages_20260917_183953.csv,17/09/2026 13:28,17/09/2026 18:39
中国,中国電力株式会社,72410,柳井発電所第２号系列,火力（ガス）,２−２号,198000,出力低下,低下・送電線等制約,156333,9999/03/17 08:30,あり,9999/03/17,削除,2026/03/15 15:19,removed,outages_20260917_132835.csv,outages_20260917_183953.csv,17/09/2026 13:28,17/09/2026 18:39
中国,中国電力株式会社,72410,柳井発電所第２号系列,火力（ガス）,２−３号,198000,出力低下,低下・送電線等制約,156389,9999/03/17 08:30,あり,9999/03/17,削除,2026/03/15 15:18,removed,outages_20260917_132835.csv,outages_20260917_183953.csv,17/09/2026 13:28,17/09/2026 18:39
中国,中国電力株式会社,72410,柳井発電所第２号系列,火力（ガス）,２−４号,198000,出力低下,低下・送電線等制約,156833,9999/03/17 08:30,あり,9999/03/17,削除,2026/03/15 15:17,removed,outages_20260917_132835.csv,outages_20260917_183953.csv,17/09/2026 13:28,17/09/2026 18:39
中国,中国電力株式会社,74104,南原発電所,水力,１号機,310000,出力低下,低下・送電線等制約,307944,9999/03/17 08:30,あり,9999/03/17,削除,2026/03/15 15:16,removed,outages_20260917_132835.csv,outages_20260917_183953.csv,17/09/2026 13:28,17/09/2026 18:39
中国,中国電力株式会社,74104,南原発電所,水力,２号機,310000,出力低下,低下・送電線等制約,308000,9999/03/17 08:30,あり,9999/03/17,削除,2026/03/15 15:15,removed,outages_20260917_132835.csv,outages_20260917_183953.csv,17/09/2026 13:28,17/09/2026 18:39
中国,中国電力株式会社,71202,新小野田発電所第１号機,火力（石炭）,１号機,500000,計画停止,停止・送電線等制約,,9999/03/17 08:30,あり,9999/03/17,削除 系統作業 制約量はTSOからの発電制約量（月間通知）に基づく,2026/03/15 15:15,removed,outages_20260917_132835.csv,outages_20260917_183953.csv,17/09/2026 13:28,17/09/2026 18:39
中国,中国電力株式会社,72408,柳井発電所第１号系列上位,火力（ガス）,１−５号,131000,計画停止,停止・送電線等制約,,9999/03/16 08:30,あり,9999/03/16,削除,2026/03/14 18:32,removed,outages_20260917_132835.csv,outages_20260917_183953.csv,17/09/2026 13:28,17/09/2026 18:39
中国,中国電力株式会社,72410,柳井発電所第２号系列,火力（ガス）,２−４号,198000,出力低下,低下・送電線等制約,190333,9999/03/16 08:30,あり,9999/03/16,削除,2026/03/14 18:30,removed,outages_20260917_132835.csv,outages_20260917_183953.csv,17/09/2026 13:28,17/09/2026 18:39
中国,中国電力株式会社,72410,柳井発電所第２号系列,火力（ガス）,２−３号,198000,出力低下,低下・送電線等制約,180944,9999/03/16 08:30,あり,9999/03/16,削除,2026/03/14 18:30,removed,outages_20260917_132835.csv,outages_20260917_183953.csv,17/09/2026 13:28,17/09/2026 18:39
中国,中国電力株式会社,72410,柳井発電所第２号系列,火力（ガス）,２−２号,198000,出力低下,低下・送電線等制約,172278,9999/03/16 08:30,あり,9999/03/16,削除,2026/03/14 18:29,removed,outages_20260917_132835.csv,outages_20260917_183953.csv,17/09/2026 13:28,17/09/2026 18:39
中国,中国電力株式会社,72410,柳井発電所第２号系列,火力（ガス）,２−１号,198000,出力低下,低下・送電線等制約,159222,9999/03/16 08:30,あり,9999/03/16,削除,2026/03/14 18:28,removed,outages_20260917_132835.csv,outages_20260917_183953.csv,17/09/2026 13:28,17/09/2026 18:39
中国,中国電力株式会社,72408,柳井発電所第１号系列上位,火力（ガス）,１−６号,131000,出力低下,低下・送電線等制約,31889,9999/03/16 08:30,あり,9999/03/16,削除,2026/03/14 18:28,removed,outages_20260917_132835.csv,outages_20260917_183953.csv,17/09/2026 13:28,17/09/2026 18:39
中国,中国電力株式会社,72408,柳井発電所第１号系列上位,火力（ガス）,１−４号,131000,出力低下,低下・送電線等制約,27944,9999/03/16 08:30,あり,9999/03/16,削除,2026/03/14 18:27,removed,outages_20260917_132835.csv,outages_20260917_183953.csv,17/09/2026 13:28,17/09/2026 18:39
中国,中国電力株式会社,72408,柳井発電所第１号系列上位,火力（ガス）,１−３号,131000,出力低下,低下・送電線等制約,27778,9999/03/16 08:30,あり,9999/03/16,削除,2026/03/14 18:26,removed,outages_20260917_132835.csv,outages_20260917_183953.csv,17/09/2026 13:28,17/09/2026 18:39
中国,中国電力株式会社,72408,柳井発電所第１号系列上位,火力（ガス）,１−２号,131000,出力低下,低下・送電線等制約,27722,9999/03/16 08:30,あり,9999/03/16,削除,2026/03/14 18:25,removed,outages_20260917_132835.csv,outages_20260917_183953.csv,17/09/2026 13:28,17/09/2026 18:39
中国,中国電力株式会社,71202,新小野田発電所第１号機,火力（石炭）,１号機,500000,計画停止,停止・送電線等制約,,9999/03/16 08:30,あり,9999/03/16,削除,2026/03/14 18:24,removed,outages_20260917_132835.csv,outages_20260917_183953.csv,17/09/2026 13:28,17/09/2026 18:39
中国,中国電力株式会社,74104,南原発電所,水力,２号機,310000,出力低下,低下・送電線等制約,310000,9999/03/16 08:30,あり,9999/03/16,系統作業 最大低下量：310000kW 最小低下量：0kW 制約量はTSOからの発電制約量（月間通知）に基づく,2026/03/14 18:22,removed,outages_20260917_132835.csv,outages_20260917_183953.csv,17/09/2026 13:28,17/09/2026 18:39
中国,中国電力株式会社,74104,南原発電所,水力,１号機,310000,出力低下,低下・送電線等制約,310000,9999/03/16 08:30,あり,9999/03/16,削除,2026/03/14 18:21,removed,outages_20260917_132835.csv,outages_20260917_183953.csv,17/09/2026 13:28,17/09/2026 18:39
中国,中国電力株式会社,71203,新小野田発電所第２号機,火力（石炭）,２号機,500000,出力低下,低下・送電線等制約,13556,9999/03/15 08:30,あり,9999/03/15,削除 系統作業 最大低下量：500000kW 最小低下量：0kW 制約量はTSOからの発電制約量（月間通知）に基づく,2026/03/13 19:47,removed,outages_20260917_132835.csv,outages_20260917_183953.csv,17/09/2026 13:28,17/09/2026 18:39
中国,中国電力株式会社,71202,新小野田発電所第１号機,火力（石炭）,１号機,500000,計画停止,停止・送電線等制約,,9999/03/15 08:30,あり,9999/03/15,削除 系統作業 制約量はTSOからの発電制約量（月間通知）に基づく,2026/03/13 19:46,removed,outages_20260917_132835.csv,outages_20260917_183953.csv,17/09/2026 13:28,17/09/2026 18:39
中国,中国電力株式会社,72410,柳井発電所第２号系列,火力（ガス）,２−２号,198000,出力低下,低下・送電線等制約,191667,9999/03/15 08:30,あり,9999/03/15,削除 系統作業 最大低下量：198000kW 最小低下量：0kW 制約量はTSOからの発電制約量（月間通知）に基づく,2026/03/13 19:43,removed,outages_20260917_132835.csv,outages_20260917_183953.csv,17/09/2026 13:28,17/09/2026 18:39
中国,中国電力株式会社,72410,柳井発電所第２号系列,火力（ガス）,２−１号,198000,出力低下,低下・送電線等制約,191611,9999/03/15 08:30,あり,9999/03/15,削除 系統作業 最大低下量：198000kW 最小低下量：0kW 制約量はTSOからの発電制約量（月間通知）に基づく,2026/03/13 19:42,removed,outages_20260917_132835.csv,outages_20260917_183953.csv,17/09/2026 13:28,17/09/2026 18:39
中国,中国電力株式会社,72408,柳井発電所第１号系列上位,火力（ガス）,１−５号,131000,計画停止,停止・送電線等制約,,9999/03/15 08:30,あり,9999/03/15,削除 系統作業 制約量はTSOからの発電制約量（月間通知）に基づく,2026/03/13 19:41,removed,outages_20260917_132835.csv,outages_20260917_183953.csv,17/09/2026 13:28,17/09/2026 18:39
中国,中国電力株式会社,72408,柳井発電所第１号系列上位,火力（ガス）,１−６号,131000,出力低下,低下・送電線等制約,59000,9999/03/15 08:30,あり,9999/03/15,削除 系統作業 最大低下量：131000kW 最小低下量：0kW 制約量はTSOからの発電制約量（月間通知）に基づく,2026/03/13 19:40,removed,outages_20260917_132835.csv,outages_20260917_183953.csv,17/09/2026 13:28,17/09/2026 18:39
中国,中国電力株式会社,72408,柳井発電所第１号系列上位,火力（ガス）,１−４号,131000,出力低下,低下・送電線等制約,58444,9999/03/15 08:30,あり,9999/03/15,削除 系統作業 最大低下量：131000kW 最小低下量：0kW 制約量はTSOからの発電制約量（月間通知）に基づく,2026/03/13 19:39,removed,outages_20260917_132835.csv,outages_20260917_183953.csv,17/09/2026 13:28,17/09/2026 18:39
中国,中国電力株式会社,72408,柳井発電所第１号系列上位,火力（ガス）,１−３号,131000,計画停止,停止・送電線等制約,,9999/03/15 08:30,あり,9999/03/15,削除 系統作業 制約量はTSOからの発電制約量（月間通知）に基づく,2026/03/13 19:38,removed,outages_20260917_132835.csv,outages_20260917_183953.csv,17/09/2026 13:28,17/09/2026 18:39
中国,中国電力株式会社,72408,柳井発電所第１号系列上位,火力（ガス）,１−２号,131000,計画停止,停止・送電線等制約,,9999/03/15 08:30,あり,9999/03/15,削除 系統作業 制約量はTSOからの発電制約量（月間通知）に基づく,2026/03/13 19:36,removed,outages_20260917_132835.csv,outages_20260917_183953.csv,17/09/2026 13:28,17/09/2026 18:39
中国,中国電力株式会社,74104,南原発電所,水力,１号機,310000,出力低下,低下・送電線等制約,310000,9999/03/15 08:30,あり,9999/03/15,削除 系統作業 最大低下量：310000kW 最小低下量：0kW 制約量はTSOからの発電制約量（月間通知）に基づく,2026/03/13 19:34,removed,outages_20260917_132835.csv,outages_20260917_183953.csv,17/09/2026 13:28,17/09/2026 18:39
中国,中国電力株式会社,74104,南原発電所,水力,２号機,310000,出力低下,低下・送電線等制約,310000,9999/03/15 08:30,あり,9999/03/15,削除 系統作業 最大低下量：310000kW 最小低下量：0kW 制約量はTSOからの発電制約量（月間通知）に基づく,2026/03/13 19:33,removed,outages_20260917_132835.csv,outages_20260917_183953.csv,17/09/2026 13:28,17/09/2026 18:39
中国,中国電力株式会社,72410,柳井発電所第２号系列,火力（ガス）,２−１号,198000,出力低下,低下・送電線等制約,181389,9999/03/14 08:30,あり,9999/03/14,系統作業 最大低下量：198000kW 最小低下量：0kW 制約量はTSOからの発電制約量（月間通知）に基づく,2026/03/12 17:38,removed,outages_20260917_132835.csv,outages_20260917_183953.csv,17/09/2026 13:28,17/09/2026 18:39
中国,中国電力株式会社,72408,柳井発電所第１号系列上位,火力（ガス）,１−３号,131000,出力低下,低下・送電線等制約,45667,9999/03/14 08:30,あり,9999/03/14,削除 系統作業 最大低下量：131000kW 最小低下量：0kW 制約量はTSOからの発電制約量（月間通知）に基づく,2026/03/12 17:37,removed,outages_20260917_132835.csv,outages_20260917_183953.csv,17/09/2026 13:28,17/09/2026 18:39
中国,中国電力株式会社,72408,柳井発電所第１号系列上位,火力（ガス）,１−２号,131000,出力低下,低下・送電線等制約,45333,9999/03/14 08:30,あり,9999/03/14,系統作業 最大低下量：131000kW 最小低下量：0kW 制約量はTSOからの発電制約量（月間通知）に基づく 削除,2026/03/12 17:35,removed,outages_20260917_132835.csv,outages_20260917_183953.csv,17/09/2026 13:28,17/09/2026 18:39
中国,中国電力株式会社,74104,南原発電所,水力,１号機,310000,出力低下,低下・送電線等制約,239333,9999/03/14 08:30,あり,9999/03/14,系統作業 最大低下量：310000kW 最小低下量：0kW 制約量はTSOからの発電制約量（月間通知）に基づく 削除,2026/03/12 17:33,removed,outages_20260917_132835.csv,outages_20260917_183953.csv,17/09/2026 13:28,17/09/2026 18:39
中国,中国電力株式会社,74104,南原発電所,水力,２号機,310000,出力低下,低下・送電線等制約,269021,9999/03/14 08:30,あり,9999/03/14,系統作業 最大低下量：310000kW 最小低下量：0kW 制約量はTSOからの発電制約量（月間通知）に基づく,2026/03/12 17:32,removed,outages_20260917_132835.csv,outages_20260917_183953.csv,17/09/2026 13:28,17/09/2026 18:39
中国,中国電力株式会社,72408,柳井発電所第１号系列上位,火力（ガス）,１−４号,131000,計画停止,停止・送電線等制約,,9999/03/14 08:30,あり,9999/03/14,系統作業 制約量はTSOからの発電制約量（月間通知）に基づく 削除,2026/03/12 17:28,removed,outages_20260917_132835.csv,outages_20260917_183953.csv,17/09/2026 13:28,17/09/2026 18:39
中国,中国電力株式会社,72408,柳井発電所第１号系列上位,火力（ガス）,１−６号,131000,計画停止,停止・送電線等制約,,9999/03/14 08:30,あり,9999/03/14,系統作業 制約量はTSOからの発電制約量（月間通知）に基づく 削除,2026/03/12 17:27,removed,outages_20260917_132835.csv,outages_20260917_183953.csv,17/09/2026 13:28,17/09/2026 18:39
中国,中国電力株式会社,72408,柳井発電所第１号系列上位,火力（ガス）,１−５号,131000,計画停止,停止・送電線等制約,,9999/03/14 08:30,あり,9999/03/14,系統作業 制約量はTSOからの発電制約量（月間通知）に基づく 削除,2026/03/12 17:25,removed,outages_20260917_132835.csv,outages_20260917_183953.csv,17/09/2026 13:28,17/09/2026 18:39
関西,関西電力株式会社,68C41,姫路第二発電所,火力（ガス）,１号機,486500,出力低下,低下・その他,124000,9999/03/13 04:00,あり,9999/03/14,試運転 最大低下量：316500(kW) 最小低下量：21500(kW),2026/03/12 14:30,removed,outages_20260917_132835.csv,outages_20260917_183953.csv,17/09/2026 13:28,17/09/2026 18:39
関西,関西電力株式会社,68C43,姫路第二発電所,火力（ガス）,３号機,486500,出力低下,低下・送電線等制約,242000,9999/03/14 00:00,あり,9999/03/15,TSO作業 最大低下量：250000(kW) 最小低下量：203000(kW),2026/03/12 13:26,removed,outages_20260917_132835.csv,outages_20260917_183953.csv,17/09/2026 13:28,17/09/2026 18:39
関西,関西電力株式会社,68C43,姫路第二発電所,火力（ガス）,３号機,486500,出力低下,低下・送電線等制約,270000,9999/03/12 17:00,あり,9999/03/13,TSO作業 最大低下量：264000(kW) 最小低下量：222000(kW),2026/03/12 13:25,removed,outages_20260917_132835.csv,outages_20260917_183953.csv,17/09/2026 13:28,17/09/2026 18:39
関西,関西電力株式会社,63D42,舞鶴発電所,火力（石炭）,２号機,900000,出力低下,低下・設備故障,225000,9999/03/14 07:00,あり,9999/03/14,発電機作業 最大低下量：225000(kW) 最小低下量：225000(kW),2026/03/11 12:00,removed,outages_20260917_132835.csv,outages_20260917_183953.csv,17/09/2026 13:28,17/09/2026 18:39
関西,関西電力株式会社,63C00,喜撰山発電所,水力,２号機,233000,計画停止,停止・設備故障,,9999/05/27 15:00,あり,9999/05/27,発電機作業,2026/03/10 20:34,removed,outages_20260917_132835.csv,outages_20260917_183953.csv,17/09/2026 13:28,17/09/2026 18:39
関西,関西電力株式会社,63C00,喜撰山発電所,水力,２号機,233000,計画停止,停止・設備故障,,9999/05/26 15:00,あり,9999/05/26,発電機作業,2026/03/10 20:33,removed,outages_20260917_132835.csv,outages_20260917_183953.csv,17/09/2026 13:28,17/09/2026 18:39
関西,関西電力株式会社,63C00,喜撰山発電所,水力,２号機,233000,計画停止,停止・設備故障,,9999/05/25 15:00,あり,9999/05/25,発電機作業,2026/03/10 20:32,removed,outages_20260917_132835.csv,outages_20260917_183953.csv,17/09/2026 13:28,17/09/2026 18:39
中国,中国電力株式会社,71203,新小野田発電所第２号機,火力（石炭）,２号機,500000,計画停止,停止・その他,,9999/03/22 07:30,あり,9999/03/31,削除,2026/03/09 17:49,removed,outages_20260917_132835.csv,outages_20260917_183953.csv,17/09/2026 13:28,17/09/2026 18:39
関西,関西電力株式会社,68E00,奥多々良木発電所,水力,４号機,303000,計画停止,停止・設備故障,,9999/04/02 09:00,あり,9999/04/13,発電機作業,2026/03/04 14:19,removed,outages_20260917_132835.csv,outages_20260917_183953.csv,17/09/2026 13:28,17/09/2026 18:39
関西,関西電力株式会社,68E00,奥多々良木発電所,水力,４号機,303000,計画停止,停止・設備故障,,9999/04/01 09:00,あり,9999/04/03,発電機作業,2026/02/27 18:39,removed,outages_20260917_132835.csv,outages_20260917_183953.csv,17/09/2026 13:28,17/09/2026 18:39
関西,関西電力株式会社,63D03,大河内発電所,水力,２号機,320000,計画停止,停止・その他,,9999/04/08 14:00,あり,9999/04/08,試運転,2026/02/27 16:50,removed,outages_20260917_132835.csv,outages_20260917_183953.csv,17/09/2026 13:28,17/09/2026 18:39
関西,関西電力株式会社,63D03,大河内発電所,水力,２号機,320000,計画停止,停止・設備故障,,9999/04/08 10:00,あり,9999/04/08,発電機作業,2026/02/27 16:49,removed,outages_20260917_132835.csv,outages_20260917_183953.csv,17/09/2026 13:28,17/09/2026 18:39
関西,関西電力株式会社,63D03,大河内発電所,水力,１号機,320000,計画停止,停止・その他,,9999/04/07 14:00,あり,9999/04/07,試運転,2026/02/27 16:47,removed,outages_20260917_132835.csv,outages_20260917_183953.csv,17/09/2026 13:28,17/09/2026 18:39
関西,関西電力株式会社,63D03,大河内発電所,水力,１号機,320000,計画停止,停止・設備故障,,9999/04/07 10:00,あり,9999/04/07,発電機作業,2026/02/27 16:46,removed,outages_20260917_132835.csv,outages_20260917_183953.csv,17/09/2026 13:28,17/09/2026 18:39
関西,関西電力株式会社,63C00,喜撰山発電所,水力,２号機,233000,計画停止,停止・設備故障,,9999/05/07 12:00,あり,9999/05/07,発電機作業,2026/02/27 16:30,removed,outages_20260917_132835.csv,outages_20260917_183953.csv,17/09/2026 13:28,17/09/2026 18:39
関西,関西電力株式会社,63C00,喜撰山発電所,水力,１号機,233000,計画停止,停止・設備故障,,9999/05/01 10:00,あり,9999/05/01,発電機作業,2026/02/27 16:25,removed,outages_20260917_132835.csv,outages_20260917_183953.csv,17/09/2026 13:28,17/09/2026 18:39
関西,関西電力株式会社,63C00,喜撰山発電所,水力,１号機,233000,計画停止,停止・設備故障,,9999/05/01 09:00,あり,9999/05/01,発電機作業,2026/02/27 16:24,removed,outages_20260917_132835.csv,outages_20260917_183953.csv,17/09/2026 13:28,17/09/2026 18:39
関西,関西電力株式会社,63C00,喜撰山発電所,水力,２号機,233000,計画停止,停止・設備故障,,9999/04/06 12:00,あり,9999/04/06,発電機作業,2026/02/27 16:22,removed,outages_20260917_132835.csv,outages_20260917_183953.csv,17/09/2026 13:28,17/09/2026 18:39
関西,関西電力株式会社,62A42,堺港発電所,火力（ガス）,２号機,400000,計画停止,停止・送電線等制約,,9999/04/01 07:00,あり,9999/04/25,TSO作業,2026/02/27 13:41,removed,outages_20260917_132835.csv,outages_20260917_183953.csv,17/09/2026 13:28,17/09/2026 18:39
関西,関西電力株式会社,65C00,奥吉野発電所,水力,１号機,201000,計画停止,停止・その他,,9999/05/13 16:00,あり,9999/05/13,試運転,2026/02/26 19:05,removed,outages_20260917_132835.csv,outages_20260917_183953.csv,17/09/2026 13:28,17/09/2026 18:39
関西,関西電力株式会社,65C00,奥吉野発電所,水力,４号機,201000,計画停止,停止・設備故障,,9999/04/14 13:00,あり,9999/04/14,発電機作業,2026/02/26 19:04,removed,outages_20260917_132835.csv,outages_20260917_183953.csv,17/09/2026 13:28,17/09/2026 18:39
関西,関西電力株式会社,65C00,奥吉野発電所,水力,５号機,201000,計画停止,停止・設備故障,,9999/04/14 13:00,あり,9999/04/14,発電機作業,2026/02/26 19:04,removed,outages_20260917_132835.csv,outages_20260917_183953.csv,17/09/2026 13:28,17/09/2026 18:39
関西,関西電力株式会社,65C00,奥吉野発電所,水力,６号機,201000,計画停止,停止・設備故障,,9999/04/14 13:00,あり,9999/04/14,発電機作業,2026/02/26 19:03,removed,outages_20260917_132835.csv,outages_20260917_183953.csv,17/09/2026 13:28,17/09/2026 18:39
関西,関西電力株式会社,65C00,奥吉野発電所,水力,１号機,201000,計画停止,停止・その他,,9999/04/06 09:00,あり,9999/04/07,試運転,2026/02/26 19:03,removed,outages_20260917_132835.csv,outages_20260917_183953.csv,17/09/2026 13:28,17/09/2026 18:39
関西,関西電力株式会社,68E00,奥多々良木発電所,水力,５号機,360000,計画停止,停止・その他,,9999/04/23 14:00,あり,9999/04/23,試運転,2026/02/26 18:20,removed,outages_20260917_132835.csv,outages_20260917_183953.csv,17/09/2026 13:28,17/09/2026 18:39
関西,関西電力株式会社,68E00,奥多々良木発電所,水力,５号機,360000,計画停止,停止・設備故障,,9999/04/23 10:00,あり,9999/04/23,発電機作業,2026/02/26 18:19,removed,outages_20260917_132835.csv,outages_20260917_183953.csv,17/09/2026 13:28,17/09/2026 18:39
関西,関西電力株式会社,68E00,奥多々良木発電所,水力,２号機,303000,計画停止,停止・設備故障,,9999/04/22 11:00,あり,9999/04/22,発電機作業,2026/02/26 18:18,removed,outages_20260917_132835.csv,outages_20260917_183953.csv,17/09/2026 13:28,17/09/2026 18:39
関西,関西電力株式会社,68E00,奥多々良木発電所,水力,１号機,303000,計画停止,停止・設備故障,,9999/04/22 10:00,あり,9999/04/22,発電機作業,2026/02/26 18:17,removed,outages_20260917_132835.csv,outages_20260917_183953.csv,17/09/2026 13:28,17/09/2026 18:39
北陸,関西電力株式会社,60C10,下小鳥発電所,水力,単独,142000,計画停止,停止・設備故障,,9999/05/22 09:00,あり,9999/05/22,発電機作業,2026/02/26 11:26,removed,outages_20260917_132835.csv,outages_20260917_183953.csv,17/09/2026 13:28,17/09/2026 18:39
北陸,関西電力株式会社,60C10,下小鳥発電所,水力,単独,142000,計画停止,停止・その他,,9999/05/29 14:00,あり,9999/05/29,試運転,2026/02/26 11:23,removed,outages_20260917_132835.csv,outages_20260917_183953.csv,17/09/2026 13:28,17/09/2026 18:39
関西,関西電力株式会社,63D03,大河内発電所,水力,２号機,320000,計画停止,停止・設備故障,,9999/03/17 10:00,あり,9999/03/17,発電機作業,2026/02/25 10:21,removed,outages_20260917_132835.csv,outages_20260917_183953.csv,17/09/2026 13:28,17/09/2026 18:39
関西,関西電力株式会社,63D03,大河内発電所,水力,４号機,320000,計画停止,停止・設備故障,,9999/03/20 09:00,あり,9999/03/20,発電機作業,2026/02/25 10:20,removed,outages_20260917_132835.csv,outages_20260917_183953.csv,17/09/2026 13:28,17/09/2026 18:39
関西,関西電力株式会社,63D03,大河内発電所,水力,３号機,320000,計画停止,停止・設備故障,,9999/03/20 09:00,あり,9999/03/20,発電機作業,2026/02/25 10:19,removed,outages_20260917_132835.csv,outages_20260917_183953.csv,17/09/2026 13:28,17/09/2026 18:39
関西,関西電力株式会社,63D03,大河内発電所,水力,２号機,320000,計画停止,停止・設備故障,,9999/03/20 09:00,あり,9999/03/20,発電機作業,2026/02/25 10:19,removed,outages_20260917_132835.csv,outages_20260917_183953.csv,17/09/2026 13:28,17/09/2026 18:39
関西,関西電力株式会社,63D03,大河内発電所,水力,１号機,320000,計画停止,停止・設備故障,,9999/03/20 09:00,あり,9999/03/20,発電機作業,2026/02/25 10:18,removed,outages_20260917_132835.csv,outages_20260917_183953.csv,17/09/2026 13:28,17/09/2026 18:39
関西,関西電力株式会社,63D03,大河内発電所,水力,４号機,320000,計画停止,停止・設備故障,,9999/03/19 09:00,あり,9999/03/19,発電機作業,2026/02/25 10:17,removed,outages_20260917_132835.csv,outages_20260917_183953.csv,17/09/2026 13:28,17/09/2026 18:39
関西,関西電力株式会社,63D03,大河内発電所,水力,３号機,320000,計画停止,停止・設備故障,,9999/03/19 09:00,あり,9999/03/19,発電機作業,2026/02/25 10:17,removed,outages_20260917_132835.csv,outages_20260917_183953.csv,17/09/2026 13:28,17/09/2026 18:39
関西,関西電力株式会社,63D03,大河内発電所,水力,２号機,320000,計画停止,停止・設備故障,,9999/03/19 09:00,あり,9999/03/19,発電機作業,2026/02/25 10:16,removed,outages_20260917_132835.csv,outages_20260917_183953.csv,17/09/2026 13:28,17/09/2026 18:39
関西,関西電力株式会社,63D03,大河内発電所,水力,１号機,320000,計画停止,停止・設備故障,,9999/03/19 09:00,あり,9999/03/19,発電機作業,2026/02/25 10:14,removed,outages_20260917_132835.csv,outages_20260917_183953.csv,17/09/2026 13:28,17/09/2026 18:39
関西,関西電力株式会社,63D03,大河内発電所,水力,４号機,320000,計画停止,停止・設備故障,,9999/03/18 09:00,あり,9999/03/18,発電機作業,2026/02/25 10:13,removed,outages_20260917_132835.csv,outages_20260917_183953.csv,17/09/2026 13:28,17/09/2026 18:39
関西,関西電力株式会社,63D03,大河内発電所,水力,３号機,320000,計画停止,停止・設備故障,,9999/03/18 09:00,あり,9999/03/18,発電機作業,2026/02/25 10:12,removed,outages_20260917_132835.csv,outages_20260917_183953.csv,17/09/2026 13:28,17/09/2026 18:39
関西,関西電力株式会社,63D03,大河内発電所,水力,２号機,320000,計画停止,停止・設備故障,,9999/03/18 09:00,あり,9999/03/18,発電機作業,2026/02/25 10:11,removed,outages_20260917_132835.csv,outages_20260917_183953.csv,17/09/2026 13:28,17/09/2026 18:39
関西,関西電力株式会社,63D03,大河内発電所,水力,１号機,320000,計画停止,停止・設備故障,,9999/03/18 09:00,あり,9999/03/18,発電機作業,2026/02/25 10:10,removed,outages_20260917_132835.csv,outages_20260917_183953.csv,17/09/2026 13:28,17/09/2026 18:39
関西,関西電力株式会社,63D03,大河内発電所,水力,４号機,320000,計画停止,停止・設備故障,,9999/03/17 09:00,あり,9999/03/17,発電機作業,2026/02/25 10:09,removed,outages_20260917_132835.csv,outages_20260917_183953.csv,17/09/2026 13:28,17/09/2026 18:39
関西,関西電力株式会社,63D03,大河内発電所,水力,３号機,320000,計画停止,停止・設備故障,,9999/03/17 09:00,あり,9999/03/17,発電機作業,2026/02/25 10:09,removed,outages_20260917_132835.csv,outages_20260917_183953.csv,17/09/2026 13:28,17/09/2026 18:39
関西,関西電力株式会社,63D03,大河内発電所,水力,２号機,320000,計画停止,停止・設備故障,,9999/03/17 09:00,あり,9999/03/17,発電機作業,2026/02/25 10:08,removed,outages_20260917_132835.csv,outages_20260917_183953.csv,17/09/2026 13:28,17/09/2026 18:39
関西,関西電力株式会社,63D03,大河内発電所,水力,１号機,320000,計画停止,停止・設備故障,,9999/03/17 09:00,あり,9999/03/17,発電機作業,2026/02/25 10:07,removed,outages_20260917_132835.csv,outages_20260917_183953.csv,17/09/2026 13:28,17/09/2026 18:39
関西,関西電力株式会社,63D03,大河内発電所,水力,４号機,320000,計画停止,停止・設備故障,,9999/03/16 09:00,あり,9999/03/16,発電機作業,2026/02/25 10:07,removed,outages_20260917_132835.csv,outages_20260917_183953.csv,17/09/2026 13:28,17/09/2026 18:39
関西,関西電力株式会社,63D03,大河内発電所,水力,３号機,320000,計画停止,停止・設備故障,,9999/03/16 09:00,あり,9999/03/16,発電機作業,2026/02/25 10:06,removed,outages_20260917_132835.csv,outages_20260917_183953.csv,17/09/2026 13:28,17/09/2026 18:39
関西,関西電力株式会社,63D03,大河内発電所,水力,２号機,320000,計画停止,停止・設備故障,,9999/03/16 09:00,あり,9999/03/16,発電機作業,2026/02/25 10:05,removed,outages_20260917_132835.csv,outages_20260917_183953.csv,17/09/2026 13:28,17/09/2026 18:39
関西,関西電力株式会社,63D03,大河内発電所,水力,１号機,320000,計画停止,停止・設備故障,,9999/03/16 09:00,あり,9999/03/16,発電機作業,2026/02/25 10:04,removed,outages_20260917_132835.csv,outages_20260917_183953.csv,17/09/2026 13:28,17/09/2026 18:39
関西,関西電力株式会社,68C46,姫路第二発電所,火力（ガス）,６号機,486500,計画停止,停止・送電線等制約,,9999/03/09 07:00,あり,9999/03/31,TSO作業,2026/02/25 09:29,removed,outages_20260917_132835.csv,outages_20260917_183953.csv,17/09/2026 13:28,17/09/2026 18:39
関西,関西電力株式会社,65C00,奥吉野発電所,水力,６号機,201000,計画停止,停止・設備故障,,9999/03/11 10:00,あり,9999/03/11,発電機作業,2026/02/24 14:32,removed,outages_20260917_132835.csv,outages_20260917_183953.csv,17/09/2026 13:28,17/09/2026 18:39
関西,関西電力株式会社,65C00,奥吉野発電所,水力,５号機,201000,計画停止,停止・設備故障,,9999/03/11 10:00,あり,9999/03/11,発電機作業,2026/02/24 14:31,removed,outages_20260917_132835.csv,outages_20260917_183953.csv,17/09/2026 13:28,17/09/2026 18:39
関西,関西電力株式会社,65C00,奥吉野発電所,水力,４号機,201000,計画停止,停止・設備故障,,9999/03/11 10:00,あり,9999/03/11,発電機作業,2026/02/24 14:30,removed,outages_20260917_132835.csv,outages_20260917_183953.csv,17/09/2026 13:28,17/09/2026 18:39
関西,関西電力株式会社,65C00,奥吉野発電所,水力,６号機,201000,計画停止,停止・設備故障,,9999/03/11 10:00,あり,9999/03/11,発電機作業,2026/02/24 14:30,removed,outages_20260917_132835.csv,outages_20260917_183953.csv,17/09/2026 13:28,17/09/2026 18:39
関西,関西電力株式会社,65C00,奥吉野発電所,水力,５号機,201000,計画停止,停止・設備故障,,9999/03/11 10:00,あり,9999/03/11,発電機作業,2026/02/24 14:29,removed,outages_20260917_132835.csv,outages_20260917_183953.csv,17/09/2026 13:28,17/09/2026 18:39
関西,関西電力株式会社,65C00,奥吉野発電所,水力,４号機,201000,計画停止,停止・設備故障,,9999/03/11 10:00,あり,9999/03/11,発電機作業,2026/02/24 14:28,removed,outages_20260917_132835.csv,outages_20260917_183953.csv,17/09/2026 13:28,17/09/2026 18:39
関西,関西電力株式会社,65C00,奥吉野発電所,水力,６号機,201000,計画停止,停止・設備故障,,9999/03/11 09:00,あり,9999/03/11,発電機作業,2026/02/24 14:28,removed,outages_20260917_132835.csv,outages_20260917_183953.csv,17/09/2026 13:28,17/09/2026 18:39
関西,関西電力株式会社,65C00,奥吉野発電所,水力,５号機,201000,計画停止,停止・設備故障,,9999/03/11 09:00,あり,9999/03/11,発電機作業,2026/02/24 14:27,removed,outages_20260917_132835.csv,outages_20260917_183953.csv,17/09/2026 13:28,17/09/2026 18:39
関西,関西電力株式会社,65C00,奥吉野発電所,水力,４号機,201000,計画停止,停止・設備故障,,9999/03/11 09:00,あり,9999/03/11,発電機作業,2026/02/24 14:26,removed,outages_20260917_132835.csv,outages_20260917_183953.csv,17/09/2026 13:28,17/09/2026 18:39
関西,関西電力株式会社,65C00,奥吉野発電所,水力,３号機,201000,計画停止,停止・設備故障,,9999/03/11 09:00,あり,9999/03/11,発電機作業,2026/02/24 14:25,removed,outages_20260917_132835.csv,outages_20260917_183953.csv,17/09/2026 13:28,17/09/2026 18:39
関西,関西電力株式会社,65C00,奥吉野発電所,水力,２号機,201000,計画停止,停止・設備故障,,9999/03/11 09:00,あり,9999/03/11,発電機作業,2026/02/24 14:25,removed,outages_20260917_132835.csv,outages_20260917_183953.csv,17/09/2026 13:28,17/09/2026 18:39
関西,関西電力株式会社,65C00,奥吉野発電所,水力,１号機,201000,計画停止,停止・設備故障,,9999/03/11 09:00,あり,9999/03/11,発電機作業,2026/02/24 14:24,removed,outages_20260917_132835.csv,outages_20260917_183953.csv,17/09/2026 13:28,17/09/2026 18:39
東京,川崎天然ガス発電,61203,川崎天然ガス発電所,火力（ガス）,川天1号機,413000,計画停止,停止・定期検査等,,9999/10/10 07:00,あり,9999/10/11,定期保全,2026/02/20 16:41,removed,outages_20260917_132835.csv,outages_20260917_183953.csv,17/09/2026 13:28,17/09/2026 18:39
東京,株式会社コベルコパワー真岡,325RY,真岡発電所,火力（ガス）,2号機,624100,計画停止,停止・定期検査等,,9999/10/21 19:30,あり,9999/10/22,削除,2026/02/19 14:58,removed,outages_20260917_132835.csv,outages_20260917_183953.csv,17/09/2026 13:28,17/09/2026 18:39
東京,株式会社コベルコパワー真岡,325RY,真岡発電所,火力（ガス）,1号機,624100,計画停止,停止・定期検査等,,9999/04/25 19:30,あり,9999/04/26,削除,2026/02/19 14:55,removed,outages_20260917_132835.csv,outages_20260917_183953.csv,17/09/2026 13:28,17/09/2026 18:39
東北,酒田共同火力発電株式会社,528522M101,酒田共同火力発電所,火力（石炭）,１号機,350000,出力低下,低下・その他,170000,9999/02/21 00:00,あり,9999/02/23,非効率石炭火力制約（最大低下量210000kW 　　　　　　　　　　最小低下量0kW）,2026/02/19 13:25,removed,outages_20260917_132835.csv,outages_20260917_183953.csv,17/09/2026 13:28,17/09/2026 18:39
中部,中部電力(株),43002,馬瀬川第一発電所,水力,２号機,144000,計画停止,停止・定期検査等,,9999/03/15 12:00,あり,9999/03/15,作業,2026/02/18 16:37,removed,outages_20260917_132835.csv,outages_20260917_183953.csv,17/09/2026 13:28,17/09/2026 18:39
中国,中国電力株式会社,71203,新小野田発電所第２号機,火力（石炭）,２号機,500000,計画停止,停止・定期検査等,,9999/02/21 00:00,あり,9999/03/01,削除,2026/02/17 10:50,removed,outages_20260917_132835.csv,outages_20260917_183953.csv,17/09/2026 13:28,17/09/2026 18:39
北海道,北海道パワーエンジニアリング株式会社,10216,北海道ﾊﾟﾜｰｴﾝｼﾞﾆｱﾘﾝｸﾞ株式会社　苫小牧共同火力発電所3G,火力（石油）,単独,250000,計画停止,停止・その他,,9999/02/15 09:00,あり,9999/02/15,自動バーナ制御装置 B系復旧に伴うユニット停止,2026/02/14 10:00,removed,outages_20260917_132835.csv,outages_20260917_183953.csv,17/09/2026 13:28,17/09/2026 18:39
関西,関西電力株式会社,65C00,奥吉野発電所,水力,４号機,201000,計画停止,停止・設備故障,,9999/02/14 09:00,あり,9999/02/14,発電機作業,2026/02/13 19:59,removed,outages_20260917_132835.csv,outages_20260917_183953.csv,17/09/2026 13:28,17/09/2026 18:39
関西,関西電力株式会社,65C00,奥吉野発電所,水力,５号機,201000,計画停止,停止・設備故障,,9999/02/14 09:00,あり,9999/02/14,発電機作業,2026/02/13 19:59,removed,outages_20260917_132835.csv,outages_20260917_183953.csv,17/09/2026 13:28,17/09/2026 18:39
関西,関西電力株式会社,65C00,奥吉野発電所,水力,６号機,201000,計画停止,停止・設備故障,,9999/02/14 09:00,あり,9999/02/14,発電機作業,2026/02/13 19:57,removed,outages_20260917_132835.csv,outages_20260917_183953.csv,17/09/2026 13:28,17/09/2026 18:39
中部,中部電力(株),42332,徳山発電所,水力,１号機,139000,計画停止,停止・送電線等制約,,9999/03/19 07:00,あり,9999/03/19,作業,2026/02/13 14:58,removed,outages_20260917_132835.csv,outages_20260917_183953.csv,17/09/2026 13:28,17/09/2026 18:39
中部,中部電力(株),42332,徳山発電所,水力,１号機,139000,計画停止,停止・送電線等制約,,9999/03/18 07:00,あり,9999/03/18,作業,2026/02/13 14:58,removed,outages_20260917_132835.csv,outages_20260917_183953.csv,17/09/2026 13:28,17/09/2026 18:39
中部,中部電力(株),42332,徳山発電所,水力,１号機,139000,計画停止,停止・送電線等制約,,9999/03/17 07:00,あり,9999/03/17,作業,2026/02/13 14:57,removed,outages_20260917_132835.csv,outages_20260917_183953.csv,17/09/2026 13:28,17/09/2026 18:39
中部,中部電力(株),42332,徳山発電所,水力,１号機,139000,計画停止,停止・送電線等制約,,9999/03/16 07:00,あり,9999/03/16,作業,2026/02/13 14:56,removed,outages_20260917_132835.csv,outages_20260917_183953.csv,17/09/2026 13:28,17/09/2026 18:39
中部,中部電力(株),42332,徳山発電所,水力,１号機,139000,計画停止,停止・送電線等制約,,9999/03/06 07:00,あり,9999/03/06,作業,2026/02/13 14:53,removed,outages_20260917_132835.csv,outages_20260917_183953.csv,17/09/2026 13:28,17/09/2026 18:39
中部,中部電力(株),42332,徳山発電所,水力,１号機,139000,計画停止,停止・送電線等制約,,9999/03/05 07:00,あり,9999/03/05,作業,2026/02/13 14:53,removed,outages_20260917_132835.csv,outages_20260917_183953.csv,17/09/2026 13:28,17/09/2026 18:39
中部,中部電力(株),42332,徳山発電所,水力,１号機,139000,計画停止,停止・送電線等制約,,9999/03/04 07:00,あり,9999/03/04,作業,2026/02/13 14:52,removed,outages_20260917_132835.csv,outages_20260917_183953.csv,17/09/2026 13:28,17/09/2026 18:39
中部,中部電力(株),42332,徳山発電所,水力,１号機,139000,計画停止,停止・送電線等制約,,9999/03/03 07:00,あり,9999/03/03,作業,2026/02/13 14:51,removed,outages_20260917_132835.csv,outages_20260917_183953.csv,17/09/2026 13:28,17/09/2026 18:39
中部,中部電力(株),42332,徳山発電所,水力,１号機,139000,計画停止,停止・送電線等制約,,9999/03/02 07:00,あり,9999/03/02,作業,2026/02/13 14:50,removed,outages_20260917_132835.csv,outages_20260917_183953.csv,17/09/2026 13:28,17/09/2026 18:39
中国,中国電力株式会社,78301,俣野川発電所,水力,４号機,300000,計画停止,停止・定期検査等,,9999/10/11 09:00,あり,9999/11/30,削除,2026/02/12 14:33,removed,outages_20260917_132835.csv,outages_20260917_183953.csv,17/09/2026 13:28,17/09/2026 18:39
中国,中国電力株式会社,78301,俣野川発電所,水力,４号機,300000,計画停止,停止・定期検査等,,9999/06/15 09:00,あり,9999/06/17,削除,2026/02/12 14:29,removed,outages_20260917_132835.csv,outages_20260917_183953.csv,17/09/2026 13:28,17/09/2026 18:39
中国,中国電力株式会社,78301,俣野川発電所,水力,４号機,300000,計画停止,停止・定期検査等,,9999/03/18 13:00,あり,9999/03/18,削除,2026/02/06 10:42,removed,outages_20260917_132835.csv,outages_20260917_183953.csv,17/09/2026 13:28,17/09/2026 18:39
中部,中部電力(株),43002,馬瀬川第一発電所,水力,１号機,144000,計画停止,停止・定期検査等,,9999/02/16 22:00,あり,9999/02/17,作業,2026/02/05 18:06,removed,outages_20260917_132835.csv,outages_20260917_183953.csv,17/09/2026 13:28,17/09/2026 18:39
中部,中部電力(株),43002,馬瀬川第一発電所,水力,１号機,144000,計画停止,停止・定期検査等,,9999/02/14 09:00,あり,9999/02/14,作業,2026/02/05 18:05,removed,outages_20260917_132835.csv,outages_20260917_183953.csv,17/09/2026 13:28,17/09/2026 18:39
北陸,北陸電力株式会社,52314,北陸電力 富山新港火力発電所,火力（ガス）,2号機,500000,計画停止,停止・燃料制約,,9999/01/31 02:00,あり,9999/02/01,削除,2026/01/30 19:37,removed,outages_20260917_132835.csv,outages_20260917_183953.csv,17/09/2026 13:28,17/09/2026 18:39
関西,関西電力株式会社,65C00,奥吉野発電所,水力,１号機,201000,計画停止,停止・設備故障,,9999/03/13 19:30,あり,9999/03/13,発電機作業,2026/01/27 14:38,removed,outages_20260917_132835.csv,outages_20260917_183953.csv,17/09/2026 13:28,17/09/2026 18:39
関西,関西電力株式会社,65C00,奥吉野発電所,水力,２号機,201000,計画停止,停止・設備故障,,9999/03/13 19:30,あり,9999/03/13,発電機作業,2026/01/27 14:37,removed,outages_20260917_132835.csv,outages_20260917_183953.csv,17/09/2026 13:28,17/09/2026 18:39
関西,関西電力株式会社,65C00,奥吉野発電所,水力,３号機,201000,計画停止,停止・設備故障,,9999/03/13 19:30,あり,9999/03/13,発電機作業,2026/01/27 14:35,removed,outages_20260917_132835.csv,outages_20260917_183953.csv,17/09/2026 13:28,17/09/2026 18:39
関西,関西電力株式会社,65C00,奥吉野発電所,水力,４号機,201000,計画停止,停止・設備故障,,9999/03/13 19:30,あり,9999/03/13,発電機作業,2026/01/27 14:34,removed,outages_20260917_132835.csv,outages_20260917_183953.csv,17/09/2026 13:28,17/09/2026 18:39
関西,関西電力株式会社,65C00,奥吉野発電所,水力,６号機,201000,計画停止,停止・設備故障,,9999/03/13 19:30,あり,9999/03/13,発電機作業,2026/01/27 14:32,removed,outages_20260917_132835.csv,outages_20260917_183953.csv,17/09/2026 13:28,17/09/2026 18:39
関西,関西電力株式会社,63C00,喜撰山発電所,水力,２号機,233000,計画停止,停止・設備故障,,9999/02/05 12:00,あり,9999/02/05,発電機作業,2026/01/20 13:43,removed,outages_20260917_132835.csv,outages_20260917_183953.csv,17/09/2026 13:28,17/09/2026 18:39
北陸,北陸電力株式会社,52315,北陸電力 富山新港火力発電所,火力（石炭）,石炭1号機,250000,計画停止,停止・その他,,9999/03/23 00:00,あり,9999/03/31,削除  GHG排出量制約,2026/01/16 18:52,removed,outages_20260917_132835.csv,outages_20260917_183953.csv,17/09/2026 13:28,17/09/2026 18:39
北陸,北陸電力株式会社,52316,北陸電力 富山新港火力発電所,火力（石炭）,石炭2号機,250000,計画停止,停止・その他,,9999/02/28 00:00,あり,9999/03/31,削除  GHG排出量制約,2026/01/16 18:50,removed,outages_20260917_132835.csv,outages_20260917_183953.csv,17/09/2026 13:28,17/09/2026 18:39
北陸,北陸電力株式会社,52316,北陸電力 富山新港火力発電所,火力（石炭）,石炭2号機,250000,出力低下,低下・その他,146969,9999/01/18 00:00,あり,9999/01/18,削除 GHG排出量抑制 平均低下量：146969kW 最大低下量：150000kW 最低低下量：  79167kW,2026/01/16 18:24,removed,outages_20260917_132835.csv,outages_20260917_183953.csv,17/09/2026 13:28,17/09/2026 18:39
東京,川崎天然ガス発電,61203,川崎天然ガス発電所,火力（ガス）,川天2号機,413000,出力低下,低下・送電線等制約,133000,9999/01/14 09:00,あり,9999/01/15,最大低下量：133000kW 最小低下量：133000kW 平均低下量：133000kW 送電事業者事由による送電線出力抑制,2026/01/13 16:21,removed,outages_20260917_132835.csv,outages_20260917_183953.csv,17/09/2026 13:28,17/09/2026 18:39
北陸,関西電力株式会社,60C10,下小鳥発電所,水力,単独,142000,計画停止,停止・送電線等制約,,9999/11/02 08:30,あり,9999/12/11,TSO作業,2026/01/09 14:41,removed,outages_20260917_132835.csv,outages_20260917_183953.csv,17/09/2026 13:28,17/09/2026 18:39
北陸,北陸電力株式会社,52316,北陸電力 富山新港火力発電所,火力（石炭）,石炭2号機,250000,計画停止,停止・定期検査等,,9999/01/09 20:00,あり,9999/01/12,削除  AH水洗,2026/01/05 17:39,removed,outages_20260917_132835.csv,outages_20260917_183953.csv,17/09/2026 13:28,17/09/2026 18:39
北陸,北陸電力株式会社,52316,北陸電力 富山新港火力発電所,火力（石炭）,石炭2号機,250000,計画停止,停止・その他,,9999/12/27 00:00,あり,9999/12/27,削除  GHG排出量制約,2025/12/25 08:31,removed,outages_20260917_132835.csv,outages_20260917_183953.csv,17/09/2026 13:28,17/09/2026 18:39
関西,関西電力株式会社,63C00,喜撰山発電所,水力,１号機,233000,計画停止,停止・設備故障,,9999/02/05 12:00,あり,9999/12/24,発電機作業,2025/12/24 15:39,removed,outages_20260917_132835.csv,outages_20260917_183953.csv,17/09/2026 13:28,17/09/2026 18:39
関西,関西電力株式会社,63D03,大河内発電所,水力,１号機,320000,計画停止,停止・設備故障,,9999/03/16 10:00,あり,9999/03/16,発電機作業,2025/12/24 14:33,removed,outages_20260917_132835.csv,outages_20260917_183953.csv,17/09/2026 13:28,17/09/2026 18:39
関西,関西電力株式会社,63C00,喜撰山発電所,水力,２号機,233000,計画停止,停止・設備故障,,9999/03/05 12:00,あり,9999/03/05,発電機作業,2025/12/24 14:32,removed,outages_20260917_132835.csv,outages_20260917_183953.csv,17/09/2026 13:28,17/09/2026 18:39
関西,関西電力株式会社,68E00,奥多々良木発電所,水力,４号機,303000,計画停止,停止・送電線等制約,,9999/03/27 09:00,あり,9999/06/06,TSO作業,2025/12/24 14:30,removed,outages_20260917_132835.csv,outages_20260917_183953.csv,17/09/2026 13:28,17/09/2026 18:39
関西,関西電力株式会社,68J45,姫路第一発電所,火力（ガス）,５号機,729000,出力低下,低下・設備故障,274000,9999/03/20 00:00,あり,9999/05/12,発電機作業 最大低下量：274000(kW) 最小低下量：274000(kW),2025/12/24 14:05,removed,outages_20260917_132835.csv,outages_20260917_183953.csv,17/09/2026 13:28,17/09/2026 18:39
関西,関西電力株式会社,68J45,姫路第一発電所,火力（ガス）,５号機,729000,出力低下,低下・設備故障,299000,9999/02/08 00:00,あり,9999/02/08,発電機作業 最大低下量：299000(kW) 最小低下量：299000(kW),2025/12/24 13:52,removed,outages_20260917_132835.csv,outages_20260917_183953.csv,17/09/2026 13:28,17/09/2026 18:39
関西,関西電力株式会社,68J45,姫路第一発電所,火力（ガス）,５号機,729000,出力低下,低下・設備故障,299000,9999/02/07 00:00,あり,9999/02/07,発電機作業 最大低下量：299000(kW) 最小低下量：299000(kW),2025/12/24 13:51,removed,outages_20260917_132835.csv,outages_20260917_183953.csv,17/09/2026 13:28,17/09/2026 18:39
関西,関西電力株式会社,62A42,堺港発電所,火力（ガス）,２号機,400000,出力低下,低下・送電線等制約,134000,9999/03/03 12:00,あり,9999/03/03,TSO作業 最大低下量：134000(kW) 最小低下量：134000(kW),2025/12/24 12:03,removed,outages_20260917_132835.csv,outages_20260917_183953.csv,17/09/2026 13:28,17/09/2026 18:39
関西,関西電力株式会社,62A42,堺港発電所,火力（ガス）,２号機,400000,出力低下,低下・送電線等制約,134000,9999/03/03 08:00,あり,9999/03/03,TSO作業 最大低下量：134000(kW) 最小低下量：134000(kW),2025/12/24 11:58,removed,outages_20260917_132835.csv,outages_20260917_183953.csv,17/09/2026 13:28,17/09/2026 18:39
関西,関西電力株式会社,63D03,大河内発電所,水力,１号機,320000,計画停止,停止・設備故障,,9999/03/08 10:00,あり,9999/03/08,発電機作業,2025/12/24 11:40,removed,outages_20260917_132835.csv,outages_20260917_183953.csv,17/09/2026 13:28,17/09/2026 18:39
関西,関西電力株式会社,63D03,大河内発電所,水力,１号機,320000,計画停止,停止・設備故障,,9999/01/19 10:00,あり,9999/01/19,発電機作業,2025/12/24 11:38,removed,outages_20260917_132835.csv,outages_20260917_183953.csv,17/09/2026 13:28,17/09/2026 18:39
関西,関西電力株式会社,63D03,大河内発電所,水力,４号機,320000,計画停止,停止・設備故障,,9999/10/14 10:00,あり,9999/10/14,発電機作業,2025/12/24 11:31,removed,outages_20260917_132835.csv,outages_20260917_183953.csv,17/09/2026 13:28,17/09/2026 18:39
関西,関西電力株式会社,63D03,大河内発電所,水力,３号機,320000,計画停止,停止・その他,,9999/10/13 14:00,あり,9999/10/13,試運転,2025/12/24 11:30,removed,outages_20260917_132835.csv,outages_20260917_183953.csv,17/09/2026 13:28,17/09/2026 18:39
関西,関西電力株式会社,63D03,大河内発電所,水力,３号機,320000,計画停止,停止・設備故障,,9999/10/13 10:00,あり,9999/10/13,発電機作業,2025/12/24 11:29,removed,outages_20260917_132835.csv,outages_20260917_183953.csv,17/09/2026 13:28,17/09/2026 18:39
関西,関西電力株式会社,63D03,大河内発電所,水力,２号機,320000,計画停止,停止・設備故障,,9999/10/05 10:00,あり,9999/10/05,発電機作業,2025/12/24 11:14,removed,outages_20260917_132835.csv,outages_20260917_183953.csv,17/09/2026 13:28,17/09/2026 18:39
関西,関西電力株式会社,63C00,喜撰山発電所,水力,１号機,233000,計画停止,停止・設備故障,,9999/04/03 10:00,あり,9999/05/11,発電機作業,2025/12/24 10:23,removed,outages_20260917_132835.csv,outages_20260917_183953.csv,17/09/2026 13:28,17/09/2026 18:39
関西,関西電力株式会社,68E00,奥多々良木発電所,水力,５号機,360000,計画停止,停止・その他,,9999/11/26 14:00,あり,9999/11/26,試運転,2025/12/23 20:39,removed,outages_20260917_132835.csv,outages_20260917_183953.csv,17/09/2026 13:28,17/09/2026 18:39
関西,関西電力株式会社,68E00,奥多々良木発電所,水力,５号機,360000,計画停止,停止・設備故障,,9999/11/26 10:00,あり,9999/11/26,発電機作業,2025/12/23 20:39,removed,outages_20260917_132835.csv,outages_20260917_183953.csv,17/09/2026 13:28,17/09/2026 18:39
関西,関西電力株式会社,68E00,奥多々良木発電所,水力,５号機,360000,計画停止,停止・その他,,9999/07/08 09:00,あり,9999/07/08,試運転,2025/12/23 20:31,removed,outages_20260917_132835.csv,outages_20260917_183953.csv,17/09/2026 13:28,17/09/2026 18:39
関西,関西電力株式会社,68E00,奥多々良木発電所,水力,６号機,360000,計画停止,停止・その他,,9999/06/09 09:00,あり,9999/06/09,試運転,2025/12/23 20:25,removed,outages_20260917_132835.csv,outages_20260917_183953.csv,17/09/2026 13:28,17/09/2026 18:39
関西,関西電力株式会社,68E00,奥多々良木発電所,水力,５号機,360000,計画停止,停止・設備故障,,9999/05/11 10:00,あり,9999/05/11,発電機作業,2025/12/23 20:22,removed,outages_20260917_132835.csv,outages_20260917_183953.csv,17/09/2026 13:28,17/09/2026 18:39
関西,関西電力株式会社,65C00,奥吉野発電所,水力,４号機,201000,計画停止,停止・設備故障,,9999/12/18 13:00,あり,9999/12/18,発電機作業,2025/12/23 20:02,removed,outages_20260917_132835.csv,outages_20260917_183953.csv,17/09/2026 13:28,17/09/2026 18:39
関西,関西電力株式会社,65C00,奥吉野発電所,水力,１号機,201000,計画停止,停止・設備故障,,9999/12/10 09:00,あり,9999/12/11,発電機作業,2025/12/23 20:01,removed,outages_20260917_132835.csv,outages_20260917_183953.csv,17/09/2026 13:28,17/09/2026 18:39
関西,関西電力株式会社,65C00,奥吉野発電所,水力,２号機,201000,計画停止,停止・設備故障,,9999/12/10 09:00,あり,9999/12/11,発電機作業,2025/12/23 20:01,removed,outages_20260917_132835.csv,outages_20260917_183953.csv,17/09/2026 13:28,17/09/2026 18:39
関西,関西電力株式会社,65C00,奥吉野発電所,水力,３号機,201000,計画停止,停止・設備故障,,9999/12/10 09:00,あり,9999/12/11,発電機作業,2025/12/23 20:00,removed,outages_20260917_132835.csv,outages_20260917_183953.csv,17/09/2026 13:28,17/09/2026 18:39
関西,関西電力株式会社,65C00,奥吉野発電所,水力,１号機,201000,計画停止,停止・設備故障,,9999/11/30 09:00,あり,9999/12/01,発電機作業,2025/12/23 19:58,removed,outages_20260917_132835.csv,outages_20260917_183953.csv,17/09/2026 13:28,17/09/2026 18:39
関西,関西電力株式会社,65C00,奥吉野発電所,水力,２号機,201000,計画停止,停止・設備故障,,9999/11/30 09:00,あり,9999/12/01,発電機作業,2025/12/23 19:58,removed,outages_20260917_132835.csv,outages_20260917_183953.csv,17/09/2026 13:28,17/09/2026 18:39
関西,関西電力株式会社,65C00,奥吉野発電所,水力,３号機,201000,計画停止,停止・設備故障,,9999/11/30 09:00,あり,9999/12/01,発電機作業,2025/12/23 19:58,removed,outages_20260917_132835.csv,outages_20260917_183953.csv,17/09/2026 13:28,17/09/2026 18:39
関西,関西電力株式会社,65C00,奥吉野発電所,水力,１号機,201000,計画停止,停止・設備故障,,9999/11/30 09:00,あり,9999/12/11,発電機作業,2025/12/23 19:57,removed,outages_20260917_132835.csv,outages_20260917_183953.csv,17/09/2026 13:28,17/09/2026 18:39
関西,関西電力株式会社,65C00,奥吉野発電所,水力,２号機,201000,計画停止,停止・設備故障,,9999/11/30 09:00,あり,9999/12/11,発電機作業,2025/12/23 19:56,removed,outages_20260917_132835.csv,outages_20260917_183953.csv,17/09/2026 13:28,17/09/2026 18:39
関西,関西電力株式会社,65C00,奥吉野発電所,水力,３号機,201000,計画停止,停止・設備故障,,9999/11/30 09:00,あり,9999/12/11,発電機作業,2025/12/23 19:55,removed,outages_20260917_132835.csv,outages_20260917_183953.csv,17/09/2026 13:28,17/09/2026 18:39
関西,関西電力株式会社,65C00,奥吉野発電所,水力,４号機,201000,計画停止,停止・設備故障,,9999/11/18 09:00,あり,9999/11/18,発電機作業,2025/12/23 19:53,removed,outages_20260917_132835.csv,outages_20260917_183953.csv,17/09/2026 13:28,17/09/2026 18:39
関西,関西電力株式会社,65C00,奥吉野発電所,水力,４号機,201000,計画停止,停止・定期検査等,,9999/11/18 09:00,あり,9999/12/19,定期検査,2025/12/23 19:51,removed,outages_20260917_132835.csv,outages_20260917_183953.csv,17/09/2026 13:28,17/09/2026 18:39
関西,関西電力株式会社,65C00,奥吉野発電所,水力,３号機,201000,計画停止,停止・設備故障,,9999/11/02 09:00,あり,9999/11/02,発電機作業,2025/12/23 19:46,removed,outages_20260917_132835.csv,outages_20260917_183953.csv,17/09/2026 13:28,17/09/2026 18:39
関西,関西電力株式会社,65C00,奥吉野発電所,水力,４号機,201000,計画停止,停止・設備故障,,9999/10/07 09:00,あり,9999/10/08,発電機作業,2025/12/23 19:40,removed,outages_20260917_132835.csv,outages_20260917_183953.csv,17/09/2026 13:28,17/09/2026 18:39
関西,関西電力株式会社,65C00,奥吉野発電所,水力,５号機,201000,計画停止,停止・設備故障,,9999/10/07 09:00,あり,9999/10/08,発電機作業,2025/12/23 19:40,removed,outages_20260917_132835.csv,outages_20260917_183953.csv,17/09/2026 13:28,17/09/2026 18:39
関西,関西電力株式会社,65C00,奥吉野発電所,水力,６号機,201000,計画停止,停止・設備故障,,9999/10/07 09:00,あり,9999/10/08,発電機作業,2025/12/23 19:39,removed,outages_20260917_132835.csv,outages_20260917_183953.csv,17/09/2026 13:28,17/09/2026 18:39
関西,関西電力株式会社,63D42,舞鶴発電所,火力（石炭）,２号機,900000,計画停止,停止・設備故障,,9999/03/22 09:00,あり,9999/06/16,発電機作業,2025/12/23 17:12,removed,outages_20260917_132835.csv,outages_20260917_183953.csv,17/09/2026 13:28,17/09/2026 18:39
東北,東北電力株式会社,2F109,東北電力能代火力発電所３号機,火力（石炭）,３号機,600000,計画停止,停止・その他,,9999/01/10 00:00,あり,9999/01/13,作業に伴う停止,2025/12/23 14:56,removed,outages_20260917_132835.csv,outages_20260917_183953.csv,17/09/2026 13:28,17/09/2026 18:39
関西,関西電力株式会社,63C00,喜撰山発電所,水力,２号機,233000,計画停止,停止・設備故障,,9999/01/05 12:00,あり,9999/01/05,発電機作業,2025/12/22 17:00,removed,outages_20260917_132835.csv,outages_20260917_183953.csv,17/09/2026 13:28,17/09/2026 18:39
関西,関西電力株式会社,68J46,姫路第一発電所,火力（ガス）,６号機,713000,出力低下,低下・設備故障,353000,9999/05/14 00:00,あり,9999/05/20,発電機作業 最大低下量：353000(kW) 最小低下量：353000(kW),2025/12/19 19:38,removed,outages_20260917_132835.csv,outages_20260917_183953.csv,17/09/2026 13:28,17/09/2026 18:39
関西,関西電力株式会社,62A45,堺港発電所,火力（ガス）,５号機,400000,出力低下,低下・送電線等制約,100000,9999/06/08 07:00,あり,9999/06/30,TSO作業 最大低下量：100000(kW) 最小低下量：100000(kW),2025/12/19 19:17,removed,outages_20260917_132835.csv,outages_20260917_183953.csv,17/09/2026 13:28,17/09/2026 18:39
北陸,北陸電力株式会社,52313,北陸電力 富山新港火力発電所,火力（石油）,1号機,240000,計画停止,停止・その他,,9999/12/20 00:00,あり,9999/12/21,削除 GHG排出量抑制,2025/12/17 18:26,removed,outages_20260917_132835.csv,outages_20260917_183953.csv,17/09/2026 13:28,17/09/2026 18:39
北陸,北陸電力株式会社,51503,北陸電力 敦賀火力発電所,火力（石炭）,2号機,700000,計画停止,停止・定期検査等,,9999/01/16 22:00,あり,9999/01/19,削除  AH水洗,2025/12/12 19:11,removed,outages_20260917_132835.csv,outages_20260917_183953.csv,17/09/2026 13:28,17/09/2026 18:39
関西,関西電力株式会社,68C45,姫路第二発電所,火力（ガス）,５号機,486500,出力低下,低下・その他,233000,9999/12/15 10:00,あり,9999/12/19,試運転 最大低下量：486000(kW) 最小低下量：    8000(kW),2025/12/10 14:29,removed,outages_20260917_132835.csv,outages_20260917_183953.csv,17/09/2026 13:28,17/09/2026 18:39
東北,東北電力株式会社,2V402,東北電力東新潟火力発電所３号系列,火力（ガス）,３−２号機ＳＴ,203000,出力低下,低下・その他,85000,9999/12/12 06:00,あり,9999/12/15,最大低下量　163000kW 最小低下量　　 8000kW GT作業に伴う低下,2025/12/08 16:55,removed,outages_20260917_132835.csv,outages_20260917_183953.csv,17/09/2026 13:28,17/09/2026 18:39
東北,東北電力株式会社,2V402,東北電力東新潟火力発電所３号系列,火力（ガス）,３−６号機GTB,137000,計画停止,停止・その他,,9999/12/13 05:30,あり,9999/12/14,作業に伴う停止,2025/12/08 16:53,removed,outages_20260917_132835.csv,outages_20260917_183953.csv,17/09/2026 13:28,17/09/2026 18:39
東北,東北電力株式会社,2V402,東北電力東新潟火力発電所３号系列,火力（ガス）,３−６号機GTB,137000,計画停止,停止・その他,,9999/12/14 05:30,あり,9999/12/14,作業に伴う停止,2025/12/08 16:52,removed,outages_20260917_132835.csv,outages_20260917_183953.csv,17/09/2026 13:28,17/09/2026 18:39
東北,東北電力株式会社,2V402,東北電力東新潟火力発電所３号系列,火力（ガス）,３−５号機ＧＴＢ,137000,計画停止,停止・その他,,9999/12/13 04:30,あり,9999/12/13,作業に伴う停止,2025/12/08 16:50,removed,outages_20260917_132835.csv,outages_20260917_183953.csv,17/09/2026 13:28,17/09/2026 18:39
東北,東北電力株式会社,2V402,東北電力東新潟火力発電所３号系列,火力（ガス）,３−５号機ＧＴＢ,137000,計画停止,停止・その他,,9999/12/12 05:30,あり,9999/12/12,作業に伴う停止,2025/12/08 16:50,removed,outages_20260917_132835.csv,outages_20260917_183953.csv,17/09/2026 13:28,17/09/2026 18:39
中国,中国電力株式会社,78301,俣野川発電所,水力,２号機,300000,計画停止,停止・定期検査等,,9999/12/12 07:30,あり,9999/12/12,削除,2025/12/05 14:19,removed,outages_20260917_132835.csv,outages_20260917_183953.csv,17/09/2026 13:28,17/09/2026 18:39
中国,中国電力株式会社,78301,俣野川発電所,水力,１号機,300000,計画停止,停止・定期検査等,,9999/12/12 07:30,あり,9999/12/12,削除,2025/12/05 14:17,removed,outages_20260917_132835.csv,outages_20260917_183953.csv,17/09/2026 13:28,17/09/2026 18:39
中部,関西電力株式会社,69A00,木曽発電所,水力,単独,116000,計画停止,停止・設備故障,,9999/12/05 09:00,あり,9999/12/05,発電機作業,2025/12/04 15:43,removed,outages_20260917_132835.csv,outages_20260917_183953.csv,17/09/2026 13:28,17/09/2026 18:39
関西,関西電力株式会社,63C00,喜撰山発電所,水力,２号機,233000,計画停止,停止・設備故障,,9999/12/06 08:00,あり,9999/12/06,発電機作業,2025/12/03 14:46,removed,outages_20260917_132835.csv,outages_20260917_183953.csv,17/09/2026 13:28,17/09/2026 18:39
関西,関西電力株式会社,63C00,喜撰山発電所,水力,１号機,233000,計画停止,停止・設備故障,,9999/12/06 08:00,あり,9999/12/06,発電機作業,2025/12/03 14:45,removed,outages_20260917_132835.csv,outages_20260917_183953.csv,17/09/2026 13:28,17/09/2026 18:39
関西,関西電力株式会社,63D03,大河内発電所,水力,４号機,320000,計画停止,停止・設備故障,,9999/12/11 10:00,あり,9999/12/11,発電機作業,2025/12/01 11:50,removed,outages_20260917_132835.csv,outages_20260917_183953.csv,17/09/2026 13:28,17/09/2026 18:39
関西,関西電力株式会社,63D03,大河内発電所,水力,３号機,320000,計画停止,停止・設備故障,,9999/12/10 10:00,あり,9999/12/10,発電機作業,2025/12/01 11:49,removed,outages_20260917_132835.csv,outages_20260917_183953.csv,17/09/2026 13:28,17/09/2026 18:39
関西,関西電力株式会社,63D41,舞鶴発電所,火力（石炭）,１号機,900000,出力低下,低下・設備故障,450000,9999/11/30 03:00,あり,9999/11/30,発電機作業 最大低下量：900000kW 最小低下量：0kW,2025/11/30 02:22,removed,outages_20260917_132835.csv,outages_20260917_183953.csv,17/09/2026 13:28,17/09/2026 18:39
関西,関西電力株式会社,62A41,堺港発電所,火力（ガス）,１号機,400000,出力低下,低下・送電線等制約,122000,9999/12/07 15:00,あり,9999/12/07,TSO作業 最大低下量：122000(kW) 最小低下量：122000(kW),2025/11/27 10:25,removed,outages_20260917_132835.csv,outages_20260917_183953.csv,17/09/2026 13:28,17/09/2026 18:39
東北,東北電力株式会社,29538,東北電力上越火力発電所１号機,火力（ガス）,１号機,599000,計画停止,停止・その他,,9999/11/26 22:00,あり,9999/11/27,中止（作業に伴う停止）,2025/11/26 17:05,removed,outages_20260917_132835.csv,outages_20260917_183953.csv,17/09/2026 13:28,17/09/2026 18:39
北陸,北陸電力株式会社,52314,北陸電力 富山新港火力発電所,火力（ガス）,2号機,500000,出力低下,低下・送電線等制約,219900,9999/11/26 00:00,あり,9999/11/26,削除  系統制約 最大低下量：374000kW 最小低下量：0kW 平均低下量：219900kW,2025/11/25 06:46,removed,outages_20260917_132835.csv,outages_20260917_183953.csv,17/09/2026 13:28,17/09/2026 18:39
中部,関西電力株式会社,69A00,木曽発電所,水力,単独,116000,計画停止,停止・設備故障,,9999/11/21 09:00,あり,9999/11/21,発電機作業,2025/11/20 21:45,removed,outages_20260917_132835.csv,outages_20260917_183953.csv,17/09/2026 13:28,17/09/2026 18:39
関西,関西電力株式会社,65C00,奥吉野発電所,水力,６号機,201000,計画停止,停止・設備故障,,9999/11/28 10:00,あり,9999/11/28,発電機作業,2025/11/19 19:36,removed,outages_20260917_132835.csv,outages_20260917_183953.csv,17/09/2026 13:28,17/09/2026 18:39
関西,関西電力株式会社,65C00,奥吉野発電所,水力,５号機,201000,計画停止,停止・設備故障,,9999/11/28 10:00,あり,9999/11/28,発電機作業,2025/11/19 19:35,removed,outages_20260917_132835.csv,outages_20260917_183953.csv,17/09/2026 13:28,17/09/2026 18:39
関西,関西電力株式会社,65C00,奥吉野発電所,水力,４号機,201000,計画停止,停止・設備故障,,9999/11/28 10:00,あり,9999/11/28,発電機作業,2025/11/19 19:34,removed,outages_20260917_132835.csv,outages_20260917_183953.csv,17/09/2026 13:28,17/09/2026 18:39
関西,関西電力株式会社,63C00,喜撰山発電所,水力,２号機,233000,計画停止,停止・設備故障,,9999/11/28 10:00,あり,9999/11/28,発電機作業,2025/11/19 19:27,removed,outages_20260917_132835.csv,outages_20260917_183953.csv,17/09/2026 13:28,17/09/2026 18:39
関西,関西電力株式会社,63C00,喜撰山発電所,水力,２号機,233000,計画停止,停止・設備故障,,9999/12/01 10:00,あり,9999/12/01,発電機作業,2025/11/18 19:37,removed,outages_20260917_132835.csv,outages_20260917_183953.csv,17/09/2026 13:28,17/09/2026 18:39
関西,関西電力株式会社,63C00,喜撰山発電所,水力,１号機,233000,計画停止,停止・設備故障,,9999/12/01 10:00,あり,9999/12/01,発電機作業,2025/11/18 19:35,removed,outages_20260917_132835.csv,outages_20260917_183953.csv,17/09/2026 13:28,17/09/2026 18:39
中部,中部電力(株),43002,馬瀬川第一発電所,水力,２号機,144000,計画停止,停止・定期検査等,,9999/12/13 10:00,あり,9999/12/13,作業,2025/11/17 13:55,removed,outages_20260917_132835.csv,outages_20260917_183953.csv,17/09/2026 13:28,17/09/2026 18:39
中部,中部電力(株),43002,馬瀬川第一発電所,水力,２号機,144000,計画停止,停止・定期検査等,,9999/12/01 10:00,あり,9999/12/01,作業,2025/11/17 13:54,removed,outages_20260917_132835.csv,outages_20260917_183953.csv,17/09/2026 13:28,17/09/2026 18:39
中部,中部電力(株),42332,徳山発電所,水力,１号機,139000,出力低下,低下・その他,139000,9999/11/22 00:00,あり,9999/11/28,運用制約 最大低下量：139000kW 最低低下量：0kW 平均低下量：139000kW,2025/11/14 18:08,removed,outages_20260917_132835.csv,outages_20260917_183953.csv,17/09/2026 13:28,17/09/2026 18:39
北陸,北陸電力株式会社,51502,北陸電力 敦賀火力発電所,火力（石炭）,1号機,500000,出力低下,低下・送電線等制約,180200,9999/11/14 00:00,あり,9999/11/14,削除  系統制約 平均低下量：180200kW 最大低下量：225000kW 最小低下量：150000kW,2025/11/13 17:03,removed,outages_20260917_132835.csv,outages_20260917_183953.csv,17/09/2026 13:28,17/09/2026 18:39
関西,関西電力株式会社,63C00,喜撰山発電所,水力,２号機,233000,計画停止,停止・設備故障,,9999/11/28 10:00,あり,9999/11/28,発電機作業,2025/11/12 13:37,removed,outages_20260917_132835.csv,outages_20260917_183953.csv,17/09/2026 13:28,17/09/2026 18:39
関西,関西電力株式会社,63C00,喜撰山発電所,水力,１号機,233000,計画停止,停止・設備故障,,9999/11/28 10:00,あり,9999/11/28,発電機作業,2025/11/12 13:36,removed,outages_20260917_132835.csv,outages_20260917_183953.csv,17/09/2026 13:28,17/09/2026 18:39
中国,中国電力株式会社,78301,俣野川発電所,水力,４号機,300000,計画停止,停止・定期検査等,,9999/12/11 13:00,あり,9999/12/11,削除,2025/11/11 18:08,removed,outages_20260917_132835.csv,outages_20260917_183953.csv,17/09/2026 13:28,17/09/2026 18:39
中国,中国電力株式会社,78301,俣野川発電所,水力,３号機,300000,計画停止,停止・定期検査等,,9999/12/11 09:00,あり,9999/12/11,削除,2025/11/11 18:07,removed,outages_20260917_132835.csv,outages_20260917_183953.csv,17/09/2026 13:28,17/09/2026 18:39
関西,関西電力株式会社,63C00,喜撰山発電所,水力,２号機,233000,計画停止,停止・設備故障,,9999/11/12 10:00,あり,9999/11/12,発電機作業,2025/11/10 10:22,removed,outages_20260917_132835.csv,outages_20260917_183953.csv,17/09/2026 13:28,17/09/2026 18:39
関西,関西電力株式会社,63C00,喜撰山発電所,水力,１号機,233000,計画停止,停止・設備故障,,9999/11/12 10:00,あり,9999/11/12,発電機作業,2025/11/10 10:21,removed,outages_20260917_132835.csv,outages_20260917_183953.csv,17/09/2026 13:28,17/09/2026 18:39
関西,関西電力株式会社,63C00,喜撰山発電所,水力,２号機,233000,計画停止,停止・設備故障,,9999/11/11 10:00,あり,9999/11/11,発電機作業,2025/11/10 10:20,removed,outages_20260917_132835.csv,outages_20260917_183953.csv,17/09/2026 13:28,17/09/2026 18:39
関西,関西電力株式会社,63C00,喜撰山発電所,水力,１号機,233000,計画停止,停止・設備故障,,9999/11/11 10:00,あり,9999/11/11,発電機作業,2025/11/10 10:19,removed,outages_20260917_132835.csv,outages_20260917_183953.csv,17/09/2026 13:28,17/09/2026 18:39
関西,関西電力株式会社,68E00,奥多々良木発電所,水力,４号機,303000,計画停止,停止・設備故障,,9999/12/09 08:00,あり,9999/12/09,発電機作業,2025/11/05 11:44,removed,outages_20260917_132835.csv,outages_20260917_183953.csv,17/09/2026 13:28,17/09/2026 18:39
中部,関西電力株式会社,69A00,木曽発電所,水力,単独,116000,計画停止,停止・設備故障,,9999/11/05 09:00,あり,9999/11/05,発電機作業,2025/11/04 16:26,removed,outages_20260917_132835.csv,outages_20260917_183953.csv,17/09/2026 13:28,17/09/2026 18:39
関西,関西電力株式会社,63D03,大河内発電所,水力,１号機,320000,計画停止,停止・設備故障,,9999/11/11 10:00,あり,9999/11/11,発電機作業,2025/11/04 09:53,removed,outages_20260917_132835.csv,outages_20260917_183953.csv,17/09/2026 13:28,17/09/2026 18:39
関西,関西電力株式会社,62A41,堺港発電所,火力（ガス）,１号機,400000,出力低下,低下・その他,100000,9999/11/22 11:00,あり,9999/11/22,試運転 最大低下量：400000(kW) 最小低下量：16000(kW),2025/10/29 14:02,removed,outages_20260917_132835.csv,outages_20260917_183953.csv,17/09/2026 13:28,17/09/2026 18:39
関西,関西電力株式会社,63C00,喜撰山発電所,水力,２号機,233000,計画停止,停止・設備故障,,9999/11/04 10:00,あり,9999/12/19,発電機作業,2025/10/29 13:03,removed,outages_20260917_132835.csv,outages_20260917_183953.csv,17/09/2026 13:28,17/09/2026 18:39
関西,関西電力株式会社,63C00,喜撰山発電所,水力,２号機,233000,計画停止,停止・設備故障,,9999/12/01 15:00,あり,9999/12/01,発電機作業,2025/10/28 16:10,removed,outages_20260917_132835.csv,outages_20260917_183953.csv,17/09/2026 13:28,17/09/2026 18:39
関西,関西電力株式会社,63C00,喜撰山発電所,水力,２号機,233000,計画停止,停止・設備故障,,9999/12/01 13:00,あり,9999/12/01,発電機作業,2025/10/28 16:08,removed,outages_20260917_132835.csv,outages_20260917_183953.csv,17/09/2026 13:28,17/09/2026 18:39
関西,関西電力株式会社,63C00,喜撰山発電所,水力,１号機,233000,計画停止,停止・設備故障,,9999/12/01 15:00,あり,9999/12/01,発電機作業,2025/10/28 16:07,removed,outages_20260917_132835.csv,outages_20260917_183953.csv,17/09/2026 13:28,17/09/2026 18:39
関西,関西電力株式会社,63C00,喜撰山発電所,水力,１号機,233000,計画停止,停止・設備故障,,9999/12/01 13:00,あり,9999/12/01,発電機作業,2025/10/28 16:05,removed,outages_20260917_132835.csv,outages_20260917_183953.csv,17/09/2026 13:28,17/09/2026 18:39
関西,関西電力株式会社,63C00,喜撰山発電所,水力,１号機,233000,計画停止,停止・設備故障,,9999/12/03 15:00,あり,9999/12/03,発電機作業,2025/10/28 15:57,removed,outages_20260917_132835.csv,outages_20260917_183953.csv,17/09/2026 13:28,17/09/2026 18:39
関西,関西電力株式会社,63C00,喜撰山発電所,水力,１号機,233000,計画停止,停止・設備故障,,9999/12/03 10:00,あり,9999/12/03,発電機作業,2025/10/28 15:55,removed,outages_20260917_132835.csv,outages_20260917_183953.csv,17/09/2026 13:28,17/09/2026 18:39
関西,関西電力株式会社,63C00,喜撰山発電所,水力,２号機,233000,計画停止,停止・設備故障,,9999/12/03 15:00,あり,9999/12/03,発電機作業,2025/10/28 15:50,removed,outages_20260917_132835.csv,outages_20260917_183953.csv,17/09/2026 13:28,17/09/2026 18:39
関西,関西電力株式会社,63C00,喜撰山発電所,水力,２号機,233000,計画停止,停止・設備故障,,9999/12/03 13:00,あり,9999/12/03,発電機作業,2025/10/28 15:46,removed,outages_20260917_132835.csv,outages_20260917_183953.csv,17/09/2026 13:28,17/09/2026 18:39
関西,関西電力株式会社,63C00,喜撰山発電所,水力,２号機,233000,計画停止,停止・設備故障,,9999/12/03 10:00,あり,9999/12/03,発電機作業,2025/10/28 15:44,removed,outages_20260917_132835.csv,outages_20260917_183953.csv,17/09/2026 13:28,17/09/2026 18:39
関西,関西電力株式会社,63C00,喜撰山発電所,水力,２号機,233000,計画停止,停止・設備故障,,9999/12/11 13:00,あり,9999/12/11,発電機作業,2025/10/28 15:30,removed,outages_20260917_132835.csv,outages_20260917_183953.csv,17/09/2026 13:28,17/09/2026 18:39
関西,関西電力株式会社,68C43,姫路第二発電所,火力（ガス）,３号機,486500,出力低下,低下・その他,238600,9999/11/28 10:00,あり,9999/12/01,試運転 最大低下量：486500(kW) 最小低下量：    9300(kW),2025/10/28 10:48,removed,outages_20260917_132835.csv,outages_20260917_183953.csv,17/09/2026 13:28,17/09/2026 18:39
関西,関西電力株式会社,68C43,姫路第二発電所,火力（ガス）,３号機,486500,出力低下,低下・その他,238600,9999/11/28 10:00,あり,9999/12/01,試運転 最大低下量：486500(kW) 最小低下量：    9300(kW),2025/10/28 10:47,removed,outages_20260917_132835.csv,outages_20260917_183953.csv,17/09/2026 13:28,17/09/2026 18:39
関西,関西電力株式会社,68E00,奥多々良木発電所,水力,６号機,360000,計画停止,停止・設備故障,,9999/11/17 10:00,あり,9999/11/17,発電機作業,2025/10/27 17:18,removed,outages_20260917_132835.csv,outages_20260917_183953.csv,17/09/2026 13:28,17/09/2026 18:39
関西,関西電力株式会社,68E00,奥多々良木発電所,水力,５号機,360000,計画停止,停止・設備故障,,9999/11/04 13:00,あり,9999/11/04,発電機作業,2025/10/27 17:17,removed,outages_20260917_132835.csv,outages_20260917_183953.csv,17/09/2026 13:28,17/09/2026 18:39
関西,関西電力株式会社,63C00,喜撰山発電所,水力,１号機,233000,計画停止,停止・設備故障,,9999/12/04 13:00,あり,9999/12/04,発電機作業,2025/10/22 16:52,removed,outages_20260917_132835.csv,outages_20260917_183953.csv,17/09/2026 13:28,17/09/2026 18:39
関西,関西電力株式会社,63C00,喜撰山発電所,水力,２号機,233000,計画停止,停止・設備故障,,9999/12/04 13:00,あり,9999/12/04,発電機作業,2025/10/22 16:51,removed,outages_20260917_132835.csv,outages_20260917_183953.csv,17/09/2026 13:28,17/09/2026 18:39
関西,関西電力株式会社,63C00,喜撰山発電所,水力,１号機,233000,計画停止,停止・設備故障,,9999/12/02 13:00,あり,9999/12/02,発電機作業,2025/10/22 16:48,removed,outages_20260917_132835.csv,outages_20260917_183953.csv,17/09/2026 13:28,17/09/2026 18:39
関西,関西電力株式会社,63C00,喜撰山発電所,水力,２号機,233000,計画停止,停止・設備故障,,9999/12/02 13:00,あり,9999/12/02,発電機作業,2025/10/22 16:44,removed,outages_20260917_132835.csv,outages_20260917_183953.csv,17/09/2026 13:28,17/09/2026 18:39
関西,関西電力株式会社,63D03,大河内発電所,水力,１号機,320000,計画停止,停止・設備故障,,9999/12/02 10:00,あり,9999/12/05,発電機作業,2025/10/22 15:45,removed,outages_20260917_132835.csv,outages_20260917_183953.csv,17/09/2026 13:28,17/09/2026 18:39
関西,関西電力株式会社,63D03,大河内発電所,水力,１号機,320000,計画停止,停止・設備故障,,9999/12/02 10:00,あり,9999/12/05,発電機作業,2025/10/22 15:43,removed,outages_20260917_132835.csv,outages_20260917_183953.csv,17/09/2026 13:28,17/09/2026 18:39
中部,中部電力(株),41003,奥美濃発電所,水力,６号機,250000,計画停止,停止・定期検査等,,9999/11/03 10:00,あり,9999/11/03,作業,2025/10/17 09:43,removed,outages_20260917_132835.csv,outages_20260917_183953.csv,17/09/2026 13:28,17/09/2026 18:39
中部,中部電力(株),41003,奥美濃発電所,水力,５号機,250000,計画停止,停止・定期検査等,,9999/11/03 10:00,あり,9999/11/03,作業,2025/10/17 09:43,removed,outages_20260917_132835.csv,outages_20260917_183953.csv,17/09/2026 13:28,17/09/2026 18:39
中部,中部電力(株),41002,奥美濃発電所,水力,４号機,250000,計画停止,停止・定期検査等,,9999/11/03 10:00,あり,9999/11/03,作業,2025/10/17 09:42,removed,outages_20260917_132835.csv,outages_20260917_183953.csv,17/09/2026 13:28,17/09/2026 18:39
中部,中部電力(株),41002,奥美濃発電所,水力,３号機,250000,計画停止,停止・定期検査等,,9999/11/03 10:00,あり,9999/11/03,作業,2025/10/17 09:41,removed,outages_20260917_132835.csv,outages_20260917_183953.csv,17/09/2026 13:28,17/09/2026 18:39
中部,中部電力(株),41002,奥美濃発電所,水力,２号機,250000,計画停止,停止・定期検査等,,9999/11/03 10:00,あり,9999/11/03,作業,2025/10/17 09:40,removed,outages_20260917_132835.csv,outages_20260917_183953.csv,17/09/2026 13:28,17/09/2026 18:39
中部,中部電力(株),41002,奥美濃発電所,水力,１号機,250000,計画停止,停止・定期検査等,,9999/11/03 10:00,あり,9999/11/03,作業,2025/10/17 09:39,removed,outages_20260917_132835.csv,outages_20260917_183953.csv,17/09/2026 13:28,17/09/2026 18:39
中国,中国電力株式会社,78301,俣野川発電所,水力,４号機,300000,計画停止,停止・定期検査等,,9999/11/14 08:30,あり,9999/11/14,削除,2025/10/14 11:25,removed,outages_20260917_132835.csv,outages_20260917_183953.csv,17/09/2026 13:28,17/09/2026 18:39
中国,中国電力株式会社,72408,柳井発電所第１号系列上位,火力（ガス）,１−６号,131000,計画停止,停止・定期検査等,,9999/11/17 00:00,あり,9999/11/24,削除,2025/10/03 10:22,removed,outages_20260917_132835.csv,outages_20260917_183953.csv,17/09/2026 13:28,17/09/2026 18:39
中国,中国電力株式会社,72408,柳井発電所第１号系列上位,火力（ガス）,１−４号,131000,計画停止,停止・定期検査等,,9999/11/17 00:00,あり,9999/11/24,削除,2025/10/03 10:16,removed,outages_20260917_132835.csv,outages_20260917_183953.csv,17/09/2026 13:28,17/09/2026 18:39
北陸,北陸電力株式会社,52361,北陸電力 富山新港火力発電所,火力（ガス）,LNG1号機,424700,出力低下,低下・燃料制約,312240,9999/10/02 22:00,あり,9999/10/03,削除 LNG計画消費 平均低下量：312240kW 最大低下量：318000kW 最低低下量：261000kW,2025/10/02 19:07,removed,outages_20260917_132835.csv,outages_20260917_183953.csv,17/09/2026 13:28,17/09/2026 18:39
関西,関西電力株式会社,63C00,喜撰山発電所,水力,１号機,233000,計画停止,停止・設備故障,,9999/11/14 10:00,あり,9999/12/19,発電機作業,2025/10/02 18:50,removed,outages_20260917_132835.csv,outages_20260917_183953.csv,17/09/2026 13:28,17/09/2026 18:39
関西,関西電力株式会社,63C00,喜撰山発電所,水力,２号機,233000,計画停止,停止・設備故障,,9999/11/14 10:00,あり,9999/12/19,発電機作業,2025/10/02 18:49,removed,outages_20260917_132835.csv,outages_20260917_183953.csv,17/09/2026 13:28,17/09/2026 18:39
関西,関西電力株式会社,68E00,奥多々良木発電所,水力,２号機,303000,計画停止,停止・その他,,9999/10/21 14:00,あり,9999/10/21,試運転,2025/09/29 13:55,removed,outages_20260917_132835.csv,outages_20260917_183953.csv,17/09/2026 13:28,17/09/2026 18:39
関西,関西電力株式会社,68E00,奥多々良木発電所,水力,１号機,303000,計画停止,停止・その他,,9999/10/20 17:00,あり,9999/10/20,試運転,2025/09/29 13:54,removed,outages_20260917_132835.csv,outages_20260917_183953.csv,17/09/2026 13:28,17/09/2026 18:39
関西,関西電力株式会社,68E00,奥多々良木発電所,水力,４号機,303000,計画停止,停止・設備故障,,9999/10/13 09:00,あり,9999/10/16,発電機作業,2025/09/26 17:37,removed,outages_20260917_132835.csv,outages_20260917_183953.csv,17/09/2026 13:28,17/09/2026 18:39
関西,関西電力株式会社,68E00,奥多々良木発電所,水力,４号機,303000,計画停止,停止・設備故障,,9999/10/15 08:00,あり,9999/10/15,発電機作業,2025/09/26 17:34,removed,outages_20260917_132835.csv,outages_20260917_183953.csv,17/09/2026 13:28,17/09/2026 18:39
北陸,北陸電力株式会社,52316,北陸電力 富山新港火力発電所,火力（石炭）,石炭2号機,250000,出力低下,低下・その他,148430,9999/09/27 03:00,あり,9999/09/28,削除 GHG排出制約 平均低下量：148430kW 最大低下量：150000kW 最低低下量：  79167kW,2025/09/26 16:48,removed,outages_20260917_132835.csv,outages_20260917_183953.csv,17/09/2026 13:28,17/09/2026 18:39
中国,中国電力株式会社,72408,柳井発電所第１号系列上位,火力（ガス）,１−４号,131000,計画停止,停止・送電線等制約,,9999/10/01 00:00,あり,9999/10/01,削除,2025/09/26 10:44,removed,outages_20260917_132835.csv,outages_20260917_183953.csv,17/09/2026 13:28,17/09/2026 18:39
東北,酒田共同火力発電株式会社,528522M101,酒田共同火力発電所,火力（石炭）,２号機,350000,出力低下,低下・その他,190000,9999/09/26 21:00,あり,9999/10/31,非効率石炭火力制約 （最大低下量230000kW、最小低下量0kW）,2025/09/25 19:05,removed,outages_20260917_132835.csv,outages_20260917_183953.csv,17/09/2026 13:28,17/09/2026 18:39
北陸,関西電力株式会社,60A06,音沢発電所,水力,単独,124000,計画停止,停止・設備故障,,9999/11/04 09:00,あり,9999/11/05,発電機作業,2025/09/25 13:09,removed,outages_20260917_132835.csv,outages_20260917_183953.csv,17/09/2026 13:28,17/09/2026 18:39
関西,関西電力株式会社,63C00,喜撰山発電所,水力,１号機,233000,計画停止,停止・設備故障,,9999/10/14 12:00,あり,9999/10/14,発電機作業,2025/09/25 11:56,removed,outages_20260917_132835.csv,outages_20260917_183953.csv,17/09/2026 13:28,17/09/2026 18:39
関西,関西電力株式会社,63C00,喜撰山発電所,水力,２号機,233000,計画停止,停止・設備故障,,9999/10/06 12:00,あり,9999/10/06,発電機作業,2025/09/25 11:55,removed,outages_20260917_132835.csv,outages_20260917_183953.csv,17/09/2026 13:28,17/09/2026 18:39
関西,関西電力株式会社,68E00,奥多々良木発電所,水力,２号機,303000,計画停止,停止・その他,,9999/11/14 17:00,あり,9999/11/14,試運転,2025/09/24 17:39,removed,outages_20260917_132835.csv,outages_20260917_183953.csv,17/09/2026 13:28,17/09/2026 18:39
関西,関西電力株式会社,68J45,姫路第一発電所,火力（ガス）,５号機,729000,出力低下,低下・設備故障,439000,9999/10/12 04:00,あり,9999/10/12,発電機作業 最大低下量：439000(kW) 最小低下量：439000(kW),2025/09/24 17:08,removed,outages_20260917_132835.csv,outages_20260917_183953.csv,17/09/2026 13:28,17/09/2026 18:39
関西,関西電力株式会社,68J45,姫路第一発電所,火力（ガス）,５号機,729000,出力低下,低下・設備故障,439000,9999/10/11 04:00,あり,9999/10/11,発電機作業 最大低下量：439000(kW) 最小低下量：439000(kW),2025/09/24 17:07,removed,outages_20260917_132835.csv,outages_20260917_183953.csv,17/09/2026 13:28,17/09/2026 18:39
関西,関西電力株式会社,63D03,大河内発電所,水力,１号機,320000,計画停止,停止・設備故障,,9999/11/11 10:00,あり,9999/11/11,発電機作業,2025/09/24 15:02,removed,outages_20260917_132835.csv,outages_20260917_183953.csv,17/09/2026 13:28,17/09/2026 18:39
関西,関西電力株式会社,63D03,大河内発電所,水力,２号機,320000,計画停止,停止・設備故障,,9999/11/11 10:00,あり,9999/11/11,発電機作業,2025/09/24 14:59,removed,outages_20260917_132835.csv,outages_20260917_183953.csv,17/09/2026 13:28,17/09/2026 18:39
関西,関西電力株式会社,63D03,大河内発電所,水力,３号機,320000,計画停止,停止・設備故障,,9999/11/11 10:00,あり,9999/11/11,発電機作業,2025/09/24 14:56,removed,outages_20260917_132835.csv,outages_20260917_183953.csv,17/09/2026 13:28,17/09/2026 18:39
関西,関西電力株式会社,63D03,大河内発電所,水力,４号機,320000,計画停止,停止・設備故障,,9999/11/11 10:00,あり,9999/11/11,発電機作業,2025/09/24 14:54,removed,outages_20260917_132835.csv,outages_20260917_183953.csv,17/09/2026 13:28,17/09/2026 18:39
関西,関西電力株式会社,63D03,大河内発電所,水力,１号機,320000,計画停止,停止・その他,,9999/12/12 17:00,あり,9999/12/12,試運転,2025/09/24 14:51,removed,outages_20260917_132835.csv,outages_20260917_183953.csv,17/09/2026 13:28,17/09/2026 18:39
中部,中部電力(株),41002,奥美濃発電所,水力,４号機,250000,計画停止,停止・定期検査等,,9999/10/05 10:00,あり,9999/10/05,作業,2025/09/17 18:31,removed,outages_20260917_132835.csv,outages_20260917_183953.csv,17/09/2026 13:28,17/09/2026 18:39
中部,中部電力(株),41002,奥美濃発電所,水力,３号機,250000,計画停止,停止・定期検査等,,9999/10/05 09:00,あり,9999/10/05,作業,2025/09/17 18:30,removed,outages_20260917_132835.csv,outages_20260917_183953.csv,17/09/2026 13:28,17/09/2026 18:39
中部,中部電力(株),41002,奥美濃発電所,水力,３号機,250000,計画停止,停止・定期検査等,,9999/10/04 09:00,あり,9999/10/04,作業,2025/09/17 18:29,removed,outages_20260917_132835.csv,outages_20260917_183953.csv,17/09/2026 13:28,17/09/2026 18:39
東北,東北電力株式会社,2F104,東北電力能代火力発電所１号機,火力（石炭）,１号機,600000,計画停止,停止・その他,,9999/09/22 00:00,あり,9999/10/05,作業による停止,2025/09/16 20:44,removed,outages_20260917_132835.csv,outages_20260917_183953.csv,17/09/2026 13:28,17/09/2026 18:39
関西,関西電力株式会社,62A45,堺港発電所,火力（ガス）,５号機,400000,出力低下,低下・送電線等制約,148000,9999/09/24 07:00,あり,9999/09/27,TSO作業 最大低下量：148000(kW) 最小低下量：148000(kW),2025/09/16 15:24,removed,outages_20260917_132835.csv,outages_20260917_183953.csv,17/09/2026 13:28,17/09/2026 18:39
中国,中国電力株式会社,72408,柳井発電所第１号系列上位,火力（ガス）,１−６号,131000,出力低下,低下・その他,1,9999/09/11 12:00,あり,9999/09/11,削除,2025/09/09 18:02,removed,outages_20260917_132835.csv,outages_20260917_183953.csv,17/09/2026 13:28,17/09/2026 18:39
関西,関西電力株式会社,68C45,姫路第二発電所,火力（ガス）,５号機,486500,出力低下,低下・設備故障,316000,9999/09/17 09:00,あり,9999/09/17,発電機作業 最大低下量：316000(kW) 最小低下量：316000(kW),2025/09/09 17:36,removed,outages_20260917_132835.csv,outages_20260917_183953.csv,17/09/2026 13:28,17/09/2026 18:39
関西,関西電力株式会社,63C00,喜撰山発電所,水力,２号機,233000,計画停止,停止・設備故障,,9999/09/05 16:00,あり,9999/09/05,発電機作業,2025/09/04 12:12,removed,outages_20260917_132835.csv,outages_20260917_183953.csv,17/09/2026 13:28,17/09/2026 18:39
関西,関西電力株式会社,63C00,喜撰山発電所,水力,１号機,233000,計画停止,停止・設備故障,,9999/09/05 15:00,あり,9999/09/05,発電機作業,2025/09/04 12:11,removed,outages_20260917_132835.csv,outages_20260917_183953.csv,17/09/2026 13:28,17/09/2026 18:39
北陸,北陸電力株式会社,52316,北陸電力 富山新港火力発電所,火力（石炭）,石炭2号機,250000,計画停止,停止・定期検査等,,9999/09/12 20:00,あり,9999/09/15,削除 AH水洗,2025/09/02 13:57,removed,outages_20260917_132835.csv,outages_20260917_183953.csv,17/09/2026 13:28,17/09/2026 18:39
関西,関西電力株式会社,68E00,奥多々良木発電所,水力,１号機,303000,計画停止,停止・その他,,9999/10/24 17:00,あり,9999/10/24,試運転,2025/08/29 10:42,removed,outages_20260917_132835.csv,outages_20260917_183953.csv,17/09/2026 13:28,17/09/2026 18:39
関西,関西電力株式会社,63D03,大河内発電所,水力,１号機,320000,計画停止,停止・その他,,9999/11/11 15:00,あり,9999/11/11,試運転,2025/08/28 17:35,removed,outages_20260917_132835.csv,outages_20260917_183953.csv,17/09/2026 13:28,17/09/2026 18:39
関西,関西電力株式会社,65C00,奥吉野発電所,水力,６号機,201000,計画停止,停止・設備故障,,9999/11/21 09:00,あり,9999/11/21,発電機作業,2025/08/27 14:22,removed,outages_20260917_132835.csv,outages_20260917_183953.csv,17/09/2026 13:28,17/09/2026 18:39
関西,関西電力株式会社,65C00,奥吉野発電所,水力,５号機,201000,計画停止,停止・設備故障,,9999/11/21 09:00,あり,9999/11/21,発電機作業,2025/08/27 14:21,removed,outages_20260917_132835.csv,outages_20260917_183953.csv,17/09/2026 13:28,17/09/2026 18:39
関西,関西電力株式会社,65C00,奥吉野発電所,水力,４号機,201000,計画停止,停止・設備故障,,9999/11/21 09:00,あり,9999/11/21,発電機作業,2025/08/27 14:19,removed,outages_20260917_132835.csv,outages_20260917_183953.csv,17/09/2026 13:28,17/09/2026 18:39
関西,関西電力株式会社,65C00,奥吉野発電所,水力,６号機,201000,計画停止,停止・設備故障,,9999/11/21 10:00,あり,9999/11/21,発電機作業,2025/08/27 14:17,removed,outages_20260917_132835.csv,outages_20260917_183953.csv,17/09/2026 13:28,17/09/2026 18:39
関西,関西電力株式会社,65C00,奥吉野発電所,水力,５号機,201000,計画停止,停止・設備故障,,9999/11/21 10:00,あり,9999/11/21,発電機作業,2025/08/27 14:16,removed,outages_20260917_132835.csv,outages_20260917_183953.csv,17/09/2026 13:28,17/09/2026 18:39
関西,関西電力株式会社,65C00,奥吉野発電所,水力,４号機,201000,計画停止,停止・設備故障,,9999/11/21 10:00,あり,9999/11/21,発電機作業,2025/08/27 14:14,removed,outages_20260917_132835.csv,outages_20260917_183953.csv,17/09/2026 13:28,17/09/2026 18:39
関西,関西電力株式会社,65C00,奥吉野発電所,水力,３号機,201000,計画停止,停止・設備故障,,9999/10/03 15:00,あり,9999/10/03,発電機作業,2025/08/27 14:07,removed,outages_20260917_132835.csv,outages_20260917_183953.csv,17/09/2026 13:28,17/09/2026 18:39
関西,関西電力株式会社,68C45,姫路第二発電所,火力（ガス）,５号機,486500,出力低下,低下・その他,44000,9999/08/28 09:00,あり,9999/08/28,試運転 最大低下量：61500(kW) 最小低下量：61500(kW),2025/08/26 21:19,removed,outages_20260917_132835.csv,outages_20260917_183953.csv,17/09/2026 13:28,17/09/2026 18:39
関西,関西電力株式会社,65C00,奥吉野発電所,水力,６号機,201000,計画停止,停止・設備故障,,9999/11/21 09:00,あり,9999/11/25,発電機作業,2025/08/26 16:16,removed,outages_20260917_132835.csv,outages_20260917_183953.csv,17/09/2026 13:28,17/09/2026 18:39
関西,関西電力株式会社,65C00,奥吉野発電所,水力,１号機,201000,計画停止,停止・設備故障,,9999/11/21 09:00,あり,9999/11/26,発電機作業,2025/08/26 16:14,removed,outages_20260917_132835.csv,outages_20260917_183953.csv,17/09/2026 13:28,17/09/2026 18:39
関西,関西電力株式会社,68C45,姫路第二発電所,火力（ガス）,５号機,486500,出力低下,低下・その他,233000,9999/11/01 11:00,あり,9999/11/04,試運転 最大低下量：465000(kW) 最小低下量：0(kW),2025/08/26 14:40,removed,outages_20260917_132835.csv,outages_20260917_183953.csv,17/09/2026 13:28,17/09/2026 18:39
関西,関西電力株式会社,62A45,堺港発電所,火力（ガス）,５号機,400000,出力低下,低下・送電線等制約,131000,9999/11/22 00:00,あり,9999/12/07,TSO作業 最大低下量：131000(kW) 最小低下量：131000(kW),2025/08/26 14:01,removed,outages_20260917_132835.csv,outages_20260917_183953.csv,17/09/2026 13:28,17/09/2026 18:39
中部,関西電力株式会社,69A00,木曽発電所,水力,単独,116000,計画停止,停止・送電線等制約,,9999/10/07 09:30,あり,9999/10/09,TSO作業,2025/08/26 13:38,removed,outages_20260917_132835.csv,outages_20260917_183953.csv,17/09/2026 13:28,17/09/2026 18:39
関西,関西電力株式会社,63C00,喜撰山発電所,水力,１号機,233000,計画停止,停止・設備故障,,9999/09/12 12:00,あり,9999/09/12,発電機作業,2025/08/26 10:06,removed,outages_20260917_132835.csv,outages_20260917_183953.csv,17/09/2026 13:28,17/09/2026 18:39
中部,中部電力(株),42332,徳山発電所,水力,１号機,139000,計画停止,停止・送電線等制約,,9999/09/20 07:00,あり,9999/09/20,作業,2025/08/26 09:51,removed,outages_20260917_132835.csv,outages_20260917_183953.csv,17/09/2026 13:28,17/09/2026 18:39
北陸,北陸電力株式会社,52316,北陸電力 富山新港火力発電所,火力（石炭）,石炭2号機,250000,出力低下,低下・その他,148611,9999/08/23 00:00,あり,9999/08/24,削除  GHG排出量抑制 平均低下量：148611kW 最大低下量：150000kW 最低低下量：  79167kW,2025/08/22 16:36,removed,outages_20260917_132835.csv,outages_20260917_183953.csv,17/09/2026 13:28,17/09/2026 18:39
関西,関西電力株式会社,63C00,喜撰山発電所,水力,２号機,233000,計画停止,停止・設備故障,,9999/09/05 12:00,あり,9999/09/05,発電機作業,2025/08/21 19:42,removed,outages_20260917_132835.csv,outages_20260917_183953.csv,17/09/2026 13:28,17/09/2026 18:39
関西,関西電力株式会社,68C45,姫路第二発電所,火力（ガス）,５号機,486500,出力低下,低下・設備故障,18000,9999/08/21 23:20,あり,9999/08/22,発電機作業 最大低下量：63000kW 最小低下量：0kW,2025/08/19 17:59,removed,outages_20260917_132835.csv,outages_20260917_183953.csv,17/09/2026 13:28,17/09/2026 18:39
中部,中部電力(株),43002,馬瀬川第一発電所,水力,１号機,144000,計画停止,停止・定期検査等,,9999/08/19 08:00,あり,9999/08/19,作業,2025/08/18 18:31,removed,outages_20260917_132835.csv,outages_20260917_183953.csv,17/09/2026 13:28,17/09/2026 18:39
中部,中部電力(株),43002,馬瀬川第一発電所,水力,１号機,144000,計画停止,停止・定期検査等,,9999/09/06 09:00,あり,9999/09/06,作業,2025/08/18 16:50,removed,outages_20260917_132835.csv,outages_20260917_183953.csv,17/09/2026 13:28,17/09/2026 18:39
関西,関西電力株式会社,68C45,姫路第二発電所,火力（ガス）,５号機,486500,出力低下,低下・設備故障,316000,9999/08/19 09:00,あり,9999/08/19,発電機作業 最大低下量：316000(kW) 最小低下量：316000(kW),2025/08/17 16:26,removed,outages_20260917_132835.csv,outages_20260917_183953.csv,17/09/2026 13:28,17/09/2026 18:39
関西,関西電力株式会社,68C45,姫路第二発電所,火力（ガス）,５号機,486500,出力低下,低下・その他,220000,9999/08/19 09:00,あり,9999/08/19,発電機作業 最大低下量：272000(kW) 最小低下量：167000(kW),2025/08/17 16:24,removed,outages_20260917_132835.csv,outages_20260917_183953.csv,17/09/2026 13:28,17/09/2026 18:39
関西,関西電力株式会社,68E00,奥多々良木発電所,水力,４号機,303000,計画停止,停止・設備故障,,9999/08/20 13:00,あり,9999/08/20,発電機作業,2025/08/13 13:33,removed,outages_20260917_132835.csv,outages_20260917_183953.csv,17/09/2026 13:28,17/09/2026 18:39
関西,関西電力株式会社,68E00,奥多々良木発電所,水力,２号機,303000,計画停止,停止・その他,,9999/08/14 19:30,あり,9999/08/14,試運転,2025/08/12 22:24,removed,outages_20260917_132835.csv,outages_20260917_183953.csv,17/09/2026 13:28,17/09/2026 18:39
中部,中部電力(株),43002,馬瀬川第一発電所,水力,１号機,144000,計画停止,停止・定期検査等,,9999/08/31 09:00,あり,9999/08/31,作業,2025/08/12 17:32,removed,outages_20260917_132835.csv,outages_20260917_183953.csv,17/09/2026 13:28,17/09/2026 18:39
関西,関西電力株式会社,68C45,姫路第二発電所,火力（ガス）,５号機,486500,出力低下,低下・設備故障,170000,9999/08/29 09:00,あり,9999/08/29,発電機作業 最大低下量：170000(kW) 最小低下量：170000(kW),2025/08/12 14:04,removed,outages_20260917_132835.csv,outages_20260917_183953.csv,17/09/2026 13:28,17/09/2026 18:39
関西,関西電力株式会社,68J46,姫路第一発電所,火力（ガス）,６号機,713000,出力低下,低下・設備故障,517000,9999/08/16 20:00,あり,9999/08/17,発電機作業 最大低下量：517000kW 最小低下量：517000kW,2025/08/10 23:54,removed,outages_20260917_132835.csv,outages_20260917_183953.csv,17/09/2026 13:28,17/09/2026 18:39
関西,関西電力株式会社,68J46,姫路第一発電所,火力（ガス）,６号機,713000,出力低下,低下・設備故障,286000,9999/08/11 00:00,なし,,発電機作業 最大低下量：286000kW 最小低下量：286000kW,2025/08/09 22:57,removed,outages_20260917_132835.csv,outages_20260917_183953.csv,17/09/2026 13:28,17/09/2026 18:39
北陸,北陸電力株式会社,52361,北陸電力 富山新港火力発電所,火力（ガス）,LNG1号機,424700,出力低下,低下・燃料制約,304000,9999/08/09 00:00,あり,9999/08/17,削除 LNG計画消費 平均低下量：304000kW 最大低下量：304000kW 最低低下量：304000kW,2025/08/08 14:09,removed,outages_20260917_132835.csv,outages_20260917_183953.csv,17/09/2026 13:28,17/09/2026 18:39
北陸,北陸電力株式会社,52361,北陸電力 富山新港火力発電所,火力（ガス）,LNG1号機,424700,出力低下,低下・燃料制約,150917,9999/08/18 00:00,あり,9999/08/31,削除 LNG計画消費 平均低下量：150917KW 最大低下量：318000kW 最低低下量：  44000kW,2025/08/08 11:43,removed,outages_20260917_132835.csv,outages_20260917_183953.csv,17/09/2026 13:28,17/09/2026 18:39
中国,中国電力株式会社,78301,俣野川発電所,水力,４号機,300000,計画停止,停止・定期検査等,,9999/09/11 13:00,あり,9999/09/11,削除,2025/08/07 10:32,removed,outages_20260917_132835.csv,outages_20260917_183953.csv,17/09/2026 13:28,17/09/2026 18:39
東北,東北電力株式会社,2T407,第二沼沢発電所,水力,２号機,230000,出力低下,低下・その他,230000,9999/12/31 00:00,あり,9999/12/31,最大低下量：230000kW 最小低下量：0kW 地域対応による水位制限のため,2025/08/07 09:34,removed,outages_20260917_132835.csv,outages_20260917_183953.csv,17/09/2026 13:28,17/09/2026 18:39
北陸,北陸電力株式会社,52316,北陸電力 富山新港火力発電所,火力（石炭）,石炭2号機,250000,出力低下,低下・燃料制約,150917,9999/08/18 00:00,あり,9999/08/31,削除 LNG計画消費 平均低下量：150917kW 最大低下量：318000kW 最低低下量：  44000kW,2025/08/06 17:04,removed,outages_20260917_132835.csv,outages_20260917_183953.csv,17/09/2026 13:28,17/09/2026 18:39
関西,関西電力株式会社,68C45,姫路第二発電所,火力（ガス）,５号機,486500,計画停止,停止・設備故障,,9999/08/06 10:30,あり,9999/08/06,発電機作業,2025/08/05 18:41,removed,outages_20260917_132835.csv,outages_20260917_183953.csv,17/09/2026 13:28,17/09/2026 18:39
北陸,北陸電力株式会社,52361,北陸電力 富山新港火力発電所,火力（ガス）,LNG1号機,424700,出力低下,低下・燃料制約,126171,9999/08/05 00:00,あり,9999/08/05,削除 LNG計画消費 平均低下量：126171kW 最大低下量：246400kW 最小低下量：44700kW,2025/08/04 16:39,removed,outages_20260917_132835.csv,outages_20260917_183953.csv,17/09/2026 13:28,17/09/2026 18:39
関西,関西電力株式会社,68C45,姫路第二発電所,火力（ガス）,５号機,486500,出力低下,低下・設備故障,282000,9999/08/05 09:00,あり,9999/08/05,発電機作業 最大低下量：316000(kW) 最小低下量：272000(kW),2025/08/03 16:59,removed,outages_20260917_132835.csv,outages_20260917_183953.csv,17/09/2026 13:28,17/09/2026 18:39
関西,関西電力株式会社,67C43,御坊発電所,火力（石油）,３号機,600000,計画停止,停止・設備故障,,9999/10/18 00:00,あり,9999/11/02,発電機作業,2025/07/29 17:35,removed,outages_20260917_132835.csv,outages_20260917_183953.csv,17/09/2026 13:28,17/09/2026 18:39
関西,関西電力株式会社,68C45,姫路第二発電所,火力（ガス）,５号機,486500,出力低下,低下・設備故障,62000,9999/08/12 23:20,あり,9999/08/13,発電機作業 最大低下量：62000(kW) 最小低下量：62000(kW),2025/07/29 16:53,removed,outages_20260917_132835.csv,outages_20260917_183953.csv,17/09/2026 13:28,17/09/2026 18:39
関西,関西電力株式会社,68C45,姫路第二発電所,火力（ガス）,５号機,486500,出力低下,低下・設備故障,100000,9999/09/08 09:00,あり,9999/09/08,発電機作業 最大低下量：100000(kW) 最小低下量：49000(kW),2025/07/29 14:24,removed,outages_20260917_132835.csv,outages_20260917_183953.csv,17/09/2026 13:28,17/09/2026 18:39
関西,関西電力株式会社,68C45,姫路第二発電所,火力（ガス）,５号機,486500,出力低下,低下・設備故障,100000,9999/09/02 09:00,あり,9999/09/02,発電機作業 最大低下量：100000(kW) 最小低下量：49000(kW),2025/07/29 14:23,removed,outages_20260917_132835.csv,outages_20260917_183953.csv,17/09/2026 13:28,17/09/2026 18:39
関西,関西電力株式会社,63C00,喜撰山発電所,水力,１号機,233000,計画停止,停止・設備故障,,9999/05/27 09:00,あり,9999/05/27,発電機作業,2025/07/29 11:15,removed,outages_20260917_132835.csv,outages_20260917_183953.csv,17/09/2026 13:28,17/09/2026 18:39
関西,関西電力株式会社,63C00,喜撰山発電所,水力,１号機,233000,計画停止,停止・設備故障,,9999/05/27 09:00,あり,9999/05/27,発電機作業,2025/07/29 11:13,removed,outages_20260917_132835.csv,outages_20260917_183953.csv,17/09/2026 13:28,17/09/2026 18:39
北陸,北陸電力株式会社,52316,北陸電力 富山新港火力発電所,火力（石炭）,石炭2号機,250000,計画停止,停止・定期検査等,,9999/08/08 20:00,あり,9999/08/11,削除,2025/07/28 15:48,removed,outages_20260917_132835.csv,outages_20260917_183953.csv,17/09/2026 13:28,17/09/2026 18:39
関西,関西電力株式会社,68C45,姫路第二発電所,火力（ガス）,５号機,486500,出力低下,低下・設備故障,62000,9999/08/04 23:20,あり,9999/08/05,発電機作業 最大低下量：62000(kW) 最小低下量：62000(kW),2025/07/28 15:27,removed,outages_20260917_132835.csv,outages_20260917_183953.csv,17/09/2026 13:28,17/09/2026 18:39
関西,関西電力株式会社,68C45,姫路第二発電所,火力（ガス）,５号機,486500,出力低下,低下・設備故障,100000,9999/09/22 09:00,あり,9999/09/22,発電機作業 最大低下量：100000(kW) 最小低下量：49000(kW),2025/07/28 15:19,removed,outages_20260917_132835.csv,outages_20260917_183953.csv,17/09/2026 13:28,17/09/2026 18:39
関西,関西電力株式会社,62A41,堺港発電所,火力（ガス）,１号機,400000,出力低下,停止・送電線等制約,131000,9999/10/03 07:00,あり,9999/11/21,TSO作業 最大低下量：131000(kW) 最小低下量：131000(kW),2025/07/28 15:10,removed,outages_20260917_132835.csv,outages_20260917_183953.csv,17/09/2026 13:28,17/09/2026 18:39
関西,関西電力株式会社,68E00,奥多々良木発電所,水力,４号機,303000,計画停止,停止・設備故障,,9999/10/15 08:00,あり,9999/10/15,発電機作業,2025/07/28 14:52,removed,outages_20260917_132835.csv,outages_20260917_183953.csv,17/09/2026 13:28,17/09/2026 18:39
関西,関西電力株式会社,68E00,奥多々良木発電所,水力,１号機,303000,計画停止,停止・定期検査等,,9999/10/01 09:00,あり,9999/10/30,定期検査等,2025/07/28 14:50,removed,outages_20260917_132835.csv,outages_20260917_183953.csv,17/09/2026 13:28,17/09/2026 18:39
関西,関西電力株式会社,65C00,奥吉野発電所,水力,６号機,201000,計画停止,停止・設備故障,,9999/10/02 09:00,あり,9999/10/02,発電機作業,2025/07/28 14:46,removed,outages_20260917_132835.csv,outages_20260917_183953.csv,17/09/2026 13:28,17/09/2026 18:39
関西,関西電力株式会社,65C00,奥吉野発電所,水力,５号機,201000,計画停止,停止・設備故障,,9999/10/02 09:00,あり,9999/10/02,発電機作業,2025/07/28 14:43,removed,outages_20260917_132835.csv,outages_20260917_183953.csv,17/09/2026 13:28,17/09/2026 18:39
関西,関西電力株式会社,65C00,奥吉野発電所,水力,４号機,201000,計画停止,停止・設備故障,,9999/10/02 09:00,あり,9999/10/02,発電機作業,2025/07/28 14:41,removed,outages_20260917_132835.csv,outages_20260917_183953.csv,17/09/2026 13:28,17/09/2026 18:39
関西,関西電力株式会社,65C00,奥吉野発電所,水力,４号機,201000,計画停止,停止・設備故障,,9999/10/02 09:00,あり,9999/10/02,発電機作業,2025/07/28 14:37,removed,outages_20260917_132835.csv,outages_20260917_183953.csv,17/09/2026 13:28,17/09/2026 18:39
関西,関西電力株式会社,68J45,姫路第一発電所,火力（ガス）,５号機,729000,出力低下,低下・設備故障,286000,9999/08/11 00:00,あり,9999/08/16,発電機作業 最大低下量：286000kW 最小低下量：286000kW,2025/07/28 14:36,removed,outages_20260917_132835.csv,outages_20260917_183953.csv,17/09/2026 13:28,17/09/2026 18:39
関西,関西電力株式会社,68J45,姫路第一発電所,火力（ガス）,５号機,729000,出力低下,低下・設備故障,286000,9999/08/12 00:00,あり,9999/08/17,発電機作業 最大低下量：286000kW 最小低下量：286000kW,2025/07/28 14:36,removed,outages_20260917_132835.csv,outages_20260917_183953.csv,17/09/2026 13:28,17/09/2026 18:39
関西,関西電力株式会社,65C00,奥吉野発電所,水力,５号機,201000,計画停止,停止・設備故障,,9999/10/02 09:00,あり,9999/10/02,発電機作業,2025/07/28 14:33,removed,outages_20260917_132835.csv,outages_20260917_183953.csv,17/09/2026 13:28,17/09/2026 18:39
関西,関西電力株式会社,65C00,奥吉野発電所,水力,６号機,201000,計画停止,停止・設備故障,,9999/10/02 09:00,あり,9999/10/02,発電機作業,2025/07/28 14:25,removed,outages_20260917_132835.csv,outages_20260917_183953.csv,17/09/2026 13:28,17/09/2026 18:39
関西,関西電力株式会社,65C00,奥吉野発電所,水力,１号機,201000,計画停止,停止・設備故障,,9999/10/01 09:00,あり,9999/10/01,発電機作業,2025/07/28 14:23,removed,outages_20260917_132835.csv,outages_20260917_183953.csv,17/09/2026 13:28,17/09/2026 18:39
関西,関西電力株式会社,63C00,喜撰山発電所,水力,１号機,233000,計画停止,停止・設備故障,,9999/08/12 12:00,あり,9999/08/12,発電機作業,2025/07/25 18:53,removed,outages_20260917_132835.csv,outages_20260917_183953.csv,17/09/2026 13:28,17/09/2026 18:39
関西,関西電力株式会社,63C00,喜撰山発電所,水力,２号機,233000,計画停止,停止・設備故障,,9999/08/05 12:00,あり,9999/08/05,発電機作業,2025/07/25 18:53,removed,outages_20260917_132835.csv,outages_20260917_183953.csv,17/09/2026 13:28,17/09/2026 18:39
関西,関西電力株式会社,65C00,奥吉野発電所,水力,２号機,201000,計画停止,停止・設備故障,,9999/10/01 09:00,あり,9999/10/01,発電機作業,2025/07/25 16:57,removed,outages_20260917_132835.csv,outages_20260917_183953.csv,17/09/2026 13:28,17/09/2026 18:39
関西,関西電力株式会社,65C00,奥吉野発電所,水力,３号機,201000,計画停止,停止・設備故障,,9999/10/01 09:00,あり,9999/10/01,発電機作業,2025/07/25 16:53,removed,outages_20260917_132835.csv,outages_20260917_183953.csv,17/09/2026 13:28,17/09/2026 18:39
関西,関西電力株式会社,65C00,奥吉野発電所,水力,１号機,201000,計画停止,停止・設備故障,,9999/10/01 09:00,あり,9999/10/01,発電機作業,2025/07/25 16:51,removed,outages_20260917_132835.csv,outages_20260917_183953.csv,17/09/2026 13:28,17/09/2026 18:39
関西,関西電力株式会社,65C00,奥吉野発電所,水力,２号機,201000,計画停止,停止・設備故障,,9999/10/01 09:00,あり,9999/10/01,発電機作業,2025/07/25 16:50,removed,outages_20260917_132835.csv,outages_20260917_183953.csv,17/09/2026 13:28,17/09/2026 18:39
関西,関西電力株式会社,65C00,奥吉野発電所,水力,３号機,201000,計画停止,停止・設備故障,,9999/10/01 09:00,あり,9999/10/01,発電機作業,2025/07/25 16:48,removed,outages_20260917_132835.csv,outages_20260917_183953.csv,17/09/2026 13:28,17/09/2026 18:39
関西,関西電力株式会社,68E00,奥多々良木発電所,水力,１号機,303000,計画停止,停止・その他,,9999/10/30 09:00,あり,9999/11/04,試運転,2025/07/25 14:43,removed,outages_20260917_132835.csv,outages_20260917_183953.csv,17/09/2026 13:28,17/09/2026 18:39
関西,関西電力株式会社,68E00,奥多々良木発電所,水力,１号機,303000,計画停止,停止・設備故障,,9999/10/29 08:00,あり,9999/10/29,発電機作業,2025/07/25 14:39,removed,outages_20260917_132835.csv,outages_20260917_183953.csv,17/09/2026 13:28,17/09/2026 18:39
関西,関西電力株式会社,68E00,奥多々良木発電所,水力,４号機,303000,計画停止,停止・設備故障,,9999/10/17 10:00,あり,9999/10/17,発電機作業,2025/07/25 14:37,removed,outages_20260917_132835.csv,outages_20260917_183953.csv,17/09/2026 13:28,17/09/2026 18:39
関西,関西電力株式会社,68E00,奥多々良木発電所,水力,４号機,303000,計画停止,停止・設備故障,,9999/10/22 10:00,あり,9999/10/22,発電機作業,2025/07/25 14:22,removed,outages_20260917_132835.csv,outages_20260917_183953.csv,17/09/2026 13:28,17/09/2026 18:39
関西,関西電力株式会社,68E00,奥多々良木発電所,水力,４号機,303000,計画停止,停止・設備故障,,9999/10/22 09:00,あり,9999/10/22,発電機作業,2025/07/25 14:21,removed,outages_20260917_132835.csv,outages_20260917_183953.csv,17/09/2026 13:28,17/09/2026 18:39
関西,関西電力株式会社,68E00,奥多々良木発電所,水力,２号機,303000,計画停止,停止・設備故障,,9999/10/29 08:00,あり,9999/10/29,発電機作業,2025/07/25 14:18,removed,outages_20260917_132835.csv,outages_20260917_183953.csv,17/09/2026 13:28,17/09/2026 18:39
関西,関西電力株式会社,68E00,奥多々良木発電所,水力,４号機,303000,計画停止,停止・設備故障,,9999/10/07 09:00,あり,9999/10/23,発電機作業,2025/07/25 14:15,removed,outages_20260917_132835.csv,outages_20260917_183953.csv,17/09/2026 13:28,17/09/2026 18:39
関西,関西電力株式会社,68E00,奥多々良木発電所,水力,４号機,303000,計画停止,停止・設備故障,,9999/10/07 08:30,あり,9999/10/23,発電機作業,2025/07/25 14:13,removed,outages_20260917_132835.csv,outages_20260917_183953.csv,17/09/2026 13:28,17/09/2026 18:39
関西,関西電力株式会社,68E00,奥多々良木発電所,水力,４号機,303000,計画停止,停止・設備故障,,9999/10/06 12:00,あり,9999/10/06,発電機作業,2025/07/25 14:10,removed,outages_20260917_132835.csv,outages_20260917_183953.csv,17/09/2026 13:28,17/09/2026 18:39
関西,関西電力株式会社,68E00,奥多々良木発電所,水力,４号機,303000,計画停止,停止・設備故障,,9999/10/06 09:00,あり,9999/10/06,発電機作業,2025/07/25 14:08,removed,outages_20260917_132835.csv,outages_20260917_183953.csv,17/09/2026 13:28,17/09/2026 18:39
関西,関西電力株式会社,68E00,奥多々良木発電所,水力,２号機,303000,計画停止,停止・設備故障,,9999/10/06 09:00,あり,9999/10/06,発電機作業,2025/07/25 14:05,removed,outages_20260917_132835.csv,outages_20260917_183953.csv,17/09/2026 13:28,17/09/2026 18:39
関西,関西電力株式会社,68E00,奥多々良木発電所,水力,１号機,303000,計画停止,停止・設備故障,,9999/10/06 09:00,あり,9999/10/06,発電機作業,2025/07/25 14:02,removed,outages_20260917_132835.csv,outages_20260917_183953.csv,17/09/2026 13:28,17/09/2026 18:39
関西,関西電力株式会社,68E00,奥多々良木発電所,水力,１号機,303000,計画停止,停止・設備故障,,9999/10/01 08:00,あり,9999/10/01,発電機作業,2025/07/25 13:58,removed,outages_20260917_132835.csv,outages_20260917_183953.csv,17/09/2026 13:28,17/09/2026 18:39
関西,関西電力株式会社,68E00,奥多々良木発電所,水力,２号機,303000,計画停止,停止・設備故障,,9999/10/01 08:00,あり,9999/10/01,発電機作業,2025/07/25 13:56,removed,outages_20260917_132835.csv,outages_20260917_183953.csv,17/09/2026 13:28,17/09/2026 18:39
中部,関西電力株式会社,69A00,木曽発電所,水力,単独,116000,計画停止,停止・設備故障,,9999/10/08 09:30,あり,9999/10/08,発電機作業,2025/07/25 13:49,removed,outages_20260917_132835.csv,outages_20260917_183953.csv,17/09/2026 13:28,17/09/2026 18:39
関西,関西電力株式会社,68J46,姫路第一発電所,火力（ガス）,６号機,713000,出力低下,低下・設備故障,423000,9999/08/16 00:00,あり,9999/08/16,発電機作業 最大低下量：423000(kW) 最小低下量：423000(kW),2025/07/24 18:16,removed,outages_20260917_132835.csv,outages_20260917_183953.csv,17/09/2026 13:28,17/09/2026 18:39
関西,関西電力株式会社,68J46,姫路第一発電所,火力（ガス）,６号機,713000,出力低下,低下・設備故障,514000,9999/08/14 00:00,あり,9999/08/17,最大低下量：514000(kW) 最小低下量：514000(kW),2025/07/24 18:16,removed,outages_20260917_132835.csv,outages_20260917_183953.csv,17/09/2026 13:28,17/09/2026 18:39
関西,関西電力株式会社,63D03,大河内発電所,水力,１号機,320000,計画停止,停止・その他,,9999/10/27 17:00,あり,9999/10/27,試運転(1日目),2025/07/24 17:37,removed,outages_20260917_132835.csv,outages_20260917_183953.csv,17/09/2026 13:28,17/09/2026 18:39
関西,関西電力株式会社,63D03,大河内発電所,水力,１号機,320000,計画停止,停止・その他,,9999/10/28 17:00,あり,9999/10/28,試運転(2日目),2025/07/24 17:37,removed,outages_20260917_132835.csv,outages_20260917_183953.csv,17/09/2026 13:28,17/09/2026 18:39
関西,関西電力株式会社,63D03,大河内発電所,水力,１号機,320000,計画停止,停止・その他,,9999/10/29 17:00,あり,9999/10/29,試運転(3日目),2025/07/24 17:36,removed,outages_20260917_132835.csv,outages_20260917_183953.csv,17/09/2026 13:28,17/09/2026 18:39
関西,関西電力株式会社,63D03,大河内発電所,水力,１号機,320000,計画停止,停止・その他,,9999/10/30 17:00,あり,9999/10/30,試運転(4日目),2025/07/24 17:35,removed,outages_20260917_132835.csv,outages_20260917_183953.csv,17/09/2026 13:28,17/09/2026 18:39
関西,関西電力株式会社,63D03,大河内発電所,水力,１号機,320000,計画停止,停止・その他,,9999/10/31 17:00,あり,9999/10/31,試運転(5日目),2025/07/24 17:34,removed,outages_20260917_132835.csv,outages_20260917_183953.csv,17/09/2026 13:28,17/09/2026 18:39
関西,関西電力株式会社,63D03,大河内発電所,水力,３号機,320000,計画停止,停止・設備故障,,9999/07/24 09:00,あり,9999/07/24,発電機作業,2025/07/23 16:57,removed,outages_20260917_132835.csv,outages_20260917_183953.csv,17/09/2026 13:28,17/09/2026 18:39
関西,関西電力株式会社,63D03,大河内発電所,水力,４号機,320000,計画停止,停止・設備故障,,9999/07/24 09:00,あり,9999/07/24,発電機作業,2025/07/23 16:56,removed,outages_20260917_132835.csv,outages_20260917_183953.csv,17/09/2026 13:28,17/09/2026 18:39
関西,関西電力株式会社,68C45,姫路第二発電所,火力（ガス）,５号機,486500,出力低下,低下・設備故障,300000,9999/08/04 09:00,あり,9999/08/04,発電機作業 最大低下量：316000(kW) 最小低下量：61000(kW),2025/07/22 11:06,removed,outages_20260917_132835.csv,outages_20260917_183953.csv,17/09/2026 13:28,17/09/2026 18:39
関西,関西電力株式会社,68E00,奥多々良木発電所,水力,４号機,303000,計画停止,停止・設備故障,,9999/07/21 15:00,あり,9999/07/21,発電機作業のため,2025/07/18 20:18,removed,outages_20260917_132835.csv,outages_20260917_183953.csv,17/09/2026 13:28,17/09/2026 18:39
東北,東北電力株式会社,2T407,第二沼沢発電所,水力,２号機,230000,出力低下,低下・その他,230000,9999/12/31 00:00,あり,9999/12/31,最大低下量：230000kW 最小低下量：0kW 地域対応による水位制限のため,2025/07/16 17:48,removed,outages_20260917_132835.csv,outages_20260917_183953.csv,17/09/2026 13:28,17/09/2026 18:39
東北,東北電力株式会社,2T407,第二沼沢発電所,水力,２号機,230000,出力低下,低下・その他,230000,9999/12/31 00:00,あり,9999/12/31,最大低下量：230000kW 最小低下量：0kW 地域対応による水位制限のため,2025/07/16 17:47,removed,outages_20260917_132835.csv,outages_20260917_183953.csv,17/09/2026 13:28,17/09/2026 18:39
東北,東北電力株式会社,2T406,第二沼沢発電所,水力,１号機,230000,計画停止,停止・その他,,9999/12/31 00:00,あり,9999/12/31,地域対応,2025/07/16 17:06,removed,outages_20260917_132835.csv,outages_20260917_183953.csv,17/09/2026 13:28,17/09/2026 18:39
北陸,関西電力株式会社,60C10,下小鳥発電所,水力,単独,142000,計画停止,停止・設備故障,,9999/07/31 09:00,あり,9999/07/31,発電機作業,2025/07/15 14:44,removed,outages_20260917_132835.csv,outages_20260917_183953.csv,17/09/2026 13:28,17/09/2026 18:39
関西,関西電力株式会社,62A43,堺港発電所,火力（ガス）,３号機,400000,出力低下,低下・その他,100000,9999/07/29 09:35,あり,9999/07/31,試運転 最大低下量：400000(kW) 最小低下量：0(kW),2025/07/15 11:25,removed,outages_20260917_132835.csv,outages_20260917_183953.csv,17/09/2026 13:28,17/09/2026 18:39
関西,関西電力株式会社,63D42,舞鶴発電所,火力（石炭）,２号機,900000,出力低下,低下・設備故障,451000,9999/07/13 00:00,あり,9999/07/13,発電機作業 最大低下量：495000(kW) 最小低下量：450000(kW),2025/07/11 16:44,removed,outages_20260917_132835.csv,outages_20260917_183953.csv,17/09/2026 13:28,17/09/2026 18:39
関西,関西電力株式会社,63D42,舞鶴発電所,火力（石炭）,２号機,900000,出力低下,低下・設備故障,451000,9999/07/12 00:00,あり,9999/07/12,発電機作業 最大低下量：495000(kW) 最小低下量：450000(kW),2025/07/11 16:43,removed,outages_20260917_132835.csv,outages_20260917_183953.csv,17/09/2026 13:28,17/09/2026 18:39
東北,東北電力株式会社,2V403,東北電力東新潟火力発電所４号系列,火力（ガス）,４−２号機ＧＴＢ,298800,計画停止,停止・その他,,9999/07/09 06:00,あり,9999/07/09,作業による停止,2025/07/08 17:30,removed,outages_20260917_132835.csv,outages_20260917_183953.csv,17/09/2026 13:28,17/09/2026 18:39
東北,東北電力株式会社,2V403,東北電力東新潟火力発電所４号系列,火力（ガス）,４−２号機ＧＴＢ,298800,計画停止,停止・その他,,9999/07/10 06:00,あり,9999/07/10,作業による停止,2025/07/08 17:29,removed,outages_20260917_132835.csv,outages_20260917_183953.csv,17/09/2026 13:28,17/09/2026 18:39
関西,関西電力株式会社,63D03,大河内発電所,水力,３号機,320000,計画停止,停止・設備故障,,9999/07/10 09:00,あり,9999/07/10,発電機作業,2025/07/08 15:37,removed,outages_20260917_132835.csv,outages_20260917_183953.csv,17/09/2026 13:28,17/09/2026 18:39
関西,関西電力株式会社,63D03,大河内発電所,水力,４号機,320000,計画停止,停止・設備故障,,9999/07/10 09:00,あり,9999/07/10,発電機作業,2025/07/08 15:36,removed,outages_20260917_132835.csv,outages_20260917_183953.csv,17/09/2026 13:28,17/09/2026 18:39
東北,酒田共同火力発電株式会社,528522M101,酒田共同火力発電所,火力（石炭）,１号機,350000,出力低下,低下・その他,170000,9999/07/05 00:00,あり,9999/07/15,非効率石炭火力制約 最大低下量　210000kW 最小低下量　　　　 0kW,2025/07/04 22:10,removed,outages_20260917_132835.csv,outages_20260917_183953.csv,17/09/2026 13:28,17/09/2026 18:39
関西,関西電力株式会社,68C45,姫路第二発電所,火力（ガス）,５号機,486500,出力低下,低下・設備故障,112000,9999/07/08 09:00,あり,9999/07/08,発電機作業 最大低下量：243000kW 最小低下量：58000kW,2025/07/04 17:54,removed,outages_20260917_132835.csv,outages_20260917_183953.csv,17/09/2026 13:28,17/09/2026 18:39
関西,関西電力株式会社,68C45,姫路第二発電所,火力（ガス）,５号機,486500,出力低下,低下・設備故障,49000,9999/07/23 09:00,あり,9999/07/23,発電機作業 最大低下量：97000(kW) 最小低下量：0(kW),2025/07/02 09:25,removed,outages_20260917_132835.csv,outages_20260917_183953.csv,17/09/2026 13:28,17/09/2026 18:39
中部,中部電力(株),41002,奥美濃発電所,水力,１号機,250000,計画停止,停止・定期検査等,,9999/06/30 16:50,あり,9999/06/30,作業,2025/06/27 20:03,removed,outages_20260917_132835.csv,outages_20260917_183953.csv,17/09/2026 13:28,17/09/2026 18:39
関西,関西電力株式会社,68C45,姫路第二発電所,火力（ガス）,５号機,486500,出力低下,低下・設備故障,55000,9999/07/02 23:20,あり,9999/07/03,発電機作業 最大低下量：58000kW 最小低下量：45000kW,2025/06/27 15:37,removed,outages_20260917_132835.csv,outages_20260917_183953.csv,17/09/2026 13:28,17/09/2026 18:39
関西,関西電力株式会社,68C45,姫路第二発電所,火力（ガス）,５号機,486500,出力低下,低下・設備故障,40000,9999/06/26 23:20,あり,9999/06/27,発電機作業 最大低下量：47000kW 最小低下量：38000kW,2025/06/25 17:54,removed,outages_20260917_132835.csv,outages_20260917_183953.csv,17/09/2026 13:28,17/09/2026 18:39
関西,関西電力株式会社,68J45,姫路第一発電所,火力（ガス）,５号機,729000,出力低下,低下・設備故障,290000,9999/09/29 00:00,あり,9999/10/05,発電機作業 最大低下量：290000(kW) 最小低下量：290000(kW),2025/06/25 15:17,removed,outages_20260917_132835.csv,outages_20260917_183953.csv,17/09/2026 13:28,17/09/2026 18:39
関西,関西電力株式会社,68J45,姫路第一発電所,火力（ガス）,５号機,729000,出力低下,低下・設備故障,290000,9999/09/22 00:00,あり,9999/09/28,発電機作業 最大低下量：290000(kW) 最小低下量：290000(kW),2025/06/25 15:16,removed,outages_20260917_132835.csv,outages_20260917_183953.csv,17/09/2026 13:28,17/09/2026 18:39
関西,関西電力株式会社,68C45,姫路第二発電所,火力（ガス）,５号機,486500,出力低下,停止・設備故障,364000,9999/07/15 09:00,あり,9999/07/15,発電機作業 最大低下量: 243000(kW) 最小低下量: 58000(kW),2025/06/25 15:12,removed,outages_20260917_132835.csv,outages_20260917_183953.csv,17/09/2026 13:28,17/09/2026 18:39
関西,関西電力株式会社,68C45,姫路第二発電所,火力（ガス）,５号機,486500,出力低下,低下・設備故障,49000,9999/07/18 09:00,あり,9999/07/18,発電機作業 最大低下量：97000(kW) 最小低下量：0(kW),2025/06/25 15:11,removed,outages_20260917_132835.csv,outages_20260917_183953.csv,17/09/2026 13:28,17/09/2026 18:39
中部,中部電力(株),42332,徳山発電所,水力,１号機,139000,計画停止,停止・送電線等制約,,9999/06/25 07:00,あり,9999/06/25,作業,2025/06/24 17:21,removed,outages_20260917_132835.csv,outages_20260917_183953.csv,17/09/2026 13:28,17/09/2026 18:39
関西,関西電力株式会社,68C45,姫路第二発電所,火力（ガス）,５号機,486500,出力低下,低下・設備故障,73000,9999/07/10 09:00,あり,9999/07/10,発電機作業 最大低下量：97000(kW) 最小低下量：48000(kW),2025/06/24 09:18,removed,outages_20260917_132835.csv,outages_20260917_183953.csv,17/09/2026 13:28,17/09/2026 18:39
関西,関西電力株式会社,68C45,姫路第二発電所,火力（ガス）,５号機,486500,出力低下,低下・設備故障,100000,9999/07/08 09:00,あり,9999/07/08,発電機作業 最大低下量: 100000(kW) 最小低下量: 58000(kW),2025/06/24 09:17,removed,outages_20260917_132835.csv,outages_20260917_183953.csv,17/09/2026 13:28,17/09/2026 18:39
関西,関西電力株式会社,63C00,喜撰山発電所,水力,２号機,233000,計画停止,停止・設備故障,,9999/07/04 12:00,あり,9999/07/04,発電機作業,2025/06/24 09:04,removed,outages_20260917_132835.csv,outages_20260917_183953.csv,17/09/2026 13:28,17/09/2026 18:39
関西,関西電力株式会社,63C00,喜撰山発電所,水力,１号機,233000,計画停止,停止・設備故障,,9999/07/11 12:00,あり,9999/07/11,発電機作業,2025/06/24 09:04,removed,outages_20260917_132835.csv,outages_20260917_183953.csv,17/09/2026 13:28,17/09/2026 18:39
関西,関西電力株式会社,68E00,奥多々良木発電所,水力,４号機,303000,計画停止,停止・設備故障,,9999/06/24 14:00,あり,9999/06/24,発電機作業,2025/06/23 19:16,removed,outages_20260917_132835.csv,outages_20260917_183953.csv,17/09/2026 13:28,17/09/2026 18:39
関西,関西電力株式会社,68C46,姫路第二発電所,火力（ガス）,６号機,486500,出力低下,低下・その他,243000,9999/06/28 10:00,あり,9999/07/03,試運転 最大低下量：441000(kW) 最小低下量：0(kW),2025/06/18 15:09,removed,outages_20260917_132835.csv,outages_20260917_183953.csv,17/09/2026 13:28,17/09/2026 18:39
関西,関西電力株式会社,68E00,奥多々良木発電所,水力,４号機,303000,計画停止,停止・設備故障,,9999/06/25 12:00,あり,9999/06/25,発電機作業,2025/06/18 08:49,removed,outages_20260917_132835.csv,outages_20260917_183953.csv,17/09/2026 13:28,17/09/2026 18:39
関西,関西電力株式会社,68C45,姫路第二発電所,火力（ガス）,５号機,486500,出力低下,低下・設備故障,243000,9999/07/04 09:00,あり,9999/07/04,発電機作業 最大低下量：243000(kW) 最小低下量：121000(kW),2025/06/17 14:20,removed,outages_20260917_132835.csv,outages_20260917_183953.csv,17/09/2026 13:28,17/09/2026 18:39
関西,関西電力株式会社,65C00,奥吉野発電所,水力,５号機,201000,計画停止,停止・その他,,9999/06/27 16:00,あり,9999/06/27,試運転,2025/06/16 13:16,removed,outages_20260917_132835.csv,outages_20260917_183953.csv,17/09/2026 13:28,17/09/2026 18:39
中国,中国電力株式会社,72408,柳井発電所第１号系列上位,火力（ガス）,１−４号,131000,計画停止,停止・その他,,9999/12/31 00:00,あり,9999/12/31,削除,2025/06/13 16:58,removed,outages_20260917_132835.csv,outages_20260917_183953.csv,17/09/2026 13:28,17/09/2026 18:39
中国,中国電力株式会社,72408,柳井発電所第１号系列上位,火力（ガス）,１−４号,131000,計画停止,停止・その他,,9999/12/31 00:00,あり,9999/12/31,削除,2025/06/13 16:55,removed,outages_20260917_132835.csv,outages_20260917_183953.csv,17/09/2026 13:28,17/09/2026 18:39
東北,酒田共同火力発電株式会社,528522M101,酒田共同火力発電所,火力（石炭）,１号機,350000,計画停止,停止・その他,,9999/06/14 02:00,あり,9999/06/20,非効率石炭火力制約,2025/06/12 17:54,removed,outages_20260917_132835.csv,outages_20260917_183953.csv,17/09/2026 13:28,17/09/2026 18:39
関西,関西電力株式会社,68C41,姫路第二発電所,火力（ガス）,１号機,486500,出力低下,低下・その他,248000,9999/06/13 08:30,あり,9999/06/16,試運転 最大低下量：486000(kW) 最小低下量：30000(kW),2025/06/11 17:53,removed,outages_20260917_132835.csv,outages_20260917_183953.csv,17/09/2026 13:28,17/09/2026 18:39
関西,関西電力株式会社,65C00,奥吉野発電所,水力,５号機,201000,計画停止,停止・設備故障,,9999/06/04 09:00,あり,9999/06/05,発電機作業,2025/06/03 22:13,removed,outages_20260917_132835.csv,outages_20260917_183953.csv,17/09/2026 13:28,17/09/2026 18:39
関西,関西電力株式会社,65C00,奥吉野発電所,水力,５号機,201000,計画停止,停止・その他,,9999/06/05 09:00,あり,9999/06/05,試運転,2025/06/03 22:12,removed,outages_20260917_132835.csv,outages_20260917_183953.csv,17/09/2026 13:28,17/09/2026 18:39
関西,関西電力株式会社,68C45,姫路第二発電所,火力（ガス）,５号機,486500,出力低下,低下・設備故障,261000,9999/06/12 09:00,あり,9999/06/12,発電機作業 最大低下量：316000(kW) 最小低下量：48000(kW),2025/06/03 09:49,removed,outages_20260917_132835.csv,outages_20260917_183953.csv,17/09/2026 13:28,17/09/2026 18:39
関西,関西電力株式会社,68C45,姫路第二発電所,火力（ガス）,５号機,486500,出力低下,低下・設備故障,252000,9999/06/18 09:00,あり,9999/06/18,発電機作業 最大低下量：316000(kW) 最小低下量：158000(kW),2025/06/03 09:48,removed,outages_20260917_132835.csv,outages_20260917_183953.csv,17/09/2026 13:28,17/09/2026 18:39
関西,関西電力株式会社,68C45,姫路第二発電所,火力（ガス）,５号機,486500,出力低下,停止・その他,40000,9999/06/02 03:20,あり,9999/06/02,試運転 最大低下量：49000MW 最小低下量：38000MW,2025/05/30 11:16,removed,outages_20260917_132835.csv,outages_20260917_183953.csv,17/09/2026 13:28,17/09/2026 18:39
中国,中国電力株式会社,76301,玉島発電所第１号機,火力（ガス）,１号機,350000,計画停止,停止・その他,,9999/12/31 00:00,あり,9999/12/31,他号機停止に伴う運用制約の解除,2025/05/28 11:13,removed,outages_20260917_132835.csv,outages_20260917_183953.csv,17/09/2026 13:28,17/09/2026 18:39
関西,関西電力株式会社,68C45,姫路第二発電所,火力（ガス）,５号機,486500,出力低下,低下・設備故障,219000,9999/06/09 09:00,あり,9999/06/09,発電機作業 最大低下量：317000(kW) 最小低下量：122000(kW),2025/05/27 10:45,removed,outages_20260917_132835.csv,outages_20260917_183953.csv,17/09/2026 13:28,17/09/2026 18:39
関西,関西電力株式会社,65C00,奥吉野発電所,水力,３号機,201000,計画停止,停止・設備故障,,9999/06/11 14:00,あり,9999/06/11,発電機作業,2025/05/27 10:39,removed,outages_20260917_132835.csv,outages_20260917_183953.csv,17/09/2026 13:28,17/09/2026 18:39
関西,関西電力株式会社,65C00,奥吉野発電所,水力,３号機,201000,計画停止,停止・その他,,9999/06/10 09:00,あり,9999/06/11,発電機作業,2025/05/27 10:38,removed,outages_20260917_132835.csv,outages_20260917_183953.csv,17/09/2026 13:28,17/09/2026 18:39
中国,中国電力株式会社,72408,柳井発電所第１号系列上位,火力（ガス）,１−３号,131000,計画停止,停止・送電線等制約,,9999/06/01 00:00,あり,9999/06/01,削除,2025/05/27 08:17,removed,outages_20260917_132835.csv,outages_20260917_183953.csv,17/09/2026 13:28,17/09/2026 18:39
北陸,関西電力株式会社,60C10,下小鳥発電所,水力,単独,142000,計画停止,停止・設備故障,,9999/05/23 08:00,あり,9999/05/23,発電機作業,2025/05/22 13:41,removed,outages_20260917_132835.csv,outages_20260917_183953.csv,17/09/2026 13:28,17/09/2026 18:39
関西,関西電力株式会社,68E00,奥多々良木発電所,水力,４号機,303000,計画停止,停止・その他,,9999/06/10 14:00,あり,9999/06/10,発電機作業,2025/05/22 09:19,removed,outages_20260917_132835.csv,outages_20260917_183953.csv,17/09/2026 13:28,17/09/2026 18:39
関西,関西電力株式会社,68C45,姫路第二発電所,火力（ガス）,５号機,486500,出力低下,低下・設備故障,122000,9999/06/11 09:00,あり,9999/06/11,発電機作業 最大低下量：122000(kW) 最小低下量：122000(kW),2025/05/22 09:08,removed,outages_20260917_132835.csv,outages_20260917_183953.csv,17/09/2026 13:28,17/09/2026 18:39
関西,関西電力株式会社,63C00,喜撰山発電所,水力,１号機,233000,計画停止,停止・設備故障,,9999/06/12 12:00,あり,9999/06/12,発電機作業,2025/05/20 09:48,removed,outages_20260917_132835.csv,outages_20260917_183953.csv,17/09/2026 13:28,17/09/2026 18:39
関西,関西電力株式会社,63C00,喜撰山発電所,水力,２号機,233000,計画停止,停止・設備故障,,9999/06/05 12:00,あり,9999/06/05,発電機作業,2025/05/20 09:47,removed,outages_20260917_132835.csv,outages_20260917_183953.csv,17/09/2026 13:28,17/09/2026 18:39
中部,中部電力(株),42332,徳山発電所,水力,１号機,139000,計画停止,停止・送電線等制約,,9999/06/26 07:00,あり,9999/06/26,作業,2025/05/16 09:24,removed,outages_20260917_132835.csv,outages_20260917_183953.csv,17/09/2026 13:28,17/09/2026 18:39
中国,中国電力株式会社,78301,俣野川発電所,水力,３号機,300000,計画停止,停止・定期検査等,,9999/06/19 09:00,あり,9999/06/19,削除,2025/05/15 14:13,removed,outages_20260917_132835.csv,outages_20260917_183953.csv,17/09/2026 13:28,17/09/2026 18:39
北陸,関西電力株式会社,60C10,下小鳥発電所,水力,単独,142000,計画停止,停止・送電線等制約,,9999/05/14 08:30,あり,9999/05/14,TSO作業,2025/05/13 16:12,removed,outages_20260917_132835.csv,outages_20260917_183953.csv,17/09/2026 13:28,17/09/2026 18:39
中部,中部電力(株),41002,奥美濃発電所,水力,４号機,250000,計画停止,停止・定期検査等,,9999/06/14 09:30,あり,9999/06/14,作業,2025/05/08 13:54,removed,outages_20260917_132835.csv,outages_20260917_183953.csv,17/09/2026 13:28,17/09/2026 18:39
中部,中部電力(株),41002,奥美濃発電所,水力,３号機,250000,計画停止,停止・定期検査等,,9999/06/14 09:30,あり,9999/06/14,作業,2025/05/08 13:53,removed,outages_20260917_132835.csv,outages_20260917_183953.csv,17/09/2026 13:28,17/09/2026 18:39
中部,中部電力(株),41002,奥美濃発電所,水力,２号機,250000,計画停止,停止・定期検査等,,9999/06/14 09:30,あり,9999/06/14,作業,2025/05/08 13:52,removed,outages_20260917_132835.csv,outages_20260917_183953.csv,17/09/2026 13:28,17/09/2026 18:39
中部,中部電力(株),41002,奥美濃発電所,水力,１号機,250000,計画停止,停止・定期検査等,,9999/06/14 09:30,あり,9999/06/14,作業,2025/05/08 13:52,removed,outages_20260917_132835.csv,outages_20260917_183953.csv,17/09/2026 13:28,17/09/2026 18:39
関西,関西電力株式会社,68E00,奥多々良木発電所,水力,４号機,303000,計画停止,停止・設備故障,,9999/05/28 09:00,あり,9999/05/28,発電機作業,2025/05/07 16:00,removed,outages_20260917_132835.csv,outages_20260917_183953.csv,17/09/2026 13:28,17/09/2026 18:39
関西,関西電力株式会社,63D03,大河内発電所,水力,２号機,320000,計画停止,停止・その他,,9999/05/07 09:00,あり,9999/05/09,試運転,2025/05/02 15:59,removed,outages_20260917_132835.csv,outages_20260917_183953.csv,17/09/2026 13:28,17/09/2026 18:39
関西,関西電力株式会社,65C00,奥吉野発電所,水力,３号機,201000,計画停止,停止・設備故障,,9999/05/28 10:00,あり,9999/05/28,発電機作業,2025/05/02 15:35,removed,outages_20260917_132835.csv,outages_20260917_183953.csv,17/09/2026 13:28,17/09/2026 18:39
関西,関西電力株式会社,65C00,奥吉野発電所,水力,１号機,201000,計画停止,停止・設備故障,,9999/05/22 09:00,あり,9999/05/22,発電機作業,2025/05/02 15:34,removed,outages_20260917_132835.csv,outages_20260917_183953.csv,17/09/2026 13:28,17/09/2026 18:39
関西,関西電力株式会社,65C00,奥吉野発電所,水力,２号機,201000,計画停止,停止・設備故障,,9999/05/22 09:00,あり,9999/05/22,発電機作業,2025/05/02 15:33,removed,outages_20260917_132835.csv,outages_20260917_183953.csv,17/09/2026 13:28,17/09/2026 18:39
関西,関西電力株式会社,65C00,奥吉野発電所,水力,１号機,201000,計画停止,停止・設備故障,,9999/05/20 09:00,あり,9999/05/20,発電機作業,2025/05/02 15:32,removed,outages_20260917_132835.csv,outages_20260917_183953.csv,17/09/2026 13:28,17/09/2026 18:39
関西,関西電力株式会社,65C00,奥吉野発電所,水力,２号機,201000,計画停止,停止・設備故障,,9999/05/20 09:00,あり,9999/05/20,発電機作業,2025/05/02 15:31,removed,outages_20260917_132835.csv,outages_20260917_183953.csv,17/09/2026 13:28,17/09/2026 18:39
関西,関西電力株式会社,65C00,奥吉野発電所,水力,３号機,201000,計画停止,停止・設備故障,,9999/05/20 09:00,あり,9999/05/20,発電機作業,2025/05/02 15:31,removed,outages_20260917_132835.csv,outages_20260917_183953.csv,17/09/2026 13:28,17/09/2026 18:39
関西,関西電力株式会社,65C00,奥吉野発電所,水力,３号機,201000,計画停止,停止・設備故障,,9999/05/19 09:00,あり,9999/05/19,発電機作業,2025/05/02 15:30,removed,outages_20260917_132835.csv,outages_20260917_183953.csv,17/09/2026 13:28,17/09/2026 18:39
関西,関西電力株式会社,65C00,奥吉野発電所,水力,３号機,201000,計画停止,停止・定期検査等,,9999/05/19 09:00,あり,9999/06/12,定期検査等,2025/05/02 15:29,removed,outages_20260917_132835.csv,outages_20260917_183953.csv,17/09/2026 13:28,17/09/2026 18:39
関西,関西電力株式会社,68E00,奥多々良木発電所,水力,５号機,360000,計画停止,停止・その他,,9999/05/16 17:00,あり,9999/05/16,試運転,2025/05/02 11:04,removed,outages_20260917_132835.csv,outages_20260917_183953.csv,17/09/2026 13:28,17/09/2026 18:39
関西,関西電力株式会社,68E00,奥多々良木発電所,水力,５号機,360000,計画停止,停止・設備故障,,9999/05/16 10:00,あり,9999/05/16,発電機作業,2025/05/02 11:03,removed,outages_20260917_132835.csv,outages_20260917_183953.csv,17/09/2026 13:28,17/09/2026 18:39
関西,関西電力株式会社,68C45,姫路第二発電所,火力（ガス）,５号機,486500,出力低下,低下・設備故障,40000,9999/05/22 07:00,あり,9999/05/22,発電機作業 最大低下量：40000(kW) 最小低下量：40000(kW),2025/05/02 11:02,removed,outages_20260917_132835.csv,outages_20260917_183953.csv,17/09/2026 13:28,17/09/2026 18:39
北陸,関西電力株式会社,60C10,下小鳥発電所,水力,単独,142000,計画停止,停止・設備故障,,9999/05/27 09:00,あり,9999/05/27,発電機作業,2025/04/30 14:30,removed,outages_20260917_132835.csv,outages_20260917_183953.csv,17/09/2026 13:28,17/09/2026 18:39
関西,関西電力株式会社,63D42,舞鶴発電所,火力（石炭）,２号機,900000,計画停止,停止・設備故障,,9999/05/03 00:00,あり,9999/05/06,発電機作業,2025/04/30 13:31,removed,outages_20260917_132835.csv,outages_20260917_183953.csv,17/09/2026 13:28,17/09/2026 18:39
関西,関西電力株式会社,68C45,姫路第二発電所,火力（ガス）,５号機,486500,出力低下,低下・設備故障,49000,9999/07/18 09:00,あり,9999/07/18,発電機作業 最大低下量：97000(kW) 最小低下量：0(kW),2025/04/30 09:05,removed,outages_20260917_132835.csv,outages_20260917_183953.csv,17/09/2026 13:28,17/09/2026 18:39
関西,関西電力株式会社,68C45,姫路第二発電所,火力（ガス）,５号機,486500,出力低下,低下・設備故障,122000,9999/07/07 09:00,あり,9999/07/07,発電機作業 最大低下量：122000(kW) 最小低下量：122000(kW),2025/04/28 16:58,removed,outages_20260917_132835.csv,outages_20260917_183953.csv,17/09/2026 13:28,17/09/2026 18:39
関西,関西電力株式会社,65C00,奥吉野発電所,水力,４号機,201000,計画停止,停止・その他,,9999/06/25 16:00,あり,9999/06/25,試運転,2025/04/28 15:55,removed,outages_20260917_132835.csv,outages_20260917_183953.csv,17/09/2026 13:28,17/09/2026 18:39
関西,関西電力株式会社,65C00,奥吉野発電所,水力,４号機,201000,計画停止,停止・設備故障,,9999/06/24 09:00,あり,9999/06/25,発電機作業,2025/04/28 15:53,removed,outages_20260917_132835.csv,outages_20260917_183953.csv,17/09/2026 13:28,17/09/2026 18:39
関西,関西電力株式会社,68E00,奥多々良木発電所,水力,５号機,360000,計画停止,停止・設備故障,,9999/06/02 09:00,あり,9999/06/04,発電機作業,2025/04/25 13:36,removed,outages_20260917_132835.csv,outages_20260917_183953.csv,17/09/2026 13:28,17/09/2026 18:39
関西,関西電力株式会社,68E00,奥多々良木発電所,水力,５号機,360000,計画停止,停止・その他,,9999/06/04 17:00,あり,9999/06/04,発電機作業,2025/04/25 13:34,removed,outages_20260917_132835.csv,outages_20260917_183953.csv,17/09/2026 13:28,17/09/2026 18:39
関西,関西電力株式会社,62A43,堺港発電所,火力（ガス）,３号機,400000,計画停止,停止・送電線等制約,,9999/06/06 08:00,あり,9999/06/06,TSO作業,2025/04/25 11:31,removed,outages_20260917_132835.csv,outages_20260917_183953.csv,17/09/2026 13:28,17/09/2026 18:39
関西,関西電力株式会社,62A43,堺港発電所,火力（ガス）,３号機,400000,計画停止,停止・送電線等制約,,9999/06/05 08:00,あり,9999/06/05,TSO作業,2025/04/25 11:30,removed,outages_20260917_132835.csv,outages_20260917_183953.csv,17/09/2026 13:28,17/09/2026 18:39
関西,関西電力株式会社,62A43,堺港発電所,火力（ガス）,３号機,400000,計画停止,停止・送電線等制約,,9999/06/04 08:00,あり,9999/06/04,TSO作業,2025/04/25 11:28,removed,outages_20260917_132835.csv,outages_20260917_183953.csv,17/09/2026 13:28,17/09/2026 18:39
関西,関西電力株式会社,63D03,大河内発電所,水力,１号機,320000,計画停止,停止・設備故障,,9999/06/24 10:00,あり,9999/06/26,発電機作業,2025/04/25 11:13,removed,outages_20260917_132835.csv,outages_20260917_183953.csv,17/09/2026 13:28,17/09/2026 18:39
関西,関西電力株式会社,63D03,大河内発電所,水力,１号機,320000,計画停止,停止・設備故障,,9999/06/24 10:00,あり,9999/06/27,発電機作業,2025/04/25 11:11,removed,outages_20260917_132835.csv,outages_20260917_183953.csv,17/09/2026 13:28,17/09/2026 18:39
関西,関西電力株式会社,63D03,大河内発電所,水力,１号機,320000,計画停止,停止・設備故障,,9999/06/20 10:00,あり,9999/06/20,発電機作業,2025/04/25 11:09,removed,outages_20260917_132835.csv,outages_20260917_183953.csv,17/09/2026 13:28,17/09/2026 18:39
関西,関西電力株式会社,63C00,喜撰山発電所,水力,２号機,233000,計画停止,停止・設備故障,,9999/06/10 10:00,あり,9999/06/10,発電機作業,2025/04/24 15:13,removed,outages_20260917_132835.csv,outages_20260917_183953.csv,17/09/2026 13:28,17/09/2026 18:39
関西,関西電力株式会社,63C00,喜撰山発電所,水力,２号機,233000,計画停止,停止・設備故障,,9999/06/10 15:00,あり,9999/06/10,発電機作業,2025/04/24 15:09,removed,outages_20260917_132835.csv,outages_20260917_183953.csv,17/09/2026 13:28,17/09/2026 18:39
関西,関西電力株式会社,63C00,喜撰山発電所,水力,２号機,233000,計画停止,停止・設備故障,,9999/06/10 16:00,あり,9999/06/10,発電機作業,2025/04/24 15:07,removed,outages_20260917_132835.csv,outages_20260917_183953.csv,17/09/2026 13:28,17/09/2026 18:39
関西,関西電力株式会社,68C45,姫路第二発電所,火力（ガス）,５号機,486500,出力低下,低下・設備故障,146000,9999/05/12 09:00,あり,9999/05/12,発電機作業 最大低下量：170000(kW) 最小低下量：0(kW),2025/04/24 15:03,removed,outages_20260917_132835.csv,outages_20260917_183953.csv,17/09/2026 13:28,17/09/2026 18:39
関西,関西電力株式会社,68E00,奥多々良木発電所,水力,６号機,360000,計画停止,停止・設備故障,,9999/04/25 14:00,あり,9999/04/25,発電機作業,2025/04/24 12:50,removed,outages_20260917_132835.csv,outages_20260917_183953.csv,17/09/2026 13:28,17/09/2026 18:39
関西,関西電力株式会社,63D03,大河内発電所,水力,１号機,320000,計画停止,停止・その他,,9999/06/27 17:00,あり,9999/06/27,試運転,2025/04/24 12:04,removed,outages_20260917_132835.csv,outages_20260917_183953.csv,17/09/2026 13:28,17/09/2026 18:39
関西,関西電力株式会社,63D03,大河内発電所,水力,１号機,320000,計画停止,停止・設備故障,,9999/05/07 10:00,あり,9999/05/07,発電機作業,2025/04/22 08:56,removed,outages_20260917_132835.csv,outages_20260917_183953.csv,17/09/2026 13:28,17/09/2026 18:39
関西,関西電力株式会社,63D03,大河内発電所,水力,１号機,320000,計画停止,停止・その他,,9999/05/07 17:00,あり,9999/05/07,試運転,2025/04/22 08:56,removed,outages_20260917_132835.csv,outages_20260917_183953.csv,17/09/2026 13:28,17/09/2026 18:39
関西,関西電力株式会社,63C00,喜撰山発電所,水力,１号機,233000,計画停止,停止・設備故障,,9999/05/12 12:00,あり,9999/05/12,発電機作業,2025/04/21 18:03,removed,outages_20260917_132835.csv,outages_20260917_183953.csv,17/09/2026 13:28,17/09/2026 18:39
関西,関西電力株式会社,63C00,喜撰山発電所,水力,２号機,233000,計画停止,停止・設備故障,,9999/05/07 12:00,あり,9999/05/07,発電機作業,2025/04/21 18:02,removed,outages_20260917_132835.csv,outages_20260917_183953.csv,17/09/2026 13:28,17/09/2026 18:39
関西,関西電力株式会社,68C44,姫路第二発電所,火力（ガス）,４号機,486500,計画停止,停止・設備故障,,9999/04/28 00:00,あり,9999/05/06,発電機作業,2025/04/15 09:28,removed,outages_20260917_132835.csv,outages_20260917_183953.csv,17/09/2026 13:28,17/09/2026 18:39
関西,関西電力株式会社,68C45,姫路第二発電所,火力（ガス）,５号機,486500,出力低下,低下・設備故障,155000,9999/04/14 09:00,あり,9999/04/14,発電機作業 最大低下量:317000(kW) 最小低下量:49000(kW),2025/04/11 09:29,removed,outages_20260917_132835.csv,outages_20260917_183953.csv,17/09/2026 13:28,17/09/2026 18:39
関西,関西電力株式会社,68C45,姫路第二発電所,火力（ガス）,５号機,486500,出力低下,低下・その他,316000,9999/04/13 13:00,あり,9999/04/13,試運転 最大低下量：316000(kW) 最小低下量：316000(kW),2025/04/11 09:28,removed,outages_20260917_132835.csv,outages_20260917_183953.csv,17/09/2026 13:28,17/09/2026 18:39
北陸,北陸電力株式会社,52316,北陸電力 富山新港火力発電所,火力（石炭）,石炭2号機,250000,計画停止,停止・定期検査等,,9999/04/11 20:00,あり,9999/04/14,削除,2025/04/07 13:20,removed,outages_20260917_132835.csv,outages_20260917_183953.csv,17/09/2026 13:28,17/09/2026 18:39
関西,関西電力株式会社,63D03,大河内発電所,水力,２号機,320000,計画停止,停止・設備故障,,9999/04/07 12:00,あり,9999/04/07,発電機作業,2025/04/03 15:23,removed,outages_20260917_132835.csv,outages_20260917_183953.csv,17/09/2026 13:28,17/09/2026 18:39
関西,関西電力株式会社,63C00,喜撰山発電所,水力,１号機,233000,計画停止,停止・設備故障,,9999/04/11 12:00,あり,9999/04/11,発電機作業,2025/04/01 09:32,removed,outages_20260917_132835.csv,outages_20260917_183953.csv,17/09/2026 13:28,17/09/2026 18:39
関西,関西電力株式会社,68C45,姫路第二発電所,火力（ガス）,５号機,486500,出力低下,低下・設備故障,304000,9999/06/02 09:00,あり,9999/06/02,発電機作業 最大低下量：486000(kW) 最小低下量：121000(kW),2025/03/27 18:48,removed,outages_20260917_132835.csv,outages_20260917_183953.csv,17/09/2026 13:28,17/09/2026 18:39
関西,関西電力株式会社,68E00,奥多々良木発電所,水力,２号機,303000,計画停止,停止・設備故障,,9999/06/16 09:00,あり,9999/06/20,発電機作業,2025/03/27 17:53,removed,outages_20260917_132835.csv,outages_20260917_183953.csv,17/09/2026 13:28,17/09/2026 18:39
関西,関西電力株式会社,68E00,奥多々良木発電所,水力,２号機,303000,計画停止,停止・その他,,9999/06/20 17:00,あり,9999/06/20,試運転,2025/03/27 17:49,removed,outages_20260917_132835.csv,outages_20260917_183953.csv,17/09/2026 13:28,17/09/2026 18:39
関西,関西電力株式会社,68E00,奥多々良木発電所,水力,１号機,303000,計画停止,停止・設備故障,,9999/06/23 09:00,あり,9999/06/27,発電機作業,2025/03/27 17:46,removed,outages_20260917_132835.csv,outages_20260917_183953.csv,17/09/2026 13:28,17/09/2026 18:39
関西,関西電力株式会社,68E00,奥多々良木発電所,水力,１号機,303000,計画停止,停止・その他,,9999/06/27 17:00,あり,9999/06/27,試運転,2025/03/27 17:40,removed,outages_20260917_132835.csv,outages_20260917_183953.csv,17/09/2026 13:28,17/09/2026 18:39
関西,関西電力株式会社,68E00,奥多々良木発電所,水力,４号機,303000,計画停止,停止・設備故障,,9999/04/03 09:00,あり,9999/04/03,発電機作業,2025/03/27 10:16,removed,outages_20260917_132835.csv,outages_20260917_183953.csv,17/09/2026 13:28,17/09/2026 18:39
関西,関西電力株式会社,68C44,姫路第二発電所,火力（ガス）,４号機,486500,計画停止,停止・設備故障,,9999/04/17 00:00,あり,9999/04/28,発電機作業,2025/03/25 09:46,removed,outages_20260917_132835.csv,outages_20260917_183953.csv,17/09/2026 13:28,17/09/2026 18:39
関西,関西電力株式会社,68C42,姫路第二発電所,火力（ガス）,２号機,486500,計画停止,停止・設備故障,,9999/04/05 00:00,あり,9999/04/16,発電機作業,2025/03/25 09:45,removed,outages_20260917_132835.csv,outages_20260917_183953.csv,17/09/2026 13:28,17/09/2026 18:39
中部,中部電力(株),41003,奥美濃発電所,水力,６号機,250000,計画停止,停止・定期検査等,,9999/03/29 09:30,あり,9999/03/29,作業,2025/03/24 10:02,removed,outages_20260917_132835.csv,outages_20260917_183953.csv,17/09/2026 13:28,17/09/2026 18:39
中部,中部電力(株),41003,奥美濃発電所,水力,５号機,250000,計画停止,停止・定期検査等,,9999/03/29 09:30,あり,9999/03/29,作業,2025/03/24 10:01,removed,outages_20260917_132835.csv,outages_20260917_183953.csv,17/09/2026 13:28,17/09/2026 18:39
中部,中部電力(株),41002,奥美濃発電所,水力,４号機,250000,計画停止,停止・定期検査等,,9999/03/29 09:30,あり,9999/03/29,作業,2025/03/24 10:00,removed,outages_20260917_132835.csv,outages_20260917_183953.csv,17/09/2026 13:28,17/09/2026 18:39
中部,中部電力(株),41002,奥美濃発電所,水力,３号機,250000,計画停止,停止・定期検査等,,9999/03/29 09:30,あり,9999/03/29,作業,2025/03/24 09:59,removed,outages_20260917_132835.csv,outages_20260917_183953.csv,17/09/2026 13:28,17/09/2026 18:39
中部,中部電力(株),41002,奥美濃発電所,水力,２号機,250000,計画停止,停止・定期検査等,,9999/03/29 09:30,あり,9999/03/29,作業,2025/03/24 09:58,removed,outages_20260917_132835.csv,outages_20260917_183953.csv,17/09/2026 13:28,17/09/2026 18:39
中部,中部電力(株),41002,奥美濃発電所,水力,１号機,250000,計画停止,停止・定期検査等,,9999/03/29 09:30,あり,9999/03/29,作業,2025/03/24 09:58,removed,outages_20260917_132835.csv,outages_20260917_183953.csv,17/09/2026 13:28,17/09/2026 18:39
関西,関西電力株式会社,68J46,姫路第一発電所,火力（ガス）,６号機,713000,出力低下,低下・設備故障,264000,9999/04/10 20:00,あり,9999/04/17,発電機作業 最大低下量：264000(kW) 最小低下量：264000(kW),2025/03/24 09:50,removed,outages_20260917_132835.csv,outages_20260917_183953.csv,17/09/2026 13:28,17/09/2026 18:39
東北,東北電力株式会社,29538,東北電力上越火力発電所１号機,火力（ガス）,１号機,599000,計画停止,停止・定期検査等,,9999/04/01 00:00,あり,9999/05/18,削除 登録内容重複による,2025/03/19 11:15,removed,outages_20260917_132835.csv,outages_20260917_183953.csv,17/09/2026 13:28,17/09/2026 18:39
関西,関西電力株式会社,68C45,姫路第二発電所,火力（ガス）,５号機,486500,出力低下,低下・設備故障,49000,9999/04/07 09:00,あり,9999/04/07,発電機作業 最大低下量：97000(kW) 最小低下量：0(kW),2025/03/19 09:24,removed,outages_20260917_132835.csv,outages_20260917_183953.csv,17/09/2026 13:28,17/09/2026 18:39
関西,関西電力株式会社,68E00,奥多々良木発電所,水力,５号機,360000,出力低下,低下・燃料制約,136250,9999/03/07 00:00,あり,9999/03/07,最大低下量：360000(kW) 最小低下量：0(kW) 燃料制約のため,2025/03/06 17:11,removed,outages_20260917_132835.csv,outages_20260917_183953.csv,17/09/2026 13:28,17/09/2026 18:39
関西,関西電力株式会社,63D03,大河内発電所,水力,１号機,320000,出力低下,低下・燃料制約,147917,9999/03/07 00:00,あり,9999/03/07,最大低下量：320000(kW) 最小低下量：0(kW) 燃料制約のため,2025/03/06 17:09,removed,outages_20260917_132835.csv,outages_20260917_183953.csv,17/09/2026 13:28,17/09/2026 18:39
関西,関西電力株式会社,68E00,奥多々良木発電所,水力,２号機,303000,計画停止,停止・設備故障,,9999/03/26 15:00,あり,9999/04/01,発電機作業,2025/03/06 11:40,removed,outages_20260917_132835.csv,outages_20260917_183953.csv,17/09/2026 13:28,17/09/2026 18:39
関西,関西電力株式会社,63C00,喜撰山発電所,水力,１号機,233000,計画停止,停止・設備故障,,9999/03/12 12:00,あり,9999/03/12,発電機作業,2025/03/04 09:38,removed,outages_20260917_132835.csv,outages_20260917_183953.csv,17/09/2026 13:28,17/09/2026 18:39
関西,関西電力株式会社,68E00,奥多々良木発電所,水力,１号機,303000,計画停止,停止・設備故障,,9999/03/26 15:00,あり,9999/04/01,発電機作業,2025/02/27 19:06,removed,outages_20260917_132835.csv,outages_20260917_183953.csv,17/09/2026 13:28,17/09/2026 18:39
関西,関西電力株式会社,68E00,奥多々良木発電所,水力,２号機,303000,計画停止,停止・設備故障,,9999/03/26 15:00,あり,9999/04/01,発電機作業,2025/02/27 19:03,removed,outages_20260917_132835.csv,outages_20260917_183953.csv,17/09/2026 13:28,17/09/2026 18:39
関西,関西電力株式会社,68E00,奥多々良木発電所,水力,２号機,303000,計画停止,停止・設備故障,,9999/03/26 15:00,あり,9999/04/01,発電機作業,2025/02/27 19:02,removed,outages_20260917_132835.csv,outages_20260917_183953.csv,17/09/2026 13:28,17/09/2026 18:39
北陸,関西電力株式会社,60C10,下小鳥発電所,水力,単独,142000,計画停止,停止・その他,,9999/05/18 13:00,あり,9999/05/19,試運転,2025/02/27 11:40,removed,outages_20260917_132835.csv,outages_20260917_183953.csv,17/09/2026 13:28,17/09/2026 18:39
北陸,関西電力株式会社,60C10,下小鳥発電所,水力,単独,142000,計画停止,停止・定期検査等,,9999/05/12 14:00,あり,9999/05/15,定期点検,2025/02/27 11:38,removed,outages_20260917_132835.csv,outages_20260917_183953.csv,17/09/2026 13:28,17/09/2026 18:39
関西,関西電力株式会社,63D03,大河内発電所,水力,４号機,320000,計画停止,停止・設備故障,,9999/04/18 10:00,あり,9999/04/18,発電機作業,2025/02/26 15:58,removed,outages_20260917_132835.csv,outages_20260917_183953.csv,17/09/2026 13:28,17/09/2026 18:39
関西,関西電力株式会社,63D03,大河内発電所,水力,２号機,320000,計画停止,低下・設備故障,,9999/04/17 10:00,あり,9999/04/17,発電機作業,2025/02/26 15:50,removed,outages_20260917_132835.csv,outages_20260917_183953.csv,17/09/2026 13:28,17/09/2026 18:39
関西,関西電力株式会社,63D03,大河内発電所,水力,２号機,320000,計画停止,停止・設備故障,,9999/04/08 09:00,あり,9999/05/07,発電機作業,2025/02/26 15:48,removed,outages_20260917_132835.csv,outages_20260917_183953.csv,17/09/2026 13:28,17/09/2026 18:39
関西,関西電力株式会社,68E00,奥多々良木発電所,水力,６号機,360000,計画停止,停止・設備故障,,9999/04/23 14:00,あり,9999/04/23,発電機作業,2025/02/26 15:36,removed,outages_20260917_132835.csv,outages_20260917_183953.csv,17/09/2026 13:28,17/09/2026 18:39
関西,関西電力株式会社,68E00,奥多々良木発電所,水力,１号機,303000,計画停止,停止・設備故障,,9999/03/04 09:00,あり,9999/03/04,発電機作業,2025/02/25 18:41,removed,outages_20260917_132835.csv,outages_20260917_183953.csv,17/09/2026 13:28,17/09/2026 18:39
関西,関西電力株式会社,68E00,奥多々良木発電所,水力,２号機,303000,計画停止,停止・設備故障,,9999/03/04 09:00,あり,9999/03/04,発電機作業,2025/02/25 18:40,removed,outages_20260917_132835.csv,outages_20260917_183953.csv,17/09/2026 13:28,17/09/2026 18:39
関西,関西電力株式会社,68E00,奥多々良木発電所,水力,１号機,303000,計画停止,停止・設備故障,,9999/03/03 09:00,あり,9999/03/03,発電機作業,2025/02/25 18:21,removed,outages_20260917_132835.csv,outages_20260917_183953.csv,17/09/2026 13:28,17/09/2026 18:39
関西,関西電力株式会社,68E00,奥多々良木発電所,水力,２号機,303000,計画停止,停止・設備故障,,9999/03/03 09:00,あり,9999/03/03,発電機作業,2025/02/25 18:20,removed,outages_20260917_132835.csv,outages_20260917_183953.csv,17/09/2026 13:28,17/09/2026 18:39
関西,関西電力株式会社,68E00,奥多々良木発電所,水力,１号機,303000,計画停止,停止・設備故障,,9999/03/04 09:00,あり,9999/03/06,発電機作業,2025/02/25 10:21,removed,outages_20260917_132835.csv,outages_20260917_183953.csv,17/09/2026 13:28,17/09/2026 18:39
関西,関西電力株式会社,63C00,喜撰山発電所,水力,１号機,233000,計画停止,停止・設備故障,,9999/11/03 09:00,あり,9999/11/27,発電機作業,2025/02/19 11:24,removed,outages_20260917_132835.csv,outages_20260917_183953.csv,17/09/2026 13:28,17/09/2026 18:39
関西,関西電力株式会社,63C00,喜撰山発電所,水力,１号機,233000,計画停止,停止・設備故障,,9999/10/27 09:00,あり,9999/10/27,発電機作業,2025/02/19 11:23,removed,outages_20260917_132835.csv,outages_20260917_183953.csv,17/09/2026 13:28,17/09/2026 18:39
関西,関西電力株式会社,63C00,喜撰山発電所,水力,１号機,233000,計画停止,停止・設備故障,,9999/10/27 09:00,あり,9999/10/27,発電機作業,2025/02/19 11:22,removed,outages_20260917_132835.csv,outages_20260917_183953.csv,17/09/2026 13:28,17/09/2026 18:39
関西,関西電力株式会社,63C00,喜撰山発電所,水力,１号機,233000,計画停止,停止・設備故障,,9999/10/27 09:00,あり,9999/11/27,発電機作業,2025/02/19 11:21,removed,outages_20260917_132835.csv,outages_20260917_183953.csv,17/09/2026 13:28,17/09/2026 18:39
関西,関西電力株式会社,65C00,奥吉野発電所,水力,６号機,201000,計画停止,停止・設備故障,,9999/02/22 10:00,あり,9999/02/22,発電機作業,2025/02/19 10:55,removed,outages_20260917_132835.csv,outages_20260917_183953.csv,17/09/2026 13:28,17/09/2026 18:39
東北,東北電力株式会社,29538,東北電力上越火力発電所１号機,火力（ガス）,１号機,599000,計画停止,停止・燃料制約,,9999/02/23 10:00,あり,9999/02/23,削除 燃料制約（気海象要因）取り止めによる,2025/02/19 10:16,removed,outages_20260917_132835.csv,outages_20260917_183953.csv,17/09/2026 13:28,17/09/2026 18:39
東北,東北電力株式会社,29538,東北電力上越火力発電所１号機,火力（ガス）,１号機,599000,計画停止,停止・燃料制約,,9999/02/22 10:00,あり,9999/02/22,削除 燃料制約（気海象要因）取り止めによる,2025/02/19 10:14,removed,outages_20260917_132835.csv,outages_20260917_183953.csv,17/09/2026 13:28,17/09/2026 18:39
東北,東北電力株式会社,2V402,東北電力東新潟火力発電所３号系列,火力（ガス）,３−６号機GTB,137000,計画停止,停止・その他,,9999/02/24 00:00,あり,9999/02/24,削除 作業取り止めによる,2025/02/18 18:40,removed,outages_20260917_132835.csv,outages_20260917_183953.csv,17/09/2026 13:28,17/09/2026 18:39
関西,関西電力株式会社,68J46,姫路第一発電所,火力（ガス）,６号機,713000,出力低下,低下・その他,230000,9999/04/19 09:00,あり,9999/04/21,試運転 最大低下量：460200(kW) 最小低下量：0(kW),2025/02/17 15:13,removed,outages_20260917_132835.csv,outages_20260917_183953.csv,17/09/2026 13:28,17/09/2026 18:39
東北,東北電力株式会社,2K218,東北電力仙台火力発電所４号機,火力（ガス）,４号機,468000,計画停止,停止・その他,,9999/03/01 00:00,あり,9999/03/05,作業中止による変更,2025/02/17 10:29,removed,outages_20260917_132835.csv,outages_20260917_183953.csv,17/09/2026 13:28,17/09/2026 18:39
関西,関西電力株式会社,63D03,大河内発電所,水力,１号機,320000,計画停止,停止・設備故障,,9999/03/20 09:00,あり,9999/03/20,発電機作業,2025/02/13 13:27,removed,outages_20260917_132835.csv,outages_20260917_183953.csv,17/09/2026 13:28,17/09/2026 18:39
関西,関西電力株式会社,63D03,大河内発電所,水力,２号機,320000,計画停止,停止・設備故障,,9999/03/20 09:00,あり,9999/03/20,発電機作業,2025/02/13 13:26,removed,outages_20260917_132835.csv,outages_20260917_183953.csv,17/09/2026 13:28,17/09/2026 18:39
関西,関西電力株式会社,63D03,大河内発電所,水力,３号機,320000,計画停止,停止・設備故障,,9999/03/20 09:00,あり,9999/03/20,発電機作業,2025/02/13 13:26,removed,outages_20260917_132835.csv,outages_20260917_183953.csv,17/09/2026 13:28,17/09/2026 18:39
関西,関西電力株式会社,63D03,大河内発電所,水力,４号機,320000,計画停止,停止・設備故障,,9999/03/20 09:00,あり,9999/03/20,発電機作業,2025/02/13 13:26,removed,outages_20260917_132835.csv,outages_20260917_183953.csv,17/09/2026 13:28,17/09/2026 18:39
関西,関西電力株式会社,63D03,大河内発電所,水力,１号機,320000,計画停止,停止・設備故障,,9999/03/19 09:00,あり,9999/03/19,発電機作業,2025/02/13 13:25,removed,outages_20260917_132835.csv,outages_20260917_183953.csv,17/09/2026 13:28,17/09/2026 18:39
関西,関西電力株式会社,63D03,大河内発電所,水力,２号機,320000,計画停止,停止・設備故障,,9999/03/19 09:00,あり,9999/03/19,発電機作業,2025/02/13 13:25,removed,outages_20260917_132835.csv,outages_20260917_183953.csv,17/09/2026 13:28,17/09/2026 18:39
関西,関西電力株式会社,63D03,大河内発電所,水力,３号機,320000,計画停止,停止・設備故障,,9999/03/19 09:00,あり,9999/03/19,発電機作業,2025/02/13 13:24,removed,outages_20260917_132835.csv,outages_20260917_183953.csv,17/09/2026 13:28,17/09/2026 18:39
関西,関西電力株式会社,63D03,大河内発電所,水力,４号機,320000,計画停止,停止・設備故障,,9999/03/19 09:00,あり,9999/03/19,発電機作業,2025/02/13 13:24,removed,outages_20260917_132835.csv,outages_20260917_183953.csv,17/09/2026 13:28,17/09/2026 18:39
関西,関西電力株式会社,63D03,大河内発電所,水力,１号機,320000,計画停止,停止・設備故障,,9999/03/18 09:00,あり,9999/03/18,発電機作業,2025/02/13 13:23,removed,outages_20260917_132835.csv,outages_20260917_183953.csv,17/09/2026 13:28,17/09/2026 18:39
関西,関西電力株式会社,63D03,大河内発電所,水力,２号機,320000,計画停止,停止・設備故障,,9999/03/18 09:00,あり,9999/03/18,発電機作業,2025/02/13 13:23,removed,outages_20260917_132835.csv,outages_20260917_183953.csv,17/09/2026 13:28,17/09/2026 18:39
関西,関西電力株式会社,63D03,大河内発電所,水力,３号機,320000,計画停止,停止・設備故障,,9999/03/18 09:00,あり,9999/03/18,発電機作業,2025/02/13 13:23,removed,outages_20260917_132835.csv,outages_20260917_183953.csv,17/09/2026 13:28,17/09/2026 18:39
関西,関西電力株式会社,63D03,大河内発電所,水力,４号機,320000,計画停止,停止・設備故障,,9999/03/18 09:00,あり,9999/03/18,発電機作業,2025/02/13 13:22,removed,outages_20260917_132835.csv,outages_20260917_183953.csv,17/09/2026 13:28,17/09/2026 18:39
関西,関西電力株式会社,63D03,大河内発電所,水力,１号機,320000,計画停止,停止・設備故障,,9999/03/17 09:00,あり,9999/03/17,発電機作業,2025/02/13 13:22,removed,outages_20260917_132835.csv,outages_20260917_183953.csv,17/09/2026 13:28,17/09/2026 18:39
関西,関西電力株式会社,63D03,大河内発電所,水力,２号機,320000,計画停止,停止・設備故障,,9999/03/17 09:00,あり,9999/03/17,発電機作業,2025/02/13 13:21,removed,outages_20260917_132835.csv,outages_20260917_183953.csv,17/09/2026 13:28,17/09/2026 18:39
関西,関西電力株式会社,63D03,大河内発電所,水力,３号機,320000,計画停止,停止・設備故障,,9999/03/17 09:00,あり,9999/03/17,発電機作業,2025/02/13 13:20,removed,outages_20260917_132835.csv,outages_20260917_183953.csv,17/09/2026 13:28,17/09/2026 18:39
関西,関西電力株式会社,63D03,大河内発電所,水力,４号機,320000,計画停止,停止・設備故障,,9999/03/17 09:00,あり,9999/03/17,発電機作業,2025/02/13 13:19,removed,outages_20260917_132835.csv,outages_20260917_183953.csv,17/09/2026 13:28,17/09/2026 18:39
関西,関西電力株式会社,63D03,大河内発電所,水力,１号機,320000,計画停止,停止・設備故障,,9999/03/16 09:00,あり,9999/03/16,発電機作業,2025/02/13 13:18,removed,outages_20260917_132835.csv,outages_20260917_183953.csv,17/09/2026 13:28,17/09/2026 18:39
関西,関西電力株式会社,63D03,大河内発電所,水力,２号機,320000,計画停止,停止・設備故障,,9999/03/16 09:00,あり,9999/03/16,発電機作業,2025/02/13 13:18,removed,outages_20260917_132835.csv,outages_20260917_183953.csv,17/09/2026 13:28,17/09/2026 18:39
関西,関西電力株式会社,63D03,大河内発電所,水力,３号機,320000,計画停止,停止・設備故障,,9999/03/16 09:00,あり,9999/03/16,発電機作業,2025/02/13 13:17,removed,outages_20260917_132835.csv,outages_20260917_183953.csv,17/09/2026 13:28,17/09/2026 18:39
関西,関西電力株式会社,63D03,大河内発電所,水力,４号機,320000,計画停止,停止・設備故障,,9999/03/16 09:00,あり,9999/03/16,発電機作業,2025/02/13 13:17,removed,outages_20260917_132835.csv,outages_20260917_183953.csv,17/09/2026 13:28,17/09/2026 18:39
関西,関西電力株式会社,63D03,大河内発電所,水力,２号機,320000,計画停止,停止・設備故障,,9999/12/09 10:00,あり,9999/12/09,発電機作業,2025/02/13 11:53,removed,outages_20260917_132835.csv,outages_20260917_183953.csv,17/09/2026 13:28,17/09/2026 18:39
関西,関西電力株式会社,63D03,大河内発電所,水力,１号機,320000,計画停止,停止・設備故障,,9999/12/08 10:00,あり,9999/12/08,発電機作業,2025/02/13 11:53,removed,outages_20260917_132835.csv,outages_20260917_183953.csv,17/09/2026 13:28,17/09/2026 18:39
関西,関西電力株式会社,63D03,大河内発電所,水力,３号機,320000,計画停止,停止・設備故障,,9999/11/21 10:00,あり,9999/11/21,発電機作業,2025/02/13 11:40,removed,outages_20260917_132835.csv,outages_20260917_183953.csv,17/09/2026 13:28,17/09/2026 18:39
関西,関西電力株式会社,63D03,大河内発電所,水力,３号機,320000,計画停止,停止・設備故障,,9999/11/19 10:00,あり,9999/11/19,発電機作業,2025/02/13 11:39,removed,outages_20260917_132835.csv,outages_20260917_183953.csv,17/09/2026 13:28,17/09/2026 18:39
関西,関西電力株式会社,63D03,大河内発電所,水力,２号機,320000,計画停止,停止・その他,,9999/10/31 17:00,あり,9999/10/31,試運転,2025/02/13 11:35,removed,outages_20260917_132835.csv,outages_20260917_183953.csv,17/09/2026 13:28,17/09/2026 18:39
関西,関西電力株式会社,63D03,大河内発電所,水力,２号機,320000,計画停止,停止・設備故障,,9999/10/24 10:00,あり,9999/10/24,発電機作業,2025/02/13 11:33,removed,outages_20260917_132835.csv,outages_20260917_183953.csv,17/09/2026 13:28,17/09/2026 18:39
関西,関西電力株式会社,63D03,大河内発電所,水力,２号機,320000,計画停止,停止・設備故障,,9999/10/23 10:00,あり,9999/10/23,発電機作業,2025/02/13 11:33,removed,outages_20260917_132835.csv,outages_20260917_183953.csv,17/09/2026 13:28,17/09/2026 18:39
関西,関西電力株式会社,63D03,大河内発電所,水力,２号機,320000,計画停止,停止・設備故障,,9999/10/22 10:00,あり,9999/10/22,発電機作業,2025/02/13 11:32,removed,outages_20260917_132835.csv,outages_20260917_183953.csv,17/09/2026 13:28,17/09/2026 18:39
関西,関西電力株式会社,63D03,大河内発電所,水力,２号機,320000,計画停止,停止・設備故障,,9999/10/21 10:00,あり,9999/10/21,発電機作業,2025/02/13 11:32,removed,outages_20260917_132835.csv,outages_20260917_183953.csv,17/09/2026 13:28,17/09/2026 18:39
関西,関西電力株式会社,63D03,大河内発電所,水力,２号機,320000,計画停止,停止・設備故障,,9999/10/20 10:00,あり,9999/10/31,発電機作業,2025/02/13 11:31,removed,outages_20260917_132835.csv,outages_20260917_183953.csv,17/09/2026 13:28,17/09/2026 18:39
関西,関西電力株式会社,63D03,大河内発電所,水力,１号機,320000,計画停止,停止・その他,,9999/10/17 17:00,あり,9999/10/17,試運転,2025/02/13 11:31,removed,outages_20260917_132835.csv,outages_20260917_183953.csv,17/09/2026 13:28,17/09/2026 18:39
関西,関西電力株式会社,63D03,大河内発電所,水力,１号機,320000,計画停止,停止・設備故障,,9999/10/10 10:00,あり,9999/10/10,発電機作業,2025/02/13 11:30,removed,outages_20260917_132835.csv,outages_20260917_183953.csv,17/09/2026 13:28,17/09/2026 18:39
関西,関西電力株式会社,63D03,大河内発電所,水力,１号機,320000,計画停止,停止・設備故障,,9999/10/09 10:00,あり,9999/10/09,発電機作業,2025/02/13 11:30,removed,outages_20260917_132835.csv,outages_20260917_183953.csv,17/09/2026 13:28,17/09/2026 18:39
関西,関西電力株式会社,63D03,大河内発電所,水力,１号機,320000,計画停止,停止・設備故障,,9999/10/08 10:00,あり,9999/10/08,発電機作業,2025/02/13 11:29,removed,outages_20260917_132835.csv,outages_20260917_183953.csv,17/09/2026 13:28,17/09/2026 18:39
関西,関西電力株式会社,63D03,大河内発電所,水力,１号機,320000,計画停止,停止・設備故障,,9999/10/07 10:00,あり,9999/10/07,発電機作業,2025/02/13 11:29,removed,outages_20260917_132835.csv,outages_20260917_183953.csv,17/09/2026 13:28,17/09/2026 18:39
関西,関西電力株式会社,63D03,大河内発電所,水力,１号機,320000,計画停止,停止・設備故障,,9999/10/06 10:00,あり,9999/10/17,発電機作業,2025/02/13 11:28,removed,outages_20260917_132835.csv,outages_20260917_183953.csv,17/09/2026 13:28,17/09/2026 18:39
関西,関西電力株式会社,63D03,大河内発電所,水力,２号機,320000,計画停止,停止・設備故障,,9999/09/30 10:00,あり,9999/09/30,発電機作業,2025/02/13 11:26,removed,outages_20260917_132835.csv,outages_20260917_183953.csv,17/09/2026 13:28,17/09/2026 18:39
関西,関西電力株式会社,63D03,大河内発電所,水力,１号機,320000,計画停止,停止・設備故障,,9999/09/29 10:00,あり,9999/09/29,発電機作業,2025/02/13 11:26,removed,outages_20260917_132835.csv,outages_20260917_183953.csv,17/09/2026 13:28,17/09/2026 18:39
関西,関西電力株式会社,63D03,大河内発電所,水力,１号機,320000,計画停止,停止・その他,,9999/05/06 14:00,あり,9999/05/06,試運転,2025/02/13 10:51,removed,outages_20260917_132835.csv,outages_20260917_183953.csv,17/09/2026 13:28,17/09/2026 18:39
関西,関西電力株式会社,63D03,大河内発電所,水力,１号機,320000,計画停止,停止・設備故障,,9999/05/06 10:00,あり,9999/05/06,発電機作業,2025/02/13 10:50,removed,outages_20260917_132835.csv,outages_20260917_183953.csv,17/09/2026 13:28,17/09/2026 18:39
関西,関西電力株式会社,63D03,大河内発電所,水力,１号機,320000,計画停止,停止・設備故障,,9999/04/20 10:00,あり,9999/04/20,発電機作業,2025/02/13 10:48,removed,outages_20260917_132835.csv,outages_20260917_183953.csv,17/09/2026 13:28,17/09/2026 18:39
関西,関西電力株式会社,63D03,大河内発電所,水力,３号機,320000,計画停止,停止・設備故障,,9999/04/20 10:00,あり,9999/04/20,発電機作業,2025/02/13 10:48,removed,outages_20260917_132835.csv,outages_20260917_183953.csv,17/09/2026 13:28,17/09/2026 18:39
関西,関西電力株式会社,63D03,大河内発電所,水力,４号機,320000,計画停止,停止・設備故障,,9999/04/20 10:00,あり,9999/04/20,発電機作業,2025/02/13 10:47,removed,outages_20260917_132835.csv,outages_20260917_183953.csv,17/09/2026 13:28,17/09/2026 18:39
関西,関西電力株式会社,63D03,大河内発電所,水力,２号機,320000,計画停止,停止・設備故障,,9999/04/08 09:00,あり,9999/05/07,発電機作業,2025/02/12 18:19,removed,outages_20260917_132835.csv,outages_20260917_183953.csv,17/09/2026 13:28,17/09/2026 18:39
関西,関西電力株式会社,63D03,大河内発電所,水力,２号機,320000,計画停止,停止・設備故障,,9999/04/08 09:00,あり,9999/05/07,発電機作業,2025/02/12 18:19,removed,outages_20260917_132835.csv,outages_20260917_183953.csv,17/09/2026 13:28,17/09/2026 18:39
関西,関西電力株式会社,63D03,大河内発電所,水力,２号機,320000,計画停止,停止・設備故障,,9999/04/08 09:00,あり,9999/05/07,発電機作業,2025/02/12 18:18,removed,outages_20260917_132835.csv,outages_20260917_183953.csv,17/09/2026 13:28,17/09/2026 18:39
関西,関西電力株式会社,68E00,奥多々良木発電所,水力,４号機,303000,計画停止,停止・設備故障,,9999/06/06 12:00,あり,9999/06/06,発電機作業,2025/02/10 16:15,removed,outages_20260917_132835.csv,outages_20260917_183953.csv,17/09/2026 13:28,17/09/2026 18:39
関西,関西電力株式会社,68E00,奥多々良木発電所,水力,５号機,360000,計画停止,停止・設備故障,,9999/05/13 09:00,あり,9999/06/19,発電機作業,2025/02/10 16:01,removed,outages_20260917_132835.csv,outages_20260917_183953.csv,17/09/2026 13:28,17/09/2026 18:39
関西,関西電力株式会社,68E00,奥多々良木発電所,水力,６号機,360000,計画停止,停止・設備故障,,9999/04/21 09:00,あり,9999/04/25,発電機作業,2025/02/10 15:45,removed,outages_20260917_132835.csv,outages_20260917_183953.csv,17/09/2026 13:28,17/09/2026 18:39
関西,関西電力株式会社,68E00,奥多々良木発電所,水力,４号機,303000,計画停止,停止・設備故障,,9999/04/04 17:00,あり,9999/06/06,発電機作業,2025/02/10 15:44,removed,outages_20260917_132835.csv,outages_20260917_183953.csv,17/09/2026 13:28,17/09/2026 18:39
関西,関西電力株式会社,65C00,奥吉野発電所,水力,４号機,201000,計画停止,停止・設備故障,,9999/03/25 13:00,あり,9999/03/25,発電機作業,2025/02/10 15:30,removed,outages_20260917_132835.csv,outages_20260917_183953.csv,17/09/2026 13:28,17/09/2026 18:39
関西,関西電力株式会社,65C00,奥吉野発電所,水力,６号機,201000,計画停止,停止・設備故障,,9999/03/25 13:00,あり,9999/03/25,発電機作業,2025/02/10 15:30,removed,outages_20260917_132835.csv,outages_20260917_183953.csv,17/09/2026 13:28,17/09/2026 18:39
関西,関西電力株式会社,65C00,奥吉野発電所,水力,２号機,201000,計画停止,停止・設備故障,,9999/03/24 13:00,あり,9999/03/24,発電機作業,2025/02/10 15:29,removed,outages_20260917_132835.csv,outages_20260917_183953.csv,17/09/2026 13:28,17/09/2026 18:39
関西,関西電力株式会社,65C00,奥吉野発電所,水力,３号機,201000,計画停止,停止・設備故障,,9999/03/24 13:00,あり,9999/03/24,発電機作業,2025/02/10 15:29,removed,outages_20260917_132835.csv,outages_20260917_183953.csv,17/09/2026 13:28,17/09/2026 18:39
関西,関西電力株式会社,65C00,奥吉野発電所,水力,４号機,201000,計画停止,停止・設備故障,,9999/02/18 13:00,あり,9999/02/18,発電機作業,2025/02/10 15:25,removed,outages_20260917_132835.csv,outages_20260917_183953.csv,17/09/2026 13:28,17/09/2026 18:39
関西,関西電力株式会社,65C00,奥吉野発電所,水力,６号機,201000,計画停止,停止・設備故障,,9999/02/18 13:00,あり,9999/02/18,発電機作業,2025/02/10 15:25,removed,outages_20260917_132835.csv,outages_20260917_183953.csv,17/09/2026 13:28,17/09/2026 18:39
関西,関西電力株式会社,65C00,奥吉野発電所,水力,４号機,201000,計画停止,停止・設備故障,,9999/01/14 13:00,あり,9999/01/14,発電機作業,2025/02/10 15:17,removed,outages_20260917_132835.csv,outages_20260917_183953.csv,17/09/2026 13:28,17/09/2026 18:39
関西,関西電力株式会社,65C00,奥吉野発電所,水力,５号機,201000,計画停止,停止・設備故障,,9999/01/14 13:00,あり,9999/01/14,発電機作業,2025/02/10 15:16,removed,outages_20260917_132835.csv,outages_20260917_183953.csv,17/09/2026 13:28,17/09/2026 18:39
関西,関西電力株式会社,65C00,奥吉野発電所,水力,６号機,201000,計画停止,停止・設備故障,,9999/01/14 13:00,あり,9999/01/14,発電機作業,2025/02/10 15:16,removed,outages_20260917_132835.csv,outages_20260917_183953.csv,17/09/2026 13:28,17/09/2026 18:39
関西,関西電力株式会社,65C00,奥吉野発電所,水力,３号機,201000,計画停止,停止・設備故障,,9999/01/13 13:00,あり,9999/01/13,発電機作業,2025/02/10 15:15,removed,outages_20260917_132835.csv,outages_20260917_183953.csv,17/09/2026 13:28,17/09/2026 18:39
関西,関西電力株式会社,65C00,奥吉野発電所,水力,２号機,201000,計画停止,停止・設備故障,,9999/01/13 13:00,あり,9999/01/13,発電機作業,2025/02/10 15:14,removed,outages_20260917_132835.csv,outages_20260917_183953.csv,17/09/2026 13:28,17/09/2026 18:39
関西,関西電力株式会社,65C00,奥吉野発電所,水力,４号機,201000,計画停止,停止・設備故障,,9999/12/17 13:00,あり,9999/12/17,発電機作業,2025/02/10 15:12,removed,outages_20260917_132835.csv,outages_20260917_183953.csv,17/09/2026 13:28,17/09/2026 18:39
関西,関西電力株式会社,65C00,奥吉野発電所,水力,６号機,201000,計画停止,停止・設備故障,,9999/12/17 13:00,あり,9999/12/17,発電機作業,2025/02/10 15:12,removed,outages_20260917_132835.csv,outages_20260917_183953.csv,17/09/2026 13:28,17/09/2026 18:39
関西,関西電力株式会社,65C00,奥吉野発電所,水力,１号機,201000,計画停止,停止・設備故障,,9999/12/16 13:00,あり,9999/12/16,発電機作業,2025/02/10 15:11,removed,outages_20260917_132835.csv,outages_20260917_183953.csv,17/09/2026 13:28,17/09/2026 18:39
関西,関西電力株式会社,65C00,奥吉野発電所,水力,２号機,201000,計画停止,停止・設備故障,,9999/12/16 13:00,あり,9999/12/16,発電機作業,2025/02/10 15:11,removed,outages_20260917_132835.csv,outages_20260917_183953.csv,17/09/2026 13:28,17/09/2026 18:39
関西,関西電力株式会社,65C00,奥吉野発電所,水力,３号機,201000,計画停止,停止・設備故障,,9999/12/16 13:00,あり,9999/12/16,発電機作業,2025/02/10 15:10,removed,outages_20260917_132835.csv,outages_20260917_183953.csv,17/09/2026 13:28,17/09/2026 18:39
関西,関西電力株式会社,65C00,奥吉野発電所,水力,１号機,201000,計画停止,停止・設備故障,,9999/11/26 09:00,あり,9999/11/26,発電機作業,2025/02/10 15:06,removed,outages_20260917_132835.csv,outages_20260917_183953.csv,17/09/2026 13:28,17/09/2026 18:39
関西,関西電力株式会社,65C00,奥吉野発電所,水力,２号機,201000,計画停止,停止・設備故障,,9999/11/26 09:00,あり,9999/11/26,発電機作業,2025/02/10 15:05,removed,outages_20260917_132835.csv,outages_20260917_183953.csv,17/09/2026 13:28,17/09/2026 18:39
関西,関西電力株式会社,65C00,奥吉野発電所,水力,３号機,201000,計画停止,停止・設備故障,,9999/11/26 09:00,あり,9999/11/26,発電機作業,2025/02/10 15:05,removed,outages_20260917_132835.csv,outages_20260917_183953.csv,17/09/2026 13:28,17/09/2026 18:39
関西,関西電力株式会社,65C00,奥吉野発電所,水力,４号機,201000,計画停止,停止・その他,,9999/11/26 09:00,あり,9999/11/26,試運転,2025/02/10 15:04,removed,outages_20260917_132835.csv,outages_20260917_183953.csv,17/09/2026 13:28,17/09/2026 18:39
関西,関西電力株式会社,65C00,奥吉野発電所,水力,５号機,201000,計画停止,停止・設備故障,,9999/11/26 09:00,あり,9999/11/26,発電機作業,2025/02/10 15:04,removed,outages_20260917_132835.csv,outages_20260917_183953.csv,17/09/2026 13:28,17/09/2026 18:39
関西,関西電力株式会社,65C00,奥吉野発電所,水力,６号機,201000,計画停止,停止・設備故障,,9999/11/26 09:00,あり,9999/11/26,発電機作業,2025/02/10 15:03,removed,outages_20260917_132835.csv,outages_20260917_183953.csv,17/09/2026 13:28,17/09/2026 18:39
関西,関西電力株式会社,65C00,奥吉野発電所,水力,４号機,201000,計画停止,停止・設備故障,,9999/11/25 12:00,あり,9999/11/25,発電機作業,2025/02/10 15:02,removed,outages_20260917_132835.csv,outages_20260917_183953.csv,17/09/2026 13:28,17/09/2026 18:39
関西,関西電力株式会社,65C00,奥吉野発電所,水力,５号機,201000,計画停止,停止・設備故障,,9999/11/25 12:00,あり,9999/11/25,発電機作業,2025/02/10 15:01,removed,outages_20260917_132835.csv,outages_20260917_183953.csv,17/09/2026 13:28,17/09/2026 18:39
関西,関西電力株式会社,65C00,奥吉野発電所,水力,６号機,201000,計画停止,停止・設備故障,,9999/11/25 12:00,あり,9999/11/25,発電機作業,2025/02/10 15:00,removed,outages_20260917_132835.csv,outages_20260917_183953.csv,17/09/2026 13:28,17/09/2026 18:39
関西,関西電力株式会社,65C00,奥吉野発電所,水力,６号機,201000,計画停止,停止・設備故障,,9999/11/24 09:00,あり,9999/11/25,発電機作業,2025/02/10 14:58,removed,outages_20260917_132835.csv,outages_20260917_183953.csv,17/09/2026 13:28,17/09/2026 18:39
関西,関西電力株式会社,65C00,奥吉野発電所,水力,５号機,201000,計画停止,停止・設備故障,,9999/11/24 09:00,あり,9999/11/25,発電機作業,2025/02/10 14:57,removed,outages_20260917_132835.csv,outages_20260917_183953.csv,17/09/2026 13:28,17/09/2026 18:39
関西,関西電力株式会社,65C00,奥吉野発電所,水力,４号機,201000,計画停止,停止・設備故障,,9999/11/24 09:00,あり,9999/11/25,発電機作業,2025/02/10 14:56,removed,outages_20260917_132835.csv,outages_20260917_183953.csv,17/09/2026 13:28,17/09/2026 18:39
関西,関西電力株式会社,65C00,奥吉野発電所,水力,４号機,201000,計画停止,停止・設備故障,,9999/11/06 13:00,あり,9999/11/06,発電機作業,2025/02/10 14:22,removed,outages_20260917_132835.csv,outages_20260917_183953.csv,17/09/2026 13:28,17/09/2026 18:39
関西,関西電力株式会社,65C00,奥吉野発電所,水力,５号機,201000,計画停止,停止・設備故障,,9999/11/06 13:00,あり,9999/11/06,発電機作業,2025/02/10 14:22,removed,outages_20260917_132835.csv,outages_20260917_183953.csv,17/09/2026 13:28,17/09/2026 18:39
関西,関西電力株式会社,65C00,奥吉野発電所,水力,３号機,201000,計画停止,停止・設備故障,,9999/02/23 12:00,あり,9999/02/23,発電機作業,2025/02/10 09:29,removed,outages_20260917_132835.csv,outages_20260917_183953.csv,17/09/2026 13:28,17/09/2026 18:39
関西,関西電力株式会社,65C00,奥吉野発電所,水力,４号機,201000,計画停止,停止・設備故障,,9999/10/25 09:00,あり,9999/10/26,発電機作業,2025/02/07 17:09,removed,outages_20260917_132835.csv,outages_20260917_183953.csv,17/09/2026 13:28,17/09/2026 18:39
関西,関西電力株式会社,65C00,奥吉野発電所,水力,５号機,201000,計画停止,停止・設備故障,,9999/10/25 09:00,あり,9999/10/26,発電機作業,2025/02/07 17:09,removed,outages_20260917_132835.csv,outages_20260917_183953.csv,17/09/2026 13:28,17/09/2026 18:39
関西,関西電力株式会社,65C00,奥吉野発電所,水力,６号機,201000,計画停止,停止・設備故障,,9999/10/25 09:00,あり,9999/10/26,発電機作業,2025/02/07 17:09,removed,outages_20260917_132835.csv,outages_20260917_183953.csv,17/09/2026 13:28,17/09/2026 18:39
関西,関西電力株式会社,65C00,奥吉野発電所,水力,６号機,201000,計画停止,停止・設備故障,,9999/09/17 13:00,あり,9999/09/17,発電機作業,2025/02/07 16:25,removed,outages_20260917_132835.csv,outages_20260917_183953.csv,17/09/2026 13:28,17/09/2026 18:39
関西,関西電力株式会社,65C00,奥吉野発電所,水力,４号機,201000,計画停止,停止・設備故障,,9999/08/13 13:00,あり,9999/08/13,発電機作業,2025/02/07 16:21,removed,outages_20260917_132835.csv,outages_20260917_183953.csv,17/09/2026 13:28,17/09/2026 18:39
関西,関西電力株式会社,65C00,奥吉野発電所,水力,６号機,201000,計画停止,停止・設備故障,,9999/08/13 13:00,あり,9999/08/13,発電機作業,2025/02/07 16:19,removed,outages_20260917_132835.csv,outages_20260917_183953.csv,17/09/2026 13:28,17/09/2026 18:39
関西,関西電力株式会社,65C00,奥吉野発電所,水力,２号機,201000,計画停止,停止・設備故障,,9999/08/12 13:00,あり,9999/08/12,発電機作業,2025/02/07 16:19,removed,outages_20260917_132835.csv,outages_20260917_183953.csv,17/09/2026 13:28,17/09/2026 18:39
関西,関西電力株式会社,65C00,奥吉野発電所,水力,３号機,201000,計画停止,停止・設備故障,,9999/08/12 13:00,あり,9999/08/12,発電機作業,2025/02/07 16:18,removed,outages_20260917_132835.csv,outages_20260917_183953.csv,17/09/2026 13:28,17/09/2026 18:39
関西,関西電力株式会社,65C00,奥吉野発電所,水力,４号機,201000,計画停止,停止・設備故障,,9999/07/16 13:00,あり,9999/07/16,発電機作業,2025/02/07 16:17,removed,outages_20260917_132835.csv,outages_20260917_183953.csv,17/09/2026 13:28,17/09/2026 18:39
関西,関西電力株式会社,65C00,奥吉野発電所,水力,５号機,201000,計画停止,停止・設備故障,,9999/07/16 13:00,あり,9999/07/16,発電機作業,2025/02/07 16:14,removed,outages_20260917_132835.csv,outages_20260917_183953.csv,17/09/2026 13:28,17/09/2026 18:39
関西,関西電力株式会社,65C00,奥吉野発電所,水力,２号機,201000,計画停止,停止・設備故障,,9999/07/15 13:00,あり,9999/07/15,発電機作業,2025/02/07 14:57,removed,outages_20260917_132835.csv,outages_20260917_183953.csv,17/09/2026 13:28,17/09/2026 18:39
関西,関西電力株式会社,65C00,奥吉野発電所,水力,３号機,201000,計画停止,停止・設備故障,,9999/07/15 13:00,あり,9999/07/15,発電機作業,2025/02/07 14:57,removed,outages_20260917_132835.csv,outages_20260917_183953.csv,17/09/2026 13:28,17/09/2026 18:39
関西,関西電力株式会社,65C00,奥吉野発電所,水力,２号機,201000,計画停止,停止・設備故障,,9999/06/24 13:00,あり,9999/06/24,発電機作業,2025/02/07 14:52,removed,outages_20260917_132835.csv,outages_20260917_183953.csv,17/09/2026 13:28,17/09/2026 18:39
関西,関西電力株式会社,65C00,奥吉野発電所,水力,３号機,201000,計画停止,停止・設備故障,,9999/06/24 13:00,あり,9999/06/24,発電機作業,2025/02/07 14:51,removed,outages_20260917_132835.csv,outages_20260917_183953.csv,17/09/2026 13:28,17/09/2026 18:39
関西,関西電力株式会社,65C00,奥吉野発電所,水力,４号機,201000,計画停止,停止・設備故障,,9999/06/23 13:00,あり,9999/06/23,発電機作業,2025/02/07 14:50,removed,outages_20260917_132835.csv,outages_20260917_183953.csv,17/09/2026 13:28,17/09/2026 18:39
関西,関西電力株式会社,65C00,奥吉野発電所,水力,５号機,201000,計画停止,停止・設備故障,,9999/06/23 13:00,あり,9999/06/23,発電機作業,2025/02/07 14:50,removed,outages_20260917_132835.csv,outages_20260917_183953.csv,17/09/2026 13:28,17/09/2026 18:39
関西,関西電力株式会社,65C00,奥吉野発電所,水力,６号機,201000,計画停止,停止・設備故障,,9999/06/23 13:00,あり,9999/06/23,発電機作業,2025/02/07 14:49,removed,outages_20260917_132835.csv,outages_20260917_183953.csv,17/09/2026 13:28,17/09/2026 18:39
関西,関西電力株式会社,65C00,奥吉野発電所,水力,２号機,201000,計画停止,停止・設備故障,,9999/06/12 17:00,あり,9999/06/12,発電機作業,2025/02/07 14:45,removed,outages_20260917_132835.csv,outages_20260917_183953.csv,17/09/2026 13:28,17/09/2026 18:39
関西,関西電力株式会社,65C00,奥吉野発電所,水力,４号機,201000,計画停止,停止・設備故障,,9999/06/12 17:00,あり,9999/06/12,発電機作業,2025/02/07 14:45,removed,outages_20260917_132835.csv,outages_20260917_183953.csv,17/09/2026 13:28,17/09/2026 18:39
関西,関西電力株式会社,65C00,奥吉野発電所,水力,６号機,201000,計画停止,停止・設備故障,,9999/06/12 17:00,あり,9999/06/12,発電機作業,2025/02/07 14:44,removed,outages_20260917_132835.csv,outages_20260917_183953.csv,17/09/2026 13:28,17/09/2026 18:39
関西,関西電力株式会社,65C00,奥吉野発電所,水力,３号機,201000,計画停止,停止・設備故障,,9999/05/26 09:00,あり,9999/05/29,発電機作業,2025/02/07 14:38,removed,outages_20260917_132835.csv,outages_20260917_183953.csv,17/09/2026 13:28,17/09/2026 18:39
関西,関西電力株式会社,65C00,奥吉野発電所,水力,３号機,201000,計画停止,停止・設備故障,,9999/05/19 09:00,あり,9999/05/23,発電機作業,2025/02/07 14:37,removed,outages_20260917_132835.csv,outages_20260917_183953.csv,17/09/2026 13:28,17/09/2026 18:39
関西,関西電力株式会社,65C00,奥吉野発電所,水力,３号機,201000,計画停止,停止・設備故障,,9999/05/16 16:30,あり,9999/05/16,発電機作業,2025/02/07 14:35,removed,outages_20260917_132835.csv,outages_20260917_183953.csv,17/09/2026 13:28,17/09/2026 18:39
関西,関西電力株式会社,65C00,奥吉野発電所,水力,４号機,201000,計画停止,停止・設備故障,,9999/05/16 16:30,あり,9999/05/16,発電機作業,2025/02/07 14:35,removed,outages_20260917_132835.csv,outages_20260917_183953.csv,17/09/2026 13:28,17/09/2026 18:39
関西,関西電力株式会社,65C00,奥吉野発電所,水力,１号機,201000,計画停止,停止・設備故障,,9999/05/16 16:30,あり,9999/05/16,発電機作業,2025/02/07 14:31,removed,outages_20260917_132835.csv,outages_20260917_183953.csv,17/09/2026 13:28,17/09/2026 18:39
関西,関西電力株式会社,65C00,奥吉野発電所,水力,６号機,201000,計画停止,停止・設備故障,,9999/05/16 16:30,あり,9999/05/16,発電機作業,2025/02/07 14:30,removed,outages_20260917_132835.csv,outages_20260917_183953.csv,17/09/2026 13:28,17/09/2026 18:39
関西,関西電力株式会社,65C00,奥吉野発電所,水力,２号機,201000,計画停止,停止・設備故障,,9999/05/14 16:30,あり,9999/05/14,発電機作業,2025/02/07 14:29,removed,outages_20260917_132835.csv,outages_20260917_183953.csv,17/09/2026 13:28,17/09/2026 18:39
関西,関西電力株式会社,65C00,奥吉野発電所,水力,３号機,201000,計画停止,停止・設備故障,,9999/05/14 16:30,あり,9999/05/14,発電機作業,2025/02/07 14:28,removed,outages_20260917_132835.csv,outages_20260917_183953.csv,17/09/2026 13:28,17/09/2026 18:39
関西,関西電力株式会社,65C00,奥吉野発電所,水力,４号機,201000,計画停止,停止・設備故障,,9999/05/14 16:30,あり,9999/05/14,発電機作業,2025/02/07 14:28,removed,outages_20260917_132835.csv,outages_20260917_183953.csv,17/09/2026 13:28,17/09/2026 18:39
関西,関西電力株式会社,65C00,奥吉野発電所,水力,５号機,201000,計画停止,停止・設備故障,,9999/05/14 16:30,あり,9999/05/14,発電機作業,2025/02/07 14:27,removed,outages_20260917_132835.csv,outages_20260917_183953.csv,17/09/2026 13:28,17/09/2026 18:39
関西,関西電力株式会社,65C00,奥吉野発電所,水力,６号機,201000,計画停止,停止・設備故障,,9999/05/14 16:30,あり,9999/05/14,発電機作業,2025/02/07 14:27,removed,outages_20260917_132835.csv,outages_20260917_183953.csv,17/09/2026 13:28,17/09/2026 18:39
関西,関西電力株式会社,65C00,奥吉野発電所,水力,２号機,201000,計画停止,停止・設備故障,,9999/05/13 13:00,あり,9999/05/13,発電機作業,2025/02/07 14:22,removed,outages_20260917_132835.csv,outages_20260917_183953.csv,17/09/2026 13:28,17/09/2026 18:39
関西,関西電力株式会社,65C00,奥吉野発電所,水力,３号機,201000,計画停止,停止・設備故障,,9999/05/13 13:00,あり,9999/05/13,発電機作業,2025/02/07 14:22,removed,outages_20260917_132835.csv,outages_20260917_183953.csv,17/09/2026 13:28,17/09/2026 18:39
関西,関西電力株式会社,65C00,奥吉野発電所,水力,６号機,201000,計画停止,停止・設備故障,,9999/05/08 13:00,あり,9999/05/08,発電機作業,2025/02/07 14:17,removed,outages_20260917_132835.csv,outages_20260917_183953.csv,17/09/2026 13:28,17/09/2026 18:39
関西,関西電力株式会社,65C00,奥吉野発電所,水力,５号機,201000,計画停止,停止・設備故障,,9999/05/08 13:00,あり,9999/05/08,発電機作業,2025/02/07 14:17,removed,outages_20260917_132835.csv,outages_20260917_183953.csv,17/09/2026 13:28,17/09/2026 18:39
関西,関西電力株式会社,65C00,奥吉野発電所,水力,４号機,201000,計画停止,停止・設備故障,,9999/05/08 13:00,あり,9999/05/08,発電機作業,2025/02/07 14:16,removed,outages_20260917_132835.csv,outages_20260917_183953.csv,17/09/2026 13:28,17/09/2026 18:39
中部,中部電力(株),42332,徳山発電所,水力,１号機,139000,計画停止,停止・定期検査等,,9999/02/26 09:00,あり,9999/03/14,作業,2025/02/05 09:19,removed,outages_20260917_132835.csv,outages_20260917_183953.csv,17/09/2026 13:28,17/09/2026 18:39
関西,関西電力株式会社,68J45,姫路第一発電所,火力（ガス）,５号機,729000,計画停止,停止・設備故障,,9999/09/23 00:00,あり,9999/10/31,発電機作業,2025/02/04 11:16,removed,outages_20260917_132835.csv,outages_20260917_183953.csv,17/09/2026 13:28,17/09/2026 18:39
関西,関西電力株式会社,62A42,堺港発電所,火力（ガス）,２号機,400000,計画停止,停止・設備故障,,9999/03/02 00:00,あり,9999/04/27,発電機作業,2025/01/31 16:33,removed,outages_20260917_132835.csv,outages_20260917_183953.csv,17/09/2026 13:28,17/09/2026 18:39
関西,関西電力株式会社,62A43,堺港発電所,火力（ガス）,３号機,400000,計画停止,停止・定期検査等,,9999/05/12 00:00,あり,9999/07/07,定期検査等,2025/01/31 16:30,removed,outages_20260917_132835.csv,outages_20260917_183953.csv,17/09/2026 13:28,17/09/2026 18:39
関西,関西電力株式会社,67C43,御坊発電所,火力（石油）,３号機,600000,計画停止,停止・設備故障,,9999/05/19 00:00,あり,9999/06/03,発電機作業,2025/01/31 16:27,removed,outages_20260917_132835.csv,outages_20260917_183953.csv,17/09/2026 13:28,17/09/2026 18:39
関西,関西電力株式会社,63C00,喜撰山発電所,水力,２号機,233000,計画停止,停止・設備故障,,9999/02/05 12:00,あり,9999/02/05,発電機作業,2025/01/31 11:01,removed,outages_20260917_132835.csv,outages_20260917_183953.csv,17/09/2026 13:28,17/09/2026 18:39
北陸,北陸電力株式会社,53203,北陸電力 七尾大田火力発電所,火力（石炭）,2号機,700000,出力低下,低下・その他,140000,9999/01/30 00:00,あり,9999/01/31,削除,2025/01/30 20:01,removed,outages_20260917_132835.csv,outages_20260917_183953.csv,17/09/2026 13:28,17/09/2026 18:39
関西,関西電力株式会社,68E00,奥多々良木発電所,水力,２号機,303000,計画停止,停止・設備故障,,9999/03/26 15:00,あり,9999/03/26,発電機作業,2025/01/30 18:45,removed,outages_20260917_132835.csv,outages_20260917_183953.csv,17/09/2026 13:28,17/09/2026 18:39
関西,関西電力株式会社,68E00,奥多々良木発電所,水力,１号機,303000,計画停止,停止・設備故障,,9999/03/26 15:00,あり,9999/03/26,発電機作業,2025/01/30 18:44,removed,outages_20260917_132835.csv,outages_20260917_183953.csv,17/09/2026 13:28,17/09/2026 18:39
関西,関西電力株式会社,68E00,奥多々良木発電所,水力,２号機,303000,計画停止,停止・設備故障,,9999/03/26 10:00,あり,9999/03/26,発電機作業,2025/01/30 10:58,removed,outages_20260917_132835.csv,outages_20260917_183953.csv,17/09/2026 13:28,17/09/2026 18:39
関西,関西電力株式会社,68E00,奥多々良木発電所,水力,１号機,303000,計画停止,停止・設備故障,,9999/03/26 10:00,あり,9999/03/26,発電機作業,2025/01/30 10:56,removed,outages_20260917_132835.csv,outages_20260917_183953.csv,17/09/2026 13:28,17/09/2026 18:39
北陸,北陸電力株式会社,53202,北陸電力 七尾大田火力発電所,火力（石炭）,1号機,500000,出力低下,低下・その他,100000,9999/01/22 00:00,あり,9999/01/22,削除,2025/01/22 16:59,removed,outages_20260917_132835.csv,outages_20260917_183953.csv,17/09/2026 13:28,17/09/2026 18:39
中部,中部電力(株),41003,奥美濃発電所,水力,５号機,250000,計画停止,停止・定期検査等,,9999/01/21 17:30,あり,9999/01/21,作業,2025/01/17 10:27,removed,outages_20260917_132835.csv,outages_20260917_183953.csv,17/09/2026 13:28,17/09/2026 18:39
中部,中部電力(株),41003,奥美濃発電所,水力,５号機,250000,計画停止,停止・定期検査等,,9999/01/20 09:00,あり,9999/01/20,作業,2025/01/17 10:26,removed,outages_20260917_132835.csv,outages_20260917_183953.csv,17/09/2026 13:28,17/09/2026 18:39
関西,関西電力株式会社,63C00,喜撰山発電所,水力,１号機,233000,計画停止,停止・その他,,9999/02/03 09:00,あり,9999/02/03,運用制約,2025/01/16 17:33,removed,outages_20260917_132835.csv,outages_20260917_183953.csv,17/09/2026 13:28,17/09/2026 18:39
関西,関西電力株式会社,63C00,喜撰山発電所,水力,２号機,233000,計画停止,停止・その他,,9999/02/03 09:00,あり,9999/02/03,運用制約,2025/01/16 17:33,removed,outages_20260917_132835.csv,outages_20260917_183953.csv,17/09/2026 13:28,17/09/2026 18:39
中国,中国電力株式会社,78301,俣野川発電所,水力,３号機,300000,計画停止,停止・定期検査等,,9999/02/07 09:30,あり,9999/02/07,削除,2025/01/15 16:37,removed,outages_20260917_132835.csv,outages_20260917_183953.csv,17/09/2026 13:28,17/09/2026 18:39
関西,関西電力株式会社,68E00,奥多々良木発電所,水力,１号機,303000,計画停止,停止・設備故障,,9999/01/27 08:00,あり,9999/01/27,発電機作業,2025/01/09 08:53,removed,outages_20260917_132835.csv,outages_20260917_183953.csv,17/09/2026 13:28,17/09/2026 18:39
関西,関西電力株式会社,68E00,奥多々良木発電所,水力,２号機,303000,計画停止,停止・設備故障,,9999/01/27 08:00,あり,9999/01/27,発電機作業,2025/01/09 08:52,removed,outages_20260917_132835.csv,outages_20260917_183953.csv,17/09/2026 13:28,17/09/2026 18:39
関西,関西電力株式会社,68E00,奥多々良木発電所,水力,２号機,303000,計画停止,停止・設備故障,,9999/03/27 10:00,あり,9999/03/27,発電機作業,2024/12/26 17:25,removed,outages_20260917_132835.csv,outages_20260917_183953.csv,17/09/2026 13:28,17/09/2026 18:39
中部,中部電力(株),43002,馬瀬川第一発電所,水力,１号機,144000,計画停止,停止・定期検査等,,9999/01/06 09:00,あり,9999/01/11,作業,2024/12/26 09:23,removed,outages_20260917_132835.csv,outages_20260917_183953.csv,17/09/2026 13:28,17/09/2026 18:39
関西,関西電力株式会社,68E00,奥多々良木発電所,水力,１号機,303000,計画停止,停止・設備故障,,9999/03/26 15:00,あり,9999/04/04,発電機作業,2024/12/25 20:24,removed,outages_20260917_132835.csv,outages_20260917_183953.csv,17/09/2026 13:28,17/09/2026 18:39
関西,関西電力株式会社,68E00,奥多々良木発電所,水力,２号機,303000,計画停止,停止・設備故障,,9999/03/26 15:00,あり,9999/04/04,発電機作業,2024/12/25 20:23,removed,outages_20260917_132835.csv,outages_20260917_183953.csv,17/09/2026 13:28,17/09/2026 18:39
関西,関西電力株式会社,68E00,奥多々良木発電所,水力,１号機,303000,計画停止,停止・設備故障,,9999/03/26 10:00,あり,9999/03/26,発電機作業,2024/12/25 20:22,removed,outages_20260917_132835.csv,outages_20260917_183953.csv,17/09/2026 13:28,17/09/2026 18:39
関西,関西電力株式会社,68E00,奥多々良木発電所,水力,２号機,303000,計画停止,停止・設備故障,,9999/03/26 10:00,あり,9999/03/26,発電機作業,2024/12/25 20:21,removed,outages_20260917_132835.csv,outages_20260917_183953.csv,17/09/2026 13:28,17/09/2026 18:39
関西,関西電力株式会社,68E00,奥多々良木発電所,水力,１号機,303000,計画停止,停止・設備故障,,9999/03/25 10:00,あり,9999/03/26,発電機作業,2024/12/25 20:20,removed,outages_20260917_132835.csv,outages_20260917_183953.csv,17/09/2026 13:28,17/09/2026 18:39
関西,関西電力株式会社,68E00,奥多々良木発電所,水力,２号機,303000,計画停止,停止・設備故障,,9999/03/25 10:00,あり,9999/03/26,発電機作業,2024/12/25 20:19,removed,outages_20260917_132835.csv,outages_20260917_183953.csv,17/09/2026 13:28,17/09/2026 18:39
関西,関西電力株式会社,68E00,奥多々良木発電所,水力,１号機,303000,計画停止,停止・設備故障,,9999/03/25 10:00,あり,9999/03/26,発電機作業,2024/12/25 20:18,removed,outages_20260917_132835.csv,outages_20260917_183953.csv,17/09/2026 13:28,17/09/2026 18:39
関西,関西電力株式会社,68E00,奥多々良木発電所,水力,２号機,303000,計画停止,停止・設備故障,,9999/03/25 10:00,あり,9999/03/26,発電機作業,2024/12/25 20:17,removed,outages_20260917_132835.csv,outages_20260917_183953.csv,17/09/2026 13:28,17/09/2026 18:39
関西,関西電力株式会社,68E00,奥多々良木発電所,水力,６号機,360000,計画停止,停止・設備故障,,9999/03/24 09:00,あり,9999/04/21,発電機作業,2024/12/25 20:16,removed,outages_20260917_132835.csv,outages_20260917_183953.csv,17/09/2026 13:28,17/09/2026 18:39
関西,関西電力株式会社,68E00,奥多々良木発電所,水力,５号機,360000,計画停止,停止・設備故障,,9999/03/24 06:00,あり,9999/03/24,発電機作業,2024/12/25 20:15,removed,outages_20260917_132835.csv,outages_20260917_183953.csv,17/09/2026 13:28,17/09/2026 18:39
関西,関西電力株式会社,68E00,奥多々良木発電所,水力,６号機,360000,計画停止,停止・設備故障,,9999/03/24 06:00,あり,9999/03/24,発電機作業,2024/12/25 20:15,removed,outages_20260917_132835.csv,outages_20260917_183953.csv,17/09/2026 13:28,17/09/2026 18:39
関西,関西電力株式会社,68E00,奥多々良木発電所,水力,１号機,303000,計画停止,停止・設備故障,,9999/03/14 08:00,あり,9999/03/14,発電機作業,2024/12/25 20:13,removed,outages_20260917_132835.csv,outages_20260917_183953.csv,17/09/2026 13:28,17/09/2026 18:39
関西,関西電力株式会社,68E00,奥多々良木発電所,水力,２号機,303000,計画停止,停止・設備故障,,9999/03/14 08:00,あり,9999/03/14,発電機作業,2024/12/25 20:13,removed,outages_20260917_132835.csv,outages_20260917_183953.csv,17/09/2026 13:28,17/09/2026 18:39
関西,関西電力株式会社,68E00,奥多々良木発電所,水力,１号機,303000,計画停止,停止・設備故障,,9999/02/28 08:00,あり,9999/02/28,発電機作業,2024/12/25 20:12,removed,outages_20260917_132835.csv,outages_20260917_183953.csv,17/09/2026 13:28,17/09/2026 18:39
関西,関西電力株式会社,68E00,奥多々良木発電所,水力,２号機,303000,計画停止,停止・設備故障,,9999/02/28 08:00,あり,9999/02/28,発電機作業,2024/12/25 20:11,removed,outages_20260917_132835.csv,outages_20260917_183953.csv,17/09/2026 13:28,17/09/2026 18:39
関西,関西電力株式会社,65C00,奥吉野発電所,水力,４号機,201000,計画停止,停止・設備故障,,9999/03/12 13:00,あり,9999/03/12,発電機作業,2024/12/25 20:10,removed,outages_20260917_132835.csv,outages_20260917_183953.csv,17/09/2026 13:28,17/09/2026 18:39
関西,関西電力株式会社,65C00,奥吉野発電所,水力,５号機,201000,計画停止,停止・設備故障,,9999/03/12 13:00,あり,9999/03/12,発電機作業,2024/12/25 20:09,removed,outages_20260917_132835.csv,outages_20260917_183953.csv,17/09/2026 13:28,17/09/2026 18:39
関西,関西電力株式会社,65C00,奥吉野発電所,水力,６号機,201000,計画停止,停止・設備故障,,9999/03/12 13:00,あり,9999/03/12,発電機作業,2024/12/25 20:09,removed,outages_20260917_132835.csv,outages_20260917_183953.csv,17/09/2026 13:28,17/09/2026 18:39
関西,関西電力株式会社,65C00,奥吉野発電所,水力,１号機,201000,計画停止,停止・設備故障,,9999/03/11 13:00,あり,9999/03/11,発電機作業,2024/12/25 20:08,removed,outages_20260917_132835.csv,outages_20260917_183953.csv,17/09/2026 13:28,17/09/2026 18:39
関西,関西電力株式会社,65C00,奥吉野発電所,水力,２号機,201000,計画停止,停止・設備故障,,9999/03/11 13:00,あり,9999/03/11,発電機作業,2024/12/25 20:07,removed,outages_20260917_132835.csv,outages_20260917_183953.csv,17/09/2026 13:28,17/09/2026 18:39
関西,関西電力株式会社,65C00,奥吉野発電所,水力,３号機,201000,計画停止,停止・設備故障,,9999/03/11 13:00,あり,9999/03/11,発電機作業,2024/12/25 20:06,removed,outages_20260917_132835.csv,outages_20260917_183953.csv,17/09/2026 13:28,17/09/2026 18:39
関西,関西電力株式会社,63D41,舞鶴発電所,火力（石炭）,１号機,900000,計画停止,停止・設備故障,,9999/03/06 00:00,あり,9999/06/27,発電機作業,2024/12/25 19:34,removed,outages_20260917_132835.csv,outages_20260917_183953.csv,17/09/2026 13:28,17/09/2026 18:39
関西,関西電力株式会社,68C43,姫路第二発電所,火力（ガス）,３号機,486500,計画停止,停止・定期検査等,,9999/03/22 00:00,あり,9999/04/03,定期検査等,2024/12/25 19:33,removed,outages_20260917_132835.csv,outages_20260917_183953.csv,17/09/2026 13:28,17/09/2026 18:39
関西,関西電力株式会社,68C46,姫路第二発電所,火力（ガス）,６号機,486500,計画停止,停止・定期検査等,,9999/03/15 00:00,あり,9999/04/29,定期検査等,2024/12/25 19:32,removed,outages_20260917_132835.csv,outages_20260917_183953.csv,17/09/2026 13:28,17/09/2026 18:39
関西,関西電力株式会社,68J45,姫路第一発電所,火力（ガス）,５号機,729000,出力低下,低下・設備故障,253000,9999/03/04 00:00,あり,9999/04/19,発電機作業 最大低下量：260000kW 最小低下量：249000kW,2024/12/25 19:27,removed,outages_20260917_132835.csv,outages_20260917_183953.csv,17/09/2026 13:28,17/09/2026 18:39
中部,中部電力(株),42332,徳山発電所,水力,１号機,139000,計画停止,停止・送電線等制約,,9999/12/25 06:00,あり,9999/12/25,作業,2024/12/24 17:10,removed,outages_20260917_132835.csv,outages_20260917_183953.csv,17/09/2026 13:28,17/09/2026 18:39
関西,関西電力株式会社,68E00,奥多々良木発電所,水力,１号機,303000,計画停止,停止・設備故障,,9999/01/07 18:00,あり,9999/02/28,発電機作業,2024/12/20 15:44,removed,outages_20260917_132835.csv,outages_20260917_183953.csv,17/09/2026 13:28,17/09/2026 18:39
東北,東北電力株式会社,2V402,東北電力東新潟火力発電所３号系列,火力（ガス）,３−６号機GTB,137000,計画停止,停止・その他,,9999/12/13 08:00,あり,9999/12/13,【削除】作業による停止,2024/12/11 18:06,removed,outages_20260917_132835.csv,outages_20260917_183953.csv,17/09/2026 13:28,17/09/2026 18:39
関西,関西電力株式会社,68J45,姫路第一発電所,火力（ガス）,５号機,729000,出力低下,低下・設備故障,364000,9999/12/15 14:00,あり,9999/12/18,試運転 最大低下量：729000(kW) 最小低下量：1000(kW),2024/12/04 17:01,removed,outages_20260917_132835.csv,outages_20260917_183953.csv,17/09/2026 13:28,17/09/2026 18:39
関西,関西電力株式会社,63D03,大河内発電所,水力,２号機,320000,計画停止,停止・設備故障,,9999/01/31 16:00,あり,9999/01/31,試運転,2024/11/28 18:01,removed,outages_20260917_132835.csv,outages_20260917_183953.csv,17/09/2026 13:28,17/09/2026 18:39
関西,関西電力株式会社,68E00,奥多々良木発電所,水力,１号機,303000,計画停止,停止・設備故障,,9999/02/07 08:00,あり,9999/02/07,発電機作業,2024/11/27 16:30,removed,outages_20260917_132835.csv,outages_20260917_183953.csv,17/09/2026 13:28,17/09/2026 18:39
関西,関西電力株式会社,68E00,奥多々良木発電所,水力,１号機,303000,計画停止,停止・設備故障,,9999/02/07 06:00,あり,9999/02/07,発電機作業,2024/11/27 16:26,removed,outages_20260917_132835.csv,outages_20260917_183953.csv,17/09/2026 13:28,17/09/2026 18:39
関西,関西電力株式会社,68E00,奥多々良木発電所,水力,２号機,303000,計画停止,停止・設備故障,,9999/02/07 08:00,あり,9999/02/07,発電機作業,2024/11/27 16:23,removed,outages_20260917_132835.csv,outages_20260917_183953.csv,17/09/2026 13:28,17/09/2026 18:39
関西,関西電力株式会社,68E00,奥多々良木発電所,水力,２号機,303000,計画停止,停止・設備故障,,9999/02/07 06:00,あり,9999/02/07,発電機作業,2024/11/27 16:18,removed,outages_20260917_132835.csv,outages_20260917_183953.csv,17/09/2026 13:28,17/09/2026 18:39
関西,関西電力株式会社,68E00,奥多々良木発電所,水力,１号機,303000,計画停止,停止・設備故障,,9999/01/20 09:00,あり,9999/02/28,発電機作業,2024/11/27 16:11,removed,outages_20260917_132835.csv,outages_20260917_183953.csv,17/09/2026 13:28,17/09/2026 18:39
関西,関西電力株式会社,68E00,奥多々良木発電所,水力,２号機,303000,計画停止,停止・設備故障,,9999/01/20 09:00,あり,9999/02/28,発電機作業,2024/11/27 16:06,removed,outages_20260917_132835.csv,outages_20260917_183953.csv,17/09/2026 13:28,17/09/2026 18:39
関西,関西電力株式会社,68E00,奥多々良木発電所,水力,１号機,303000,計画停止,停止・設備故障,,9999/01/08 09:00,あり,9999/02/19,発電機作業,2024/11/27 16:02,removed,outages_20260917_132835.csv,outages_20260917_183953.csv,17/09/2026 13:28,17/09/2026 18:39
関西,関西電力株式会社,68E00,奥多々良木発電所,水力,２号機,303000,計画停止,停止・設備故障,,9999/01/08 09:00,あり,9999/02/19,発電機作業,2024/11/27 16:00,removed,outages_20260917_132835.csv,outages_20260917_183953.csv,17/09/2026 13:28,17/09/2026 18:39
関西,関西電力株式会社,65C00,奥吉野発電所,水力,４号機,201000,計画停止,停止・設備故障,,9999/02/12 13:00,あり,9999/11/27,発電機作業,2024/11/27 15:55,removed,outages_20260917_132835.csv,outages_20260917_183953.csv,17/09/2026 13:28,17/09/2026 18:39
関西,関西電力株式会社,65C00,奥吉野発電所,水力,６号機,201000,計画停止,停止・設備故障,,9999/02/12 13:00,あり,9999/02/12,発電機作業,2024/11/27 15:53,removed,outages_20260917_132835.csv,outages_20260917_183953.csv,17/09/2026 13:28,17/09/2026 18:39
関西,関西電力株式会社,65C00,奥吉野発電所,水力,１号機,201000,計画停止,停止・設備故障,,9999/02/11 13:00,あり,9999/02/11,発電機作業,2024/11/27 15:48,removed,outages_20260917_132835.csv,outages_20260917_183953.csv,17/09/2026 13:28,17/09/2026 18:39
関西,関西電力株式会社,65C00,奥吉野発電所,水力,２号機,201000,計画停止,停止・設備故障,,9999/02/11 13:00,あり,9999/02/11,発電機作業,2024/11/27 15:45,removed,outages_20260917_132835.csv,outages_20260917_183953.csv,17/09/2026 13:28,17/09/2026 18:39
関西,関西電力株式会社,65C00,奥吉野発電所,水力,３号機,201000,計画停止,停止・設備故障,,9999/02/11 13:00,あり,9999/02/11,発電機作業,2024/11/27 15:43,removed,outages_20260917_132835.csv,outages_20260917_183953.csv,17/09/2026 13:28,17/09/2026 18:39
関西,関西電力株式会社,68C46,姫路第二発電所,火力（ガス）,６号機,486500,計画停止,停止・送電線等制約,,9999/11/27 10:00,あり,9999/11/27,系統制約,2024/11/19 15:39,removed,outages_20260917_132835.csv,outages_20260917_183953.csv,17/09/2026 13:28,17/09/2026 18:39
関西,関西電力株式会社,68C42,姫路第二発電所,火力（ガス）,２号機,486500,計画停止,停止・送電線等制約,,9999/11/27 10:00,あり,9999/11/27,系統制約,2024/11/18 17:51,removed,outages_20260917_132835.csv,outages_20260917_183953.csv,17/09/2026 13:28,17/09/2026 18:39
関西,関西電力株式会社,65C00,奥吉野発電所,水力,１号機,201000,計画停止,停止・設備故障,,9999/12/05 17:00,あり,9999/12/05,発電機作業,2024/11/18 17:28,removed,outages_20260917_132835.csv,outages_20260917_183953.csv,17/09/2026 13:28,17/09/2026 18:39
中部,中部電力(株),41003,奥美濃発電所,水力,６号機,250000,計画停止,停止・定期検査等,,9999/12/26 17:00,あり,9999/12/26,作業,2024/11/18 08:39,removed,outages_20260917_132835.csv,outages_20260917_183953.csv,17/09/2026 13:28,17/09/2026 18:39
中部,中部電力(株),41003,奥美濃発電所,水力,５号機,250000,計画停止,停止・定期検査等,,9999/12/26 17:00,あり,9999/12/26,作業,2024/11/18 08:39,removed,outages_20260917_132835.csv,outages_20260917_183953.csv,17/09/2026 13:28,17/09/2026 18:39
関西,関西電力株式会社,68J46,姫路第一発電所,火力（ガス）,６号機,713000,出力低下,低下・設備故障,363000,9999/11/23 04:00,あり,9999/11/23,発電機作業 最大低下量：363000(kW)  最小低下量：363000(kW),2024/11/15 16:37,removed,outages_20260917_132835.csv,outages_20260917_183953.csv,17/09/2026 13:28,17/09/2026 18:39
中国,中国電力株式会社,76414,水島発電所第３号機,火力（ガス）,３号機,340000,計画停止,停止・定期検査等,,9999/12/14 00:00,あり,9999/12/16,削除,2024/11/15 14:43,removed,outages_20260917_132835.csv,outages_20260917_183953.csv,17/09/2026 13:28,17/09/2026 18:39
関西,関西電力株式会社,65C00,奥吉野発電所,水力,１号機,201000,計画停止,停止・設備故障,,9999/11/29 17:00,あり,9999/11/29,発電機作業,2024/11/13 17:22,removed,outages_20260917_132835.csv,outages_20260917_183953.csv,17/09/2026 13:28,17/09/2026 18:39
関西,関西電力株式会社,65C00,奥吉野発電所,水力,１号機,201000,計画停止,停止・設備故障,,9999/11/21 17:00,あり,9999/11/21,発電機作業,2024/11/13 09:14,removed,outages_20260917_132835.csv,outages_20260917_183953.csv,17/09/2026 13:28,17/09/2026 18:39
関西,関西電力株式会社,65C00,奥吉野発電所,水力,１号機,201000,計画停止,停止・設備故障,,9999/11/15 17:00,あり,9999/11/15,発電機作業,2024/11/13 09:13,removed,outages_20260917_132835.csv,outages_20260917_183953.csv,17/09/2026 13:28,17/09/2026 18:39
関西,関西電力株式会社,68C46,姫路第二発電所,火力（ガス）,６号機,486500,計画停止,停止・送電線等制約,,9999/11/14 07:00,あり,9999/11/15,TSO作業,2024/11/12 10:33,removed,outages_20260917_132835.csv,outages_20260917_183953.csv,17/09/2026 13:28,17/09/2026 18:39
関西,関西電力株式会社,63D03,大河内発電所,水力,４号機,320000,計画停止,停止・設備故障,,9999/11/25 10:00,あり,9999/11/28,発電機作業,2024/11/12 09:49,removed,outages_20260917_132835.csv,outages_20260917_183953.csv,17/09/2026 13:28,17/09/2026 18:39
関西,関西電力株式会社,68E00,奥多々良木発電所,水力,４号機,303000,計画停止,停止・設備故障,,9999/11/27 10:00,あり,9999/11/27,発電機作業,2024/11/12 09:46,removed,outages_20260917_132835.csv,outages_20260917_183953.csv,17/09/2026 13:28,17/09/2026 18:39
関西,関西電力株式会社,68E00,奥多々良木発電所,水力,２号機,303000,計画停止,停止・設備故障,,9999/11/26 10:00,あり,9999/11/26,発電機作業,2024/11/12 09:45,removed,outages_20260917_132835.csv,outages_20260917_183953.csv,17/09/2026 13:28,17/09/2026 18:39
関西,関西電力株式会社,68E00,奥多々良木発電所,水力,１号機,303000,計画停止,停止・設備故障,,9999/11/25 10:00,あり,9999/11/25,発電機作業,2024/11/12 09:44,removed,outages_20260917_132835.csv,outages_20260917_183953.csv,17/09/2026 13:28,17/09/2026 18:39
関西,関西電力株式会社,68C45,姫路第二発電所,火力（ガス）,５号機,486500,計画停止,停止・送電線等制約,,9999/11/27 10:00,あり,9999/11/27,系統制約,2024/11/12 09:36,removed,outages_20260917_132835.csv,outages_20260917_183953.csv,17/09/2026 13:28,17/09/2026 18:39
関西,関西電力株式会社,63D41,舞鶴発電所,火力（石炭）,１号機,900000,出力低下,低下・設備故障,207000,9999/11/05 15:00,あり,9999/11/06,発電機作業のため 低下量　207000kW 最大低下量　207000kW 最小低下量　207000kW,2024/11/05 17:30,removed,outages_20260917_132835.csv,outages_20260917_183953.csv,17/09/2026 13:28,17/09/2026 18:39
関西,関西電力株式会社,63D03,大河内発電所,水力,３号機,320000,計画停止,停止・その他,,9999/11/14 17:00,あり,9999/11/14,試運転,2024/11/05 09:09,removed,outages_20260917_132835.csv,outages_20260917_183953.csv,17/09/2026 13:28,17/09/2026 18:39
関西,関西電力株式会社,63C00,喜撰山発電所,水力,１号機,233000,計画停止,停止・設備故障,,9999/11/12 12:00,あり,9999/11/12,発電機作業,2024/10/29 09:04,removed,outages_20260917_132835.csv,outages_20260917_183953.csv,17/09/2026 13:28,17/09/2026 18:39
関西,関西電力株式会社,63D03,大河内発電所,水力,４号機,320000,計画停止,停止・その他,,9999/11/11 17:00,あり,9999/11/11,試運転,2024/10/29 08:45,removed,outages_20260917_132835.csv,outages_20260917_183953.csv,17/09/2026 13:28,17/09/2026 18:39
関西,関西電力株式会社,63D03,大河内発電所,水力,４号機,320000,計画停止,停止・設備故障,,9999/11/11 10:00,あり,9999/11/11,発電機作業,2024/10/29 08:44,removed,outages_20260917_132835.csv,outages_20260917_183953.csv,17/09/2026 13:28,17/09/2026 18:39
関西,関西電力株式会社,63D03,大河内発電所,水力,３号機,320000,計画停止,停止・設備故障,,9999/11/12 10:00,あり,9999/11/12,発電機作業,2024/10/29 08:42,removed,outages_20260917_132835.csv,outages_20260917_183953.csv,17/09/2026 13:28,17/09/2026 18:39
関西,関西電力株式会社,63D03,大河内発電所,水力,３号機,320000,計画停止,停止・設備故障,,9999/11/11 10:00,あり,9999/11/14,発電機作業,2024/10/29 08:41,removed,outages_20260917_132835.csv,outages_20260917_183953.csv,17/09/2026 13:28,17/09/2026 18:39
関西,関西電力株式会社,63D03,大河内発電所,水力,１号機,320000,計画停止,停止・設備故障,,9999/11/05 10:00,あり,9999/11/08,発電機作業,2024/10/29 08:33,removed,outages_20260917_132835.csv,outages_20260917_183953.csv,17/09/2026 13:28,17/09/2026 18:39
関西,関西電力株式会社,62A45,堺港発電所,火力（ガス）,５号機,400000,出力低下,低下・送電線等制約,108000,9999/10/31 14:35,あり,9999/11/29,TSO作業 最大低下量：108000(kW) 最小低下量：108000(kW),2024/10/28 17:24,removed,outages_20260917_132835.csv,outages_20260917_183953.csv,17/09/2026 13:28,17/09/2026 18:39
中部,中部電力(株),41002,奥美濃発電所,水力,３号機,250000,計画停止,停止・定期検査等,,9999/11/17 09:00,あり,9999/11/17,作業,2024/10/28 10:50,removed,outages_20260917_132835.csv,outages_20260917_183953.csv,17/09/2026 13:28,17/09/2026 18:39
中部,中部電力(株),41002,奥美濃発電所,水力,４号機,250000,計画停止,停止・定期検査等,,9999/11/10 09:00,あり,9999/11/10,作業,2024/10/28 10:35,removed,outages_20260917_132835.csv,outages_20260917_183953.csv,17/09/2026 13:28,17/09/2026 18:39
中部,中部電力(株),41002,奥美濃発電所,水力,４号機,250000,計画停止,停止・定期検査等,,9999/11/09 09:00,あり,9999/11/09,作業,2024/10/28 10:34,removed,outages_20260917_132835.csv,outages_20260917_183953.csv,17/09/2026 13:28,17/09/2026 18:39
関西,関西電力株式会社,68E00,奥多々良木発電所,水力,１号機,303000,計画停止,停止・設備故障,,9999/01/27 09:00,あり,9999/03/26,発電機作業,2024/10/25 16:51,removed,outages_20260917_132835.csv,outages_20260917_183953.csv,17/09/2026 13:28,17/09/2026 18:39
関西,関西電力株式会社,68E00,奥多々良木発電所,水力,１号機,303000,計画停止,停止・設備故障,,9999/11/25 09:00,あり,9999/12/06,発電機作業,2024/10/25 16:48,removed,outages_20260917_132835.csv,outages_20260917_183953.csv,17/09/2026 13:28,17/09/2026 18:39
関西,関西電力株式会社,68E00,奥多々良木発電所,水力,２号機,303000,計画停止,停止・設備故障,,9999/11/25 09:00,あり,9999/12/06,発電機作業,2024/10/25 16:47,removed,outages_20260917_132835.csv,outages_20260917_183953.csv,17/09/2026 13:28,17/09/2026 18:39
関西,関西電力株式会社,65C00,奥吉野発電所,水力,４号機,201000,計画停止,停止・設備故障,,9999/01/15 13:00,あり,9999/01/15,発電機作業,2024/10/25 16:45,removed,outages_20260917_132835.csv,outages_20260917_183953.csv,17/09/2026 13:28,17/09/2026 18:39
関西,関西電力株式会社,65C00,奥吉野発電所,水力,５号機,201000,計画停止,停止・設備故障,,9999/01/15 13:00,あり,9999/01/15,発電機作業,2024/10/25 16:43,removed,outages_20260917_132835.csv,outages_20260917_183953.csv,17/09/2026 13:28,17/09/2026 18:39
関西,関西電力株式会社,65C00,奥吉野発電所,水力,６号機,201000,計画停止,停止・設備故障,,9999/01/15 13:00,あり,9999/01/15,発電機作業,2024/10/25 16:41,removed,outages_20260917_132835.csv,outages_20260917_183953.csv,17/09/2026 13:28,17/09/2026 18:39
関西,関西電力株式会社,65C00,奥吉野発電所,水力,２号機,201000,計画停止,停止・設備故障,,9999/01/14 13:00,あり,9999/01/14,発電機作業,2024/10/25 16:40,removed,outages_20260917_132835.csv,outages_20260917_183953.csv,17/09/2026 13:28,17/09/2026 18:39
関西,関西電力株式会社,65C00,奥吉野発電所,水力,３号機,201000,計画停止,停止・設備故障,,9999/01/14 13:00,あり,9999/01/14,発電機作業,2024/10/25 16:38,removed,outages_20260917_132835.csv,outages_20260917_183953.csv,17/09/2026 13:28,17/09/2026 18:39
関西,関西電力株式会社,63C00,喜撰山発電所,水力,１号機,233000,計画停止,停止・設備故障,,9999/10/18 09:00,あり,9999/10/18,発電機作業,2024/10/17 15:41,removed,outages_20260917_132835.csv,outages_20260917_183953.csv,17/09/2026 13:28,17/09/2026 18:39
関西,関西電力株式会社,63C00,喜撰山発電所,水力,２号機,233000,計画停止,停止・設備故障,,9999/10/18 09:00,あり,9999/10/18,発電機作業,2024/10/17 15:40,removed,outages_20260917_132835.csv,outages_20260917_183953.csv,17/09/2026 13:28,17/09/2026 18:39
関西,関西電力株式会社,68C46,姫路第二発電所,火力（ガス）,６号機,486500,出力低下,低下・送電線等制約,162000,9999/10/20 00:00,あり,9999/10/20,系統制約 最大低下量：267000KW 最小低下量：0KW,2024/10/15 16:34,removed,outages_20260917_132835.csv,outages_20260917_183953.csv,17/09/2026 13:28,17/09/2026 18:39
北陸,関西電力株式会社,60A06,音沢発電所,水力,単独,124000,計画停止,停止・設備故障,,9999/10/31 09:00,あり,9999/11/01,発電機作業,2024/10/15 16:29,removed,outages_20260917_132835.csv,outages_20260917_183953.csv,17/09/2026 13:28,17/09/2026 18:39
北陸,関西電力株式会社,60A06,音沢発電所,水力,単独,124000,計画停止,停止・設備故障,,9999/10/31 09:00,あり,9999/11/01,発電機作業,2024/10/15 16:29,removed,outages_20260917_132835.csv,outages_20260917_183953.csv,17/09/2026 13:28,17/09/2026 18:39
関西,関西電力株式会社,68C46,姫路第二発電所,火力（ガス）,６号機,486500,出力低下,低下・送電線等制約,162000,9999/10/13 00:00,あり,9999/10/14,系統制約 最大低下量：267000KW 最小低下量：0KW,2024/10/08 14:58,removed,outages_20260917_132835.csv,outages_20260917_183953.csv,17/09/2026 13:28,17/09/2026 18:39
関西,関西電力株式会社,68C41,姫路第二発電所,火力（ガス）,１号機,486500,出力低下,低下・送電線等制約,162000,9999/10/20 00:00,あり,9999/10/20,系統制約 最大低下量：267000KW 最小低下量：0KW,2024/10/07 16:23,removed,outages_20260917_132835.csv,outages_20260917_183953.csv,17/09/2026 13:28,17/09/2026 18:39
関西,関西電力株式会社,68C41,姫路第二発電所,火力（ガス）,１号機,486500,出力低下,低下・送電線等制約,162000,9999/10/13 00:00,あり,9999/10/14,系統制約 最大低下量：267000KW 最小低下量：0KW,2024/10/07 16:23,removed,outages_20260917_132835.csv,outages_20260917_183953.csv,17/09/2026 13:28,17/09/2026 18:39
中部,中部電力(株),45002,奥矢作第一発電所,水力,１号機,108000,計画外停止,停止・その他,,9999/10/03 16:00,あり,9999/10/03,出水,2024/10/04 11:02,removed,outages_20260917_132835.csv,outages_20260917_183953.csv,17/09/2026 13:28,17/09/2026 18:39
中部,中部電力(株),45002,奥矢作第二発電所,水力,１号機,260000,計画外停止,停止・その他,,9999/10/03 20:36,あり,9999/10/03,出水,2024/10/04 10:58,removed,outages_20260917_132835.csv,outages_20260917_183953.csv,17/09/2026 13:28,17/09/2026 18:39
中部,中部電力(株),45002,奥矢作第二発電所,水力,３号機,260000,計画外停止,停止・その他,,9999/10/03 16:00,あり,9999/10/03,出水,2024/10/03 22:43,removed,outages_20260917_132835.csv,outages_20260917_183953.csv,17/09/2026 13:28,17/09/2026 18:39
中部,中部電力(株),45002,奥矢作第二発電所,水力,２号機,260000,計画外停止,停止・その他,,9999/10/03 16:00,あり,9999/10/03,出水,2024/10/03 22:42,removed,outages_20260917_132835.csv,outages_20260917_183953.csv,17/09/2026 13:28,17/09/2026 18:39
中部,中部電力(株),45002,奥矢作第一発電所,水力,３号機,107000,計画外停止,停止・その他,,9999/10/03 16:00,あり,9999/10/03,出水,2024/10/03 22:40,removed,outages_20260917_132835.csv,outages_20260917_183953.csv,17/09/2026 13:28,17/09/2026 18:39
中部,中部電力(株),45002,奥矢作第一発電所,水力,２号機,108000,計画外停止,停止・その他,,9999/10/03 16:00,あり,9999/10/03,出水,2024/10/03 22:40,removed,outages_20260917_132835.csv,outages_20260917_183953.csv,17/09/2026 13:28,17/09/2026 18:39
関西,関西電力株式会社,63C00,喜撰山発電所,水力,１号機,233000,計画停止,停止・設備故障,,9999/10/11 12:00,あり,9999/10/11,発電機作業,2024/10/02 13:25,removed,outages_20260917_132835.csv,outages_20260917_183953.csv,17/09/2026 13:28,17/09/2026 18:39
関西,関西電力株式会社,63D03,大河内発電所,水力,４号機,320000,計画停止,停止・その他,,9999/11/28 17:00,あり,9999/11/28,試運転,2024/09/26 21:20,removed,outages_20260917_132835.csv,outages_20260917_183953.csv,17/09/2026 13:28,17/09/2026 18:39
関西,関西電力株式会社,63D03,大河内発電所,水力,４号機,320000,計画停止,停止・設備故障,,9999/11/28 10:00,あり,9999/11/28,発電機作業,2024/09/26 21:20,removed,outages_20260917_132835.csv,outages_20260917_183953.csv,17/09/2026 13:28,17/09/2026 18:39
関西,関西電力株式会社,63D03,大河内発電所,水力,４号機,320000,計画停止,停止・設備故障,,9999/11/27 10:00,あり,9999/11/27,発電機作業,2024/09/26 21:19,removed,outages_20260917_132835.csv,outages_20260917_183953.csv,17/09/2026 13:28,17/09/2026 18:39
関西,関西電力株式会社,63D03,大河内発電所,水力,３号機,320000,計画停止,停止・設備故障,,9999/11/27 10:00,あり,9999/11/27,発電機作業,2024/09/26 21:13,removed,outages_20260917_132835.csv,outages_20260917_183953.csv,17/09/2026 13:28,17/09/2026 18:39
関西,関西電力株式会社,63D03,大河内発電所,水力,２号機,320000,計画停止,停止・設備故障,,9999/11/21 10:00,あり,9999/11/21,発電機作業,2024/09/26 21:12,removed,outages_20260917_132835.csv,outages_20260917_183953.csv,17/09/2026 13:28,17/09/2026 18:39
関西,関西電力株式会社,63D03,大河内発電所,水力,２号機,320000,計画停止,停止・設備故障,,9999/11/19 10:00,あり,9999/11/26,発電機作業,2024/09/26 21:12,removed,outages_20260917_132835.csv,outages_20260917_183953.csv,17/09/2026 13:28,17/09/2026 18:39
関西,関西電力株式会社,63D03,大河内発電所,水力,３号機,320000,計画停止,停止・設備故障,,9999/11/14 10:00,あり,9999/11/14,発電機作業,2024/09/26 21:11,removed,outages_20260917_132835.csv,outages_20260917_183953.csv,17/09/2026 13:28,17/09/2026 18:39
関西,関西電力株式会社,63D03,大河内発電所,水力,４号機,320000,計画停止,停止・設備故障,,9999/11/12 13:00,あり,9999/11/12,発電機作業,2024/09/26 21:10,removed,outages_20260917_132835.csv,outages_20260917_183953.csv,17/09/2026 13:28,17/09/2026 18:39
関西,関西電力株式会社,63D03,大河内発電所,水力,３号機,320000,計画停止,停止・設備故障,,9999/11/12 10:00,あり,9999/11/12,発電機作業,2024/09/26 21:09,removed,outages_20260917_132835.csv,outages_20260917_183953.csv,17/09/2026 13:28,17/09/2026 18:39
関西,関西電力株式会社,63D03,大河内発電所,水力,３号機,320000,計画停止,停止・設備故障,,9999/11/12 09:00,あり,9999/11/12,発電機作業,2024/09/26 21:08,removed,outages_20260917_132835.csv,outages_20260917_183953.csv,17/09/2026 13:28,17/09/2026 18:39
関西,関西電力株式会社,63D03,大河内発電所,水力,１号機,320000,計画停止,停止・設備故障,,9999/11/09 11:00,あり,9999/11/09,発電機作業,2024/09/26 21:00,removed,outages_20260917_132835.csv,outages_20260917_183953.csv,17/09/2026 13:28,17/09/2026 18:39
関西,関西電力株式会社,63D03,大河内発電所,水力,２号機,320000,計画停止,停止・設備故障,,9999/11/09 11:00,あり,9999/11/09,発電機作業,2024/09/26 21:00,removed,outages_20260917_132835.csv,outages_20260917_183953.csv,17/09/2026 13:28,17/09/2026 18:39
関西,関西電力株式会社,63D03,大河内発電所,水力,１号機,320000,計画停止,停止・設備故障,,9999/11/09 10:00,あり,9999/11/09,発電機作業,2024/09/26 20:59,removed,outages_20260917_132835.csv,outages_20260917_183953.csv,17/09/2026 13:28,17/09/2026 18:39
関西,関西電力株式会社,63D03,大河内発電所,水力,２号機,320000,計画停止,停止・設備故障,,9999/11/09 10:00,あり,9999/11/09,発電機作業,2024/09/26 20:58,removed,outages_20260917_132835.csv,outages_20260917_183953.csv,17/09/2026 13:28,17/09/2026 18:39
関西,関西電力株式会社,63D03,大河内発電所,水力,３号機,320000,計画停止,停止・設備故障,,9999/11/09 10:00,あり,9999/11/09,発電機作業,2024/09/26 20:57,removed,outages_20260917_132835.csv,outages_20260917_183953.csv,17/09/2026 13:28,17/09/2026 18:39
関西,関西電力株式会社,63D03,大河内発電所,水力,３号機,320000,計画停止,停止・設備故障,,9999/11/09 10:00,あり,9999/11/09,発電機作業,2024/09/26 20:56,removed,outages_20260917_132835.csv,outages_20260917_183953.csv,17/09/2026 13:28,17/09/2026 18:39
関西,関西電力株式会社,63D03,大河内発電所,水力,４号機,320000,計画停止,停止・設備故障,,9999/11/09 10:00,あり,9999/11/09,発電機作業,2024/09/26 20:55,removed,outages_20260917_132835.csv,outages_20260917_183953.csv,17/09/2026 13:28,17/09/2026 18:39
関西,関西電力株式会社,63D03,大河内発電所,水力,４号機,320000,計画停止,停止・設備故障,,9999/11/09 10:00,あり,9999/11/09,発電機作業,2024/09/26 20:55,removed,outages_20260917_132835.csv,outages_20260917_183953.csv,17/09/2026 13:28,17/09/2026 18:39
関西,関西電力株式会社,63D03,大河内発電所,水力,１号機,320000,計画停止,停止・設備故障,,9999/11/08 10:00,あり,9999/11/08,発電機作業,2024/09/26 20:54,removed,outages_20260917_132835.csv,outages_20260917_183953.csv,17/09/2026 13:28,17/09/2026 18:39
関西,関西電力株式会社,63D03,大河内発電所,水力,１号機,320000,計画停止,停止・設備故障,,9999/11/07 10:00,あり,9999/11/07,発電機作業,2024/09/26 20:53,removed,outages_20260917_132835.csv,outages_20260917_183953.csv,17/09/2026 13:28,17/09/2026 18:39
関西,関西電力株式会社,63D03,大河内発電所,水力,１号機,320000,計画停止,停止・設備故障,,9999/11/06 10:00,あり,9999/11/06,発電機作業,2024/09/26 20:52,removed,outages_20260917_132835.csv,outages_20260917_183953.csv,17/09/2026 13:28,17/09/2026 18:39
北陸,関西電力株式会社,60A06,音沢発電所,水力,単独,124000,計画停止,停止・設備故障,,9999/11/02 11:00,あり,9999/11/02,発電機作業,2024/09/26 20:51,removed,outages_20260917_132835.csv,outages_20260917_183953.csv,17/09/2026 13:28,17/09/2026 18:39
関西,関西電力株式会社,68E00,奥多々良木発電所,水力,１号機,303000,計画停止,停止・送電線等制約,,9999/11/22 16:00,あり,9999/11/26,TSO作業,2024/09/26 20:49,removed,outages_20260917_132835.csv,outages_20260917_183953.csv,17/09/2026 13:28,17/09/2026 18:39
関西,関西電力株式会社,68E00,奥多々良木発電所,水力,２号機,303000,計画停止,停止・送電線等制約,,9999/11/22 16:00,あり,9999/11/26,TSO作業,2024/09/26 20:48,removed,outages_20260917_132835.csv,outages_20260917_183953.csv,17/09/2026 13:28,17/09/2026 18:39
関西,関西電力株式会社,68E00,奥多々良木発電所,水力,５号機,360000,計画停止,停止・その他,,9999/11/15 16:00,あり,9999/11/15,試運転,2024/09/26 20:46,removed,outages_20260917_132835.csv,outages_20260917_183953.csv,17/09/2026 13:28,17/09/2026 18:39
関西,関西電力株式会社,65C00,奥吉野発電所,水力,４号機,201000,計画停止,停止・設備故障,,9999/12/11 13:00,あり,9999/12/11,発電機作業,2024/09/26 20:45,removed,outages_20260917_132835.csv,outages_20260917_183953.csv,17/09/2026 13:28,17/09/2026 18:39
関西,関西電力株式会社,65C00,奥吉野発電所,水力,５号機,201000,計画停止,停止・設備故障,,9999/12/11 13:00,あり,9999/12/11,発電機作業,2024/09/26 20:44,removed,outages_20260917_132835.csv,outages_20260917_183953.csv,17/09/2026 13:28,17/09/2026 18:39
関西,関西電力株式会社,65C00,奥吉野発電所,水力,６号機,201000,計画停止,停止・設備故障,,9999/12/11 13:00,あり,9999/12/11,発電機作業,2024/09/26 20:44,removed,outages_20260917_132835.csv,outages_20260917_183953.csv,17/09/2026 13:28,17/09/2026 18:39
関西,関西電力株式会社,65C00,奥吉野発電所,水力,４号機,201000,計画停止,停止・設備故障,,9999/12/11 13:00,あり,9999/12/11,発電機作業,2024/09/26 20:43,removed,outages_20260917_132835.csv,outages_20260917_183953.csv,17/09/2026 13:28,17/09/2026 18:39
関西,関西電力株式会社,65C00,奥吉野発電所,水力,６号機,201000,計画停止,停止・設備故障,,9999/12/11 13:00,あり,9999/12/11,発電機作業,2024/09/26 20:42,removed,outages_20260917_132835.csv,outages_20260917_183953.csv,17/09/2026 13:28,17/09/2026 18:39
関西,関西電力株式会社,65C00,奥吉野発電所,水力,１号機,201000,計画停止,停止・設備故障,,9999/12/10 13:00,あり,9999/12/10,発電機作業,2024/09/26 20:42,removed,outages_20260917_132835.csv,outages_20260917_183953.csv,17/09/2026 13:28,17/09/2026 18:39
関西,関西電力株式会社,65C00,奥吉野発電所,水力,２号機,201000,計画停止,停止・設備故障,,9999/12/10 13:00,あり,9999/12/10,発電機作業,2024/09/26 20:41,removed,outages_20260917_132835.csv,outages_20260917_183953.csv,17/09/2026 13:28,17/09/2026 18:39
関西,関西電力株式会社,65C00,奥吉野発電所,水力,３号機,201000,計画停止,停止・設備故障,,9999/12/10 13:00,あり,9999/12/10,発電機作業,2024/09/26 20:40,removed,outages_20260917_132835.csv,outages_20260917_183953.csv,17/09/2026 13:28,17/09/2026 18:39
関西,関西電力株式会社,65C00,奥吉野発電所,水力,１号機,201000,計画停止,停止・設備故障,,9999/12/10 13:00,あり,9999/12/10,発電機作業,2024/09/26 20:40,removed,outages_20260917_132835.csv,outages_20260917_183953.csv,17/09/2026 13:28,17/09/2026 18:39
関西,関西電力株式会社,65C00,奥吉野発電所,水力,２号機,201000,計画停止,停止・設備故障,,9999/12/10 13:00,あり,9999/12/10,発電機作業,2024/09/26 20:39,removed,outages_20260917_132835.csv,outages_20260917_183953.csv,17/09/2026 13:28,17/09/2026 18:39
関西,関西電力株式会社,65C00,奥吉野発電所,水力,３号機,201000,計画停止,停止・設備故障,,9999/12/10 13:00,あり,9999/12/10,発電機作業,2024/09/26 20:38,removed,outages_20260917_132835.csv,outages_20260917_183953.csv,17/09/2026 13:28,17/09/2026 18:39
関西,関西電力株式会社,65C00,奥吉野発電所,水力,１号機,201000,計画停止,停止・設備故障,,9999/12/05 17:00,あり,9999/12/05,発電機作業,2024/09/26 20:36,removed,outages_20260917_132835.csv,outages_20260917_183953.csv,17/09/2026 13:28,17/09/2026 18:39
関西,関西電力株式会社,63D42,舞鶴発電所,火力（石炭）,２号機,900000,出力低下,低下・設備故障,473000,9999/11/23 00:00,あり,9999/11/23,発電機作業 最大低下量：495000(kW)  最小低下量：450000(kW),2024/09/26 20:35,removed,outages_20260917_132835.csv,outages_20260917_183953.csv,17/09/2026 13:28,17/09/2026 18:39
関西,関西電力株式会社,63D41,舞鶴発電所,火力（石炭）,１号機,900000,出力低下,低下・設備故障,473000,9999/11/09 00:00,あり,9999/11/09,発電機作業 最大低下量：495000(kW)  最小低下量：450000(kW),2024/09/26 20:31,removed,outages_20260917_132835.csv,outages_20260917_183953.csv,17/09/2026 13:28,17/09/2026 18:39
関西,関西電力株式会社,65C00,奥吉野発電所,水力,４号機,201000,計画停止,停止・設備故障,,9999/10/10 10:00,あり,9999/10/23,発電機作業,2024/09/24 10:34,removed,outages_20260917_132835.csv,outages_20260917_183953.csv,17/09/2026 13:28,17/09/2026 18:39
東北,東北電力株式会社,2V402,東北電力東新潟火力発電所３号系列,火力（ガス）,３−２号機ＳＴ,203000,計画停止,停止・その他,,9999/10/01 00:00,あり,9999/10/24,設備工事による停止,2024/09/19 14:44,removed,outages_20260917_132835.csv,outages_20260917_183953.csv,17/09/2026 13:28,17/09/2026 18:39
東北,東北電力株式会社,2V402,東北電力東新潟火力発電所３号系列,火力（ガス）,３−４号機ＧＴＢ,137000,計画停止,停止・その他,,9999/10/01 00:00,あり,9999/10/24,設備工事による停止,2024/09/19 14:43,removed,outages_20260917_132835.csv,outages_20260917_183953.csv,17/09/2026 13:28,17/09/2026 18:39
東北,東北電力株式会社,2V402,東北電力東新潟火力発電所３号系列,火力（ガス）,３−５号機ＧＴＢ,137000,計画停止,停止・その他,,9999/10/01 00:00,あり,9999/10/24,設備工事による停止,2024/09/19 14:42,removed,outages_20260917_132835.csv,outages_20260917_183953.csv,17/09/2026 13:28,17/09/2026 18:39
東北,東北電力株式会社,2V402,東北電力東新潟火力発電所３号系列,火力（ガス）,３−６号機GTB,137000,計画停止,停止・その他,,9999/10/01 00:00,あり,9999/10/24,設備工事による停止,2024/09/19 14:41,removed,outages_20260917_132835.csv,outages_20260917_183953.csv,17/09/2026 13:28,17/09/2026 18:39
中部,中部電力(株),41002,奥美濃発電所,水力,４号機,250000,計画停止,停止・定期検査等,,9999/10/05 09:00,あり,9999/10/05,作業,2024/09/17 17:57,removed,outages_20260917_132835.csv,outages_20260917_183953.csv,17/09/2026 13:28,17/09/2026 18:39
中部,中部電力(株),41002,奥美濃発電所,水力,３号機,250000,計画停止,停止・定期検査等,,9999/10/05 09:00,あり,9999/10/05,作業,2024/09/17 17:57,removed,outages_20260917_132835.csv,outages_20260917_183953.csv,17/09/2026 13:28,17/09/2026 18:39
中部,中部電力(株),42332,徳山発電所,水力,１号機,139000,出力低下,低下・送電線等制約,138000,9999/09/16 09:00,あり,9999/09/16,運用制約 最大低下量：139000kW 最低低下量：0kW 平均低下量：138000kW,2024/09/15 17:40,removed,outages_20260917_132835.csv,outages_20260917_183953.csv,17/09/2026 13:28,17/09/2026 18:39
東北,東北電力株式会社,2K218,東北電力仙台火力発電所４号機,火力（ガス）,４号機,468000,出力低下,低下・その他,100000,9999/09/13 12:00,あり,9999/09/14,最大低下量	413000	kW 最小低下量	  33000	kW 停止作業からの起動カーブおよび気温影響による出力低下,2024/09/10 19:26,removed,outages_20260917_132835.csv,outages_20260917_183953.csv,17/09/2026 13:28,17/09/2026 18:39
関西,関西電力株式会社,68J45,姫路第一発電所,火力（ガス）,５号機,729000,計画停止,停止・設備故障,,9999/09/16 00:00,あり,9999/09/29,発電機作業,2024/09/04 13:05,removed,outages_20260917_132835.csv,outages_20260917_183953.csv,17/09/2026 13:28,17/09/2026 18:39
関西,関西電力株式会社,63C00,喜撰山発電所,水力,１号機,233000,計画停止,停止・その他,,9999/09/12 12:00,あり,9999/09/12,試運転,2024/08/26 18:06,removed,outages_20260917_132835.csv,outages_20260917_183953.csv,17/09/2026 13:28,17/09/2026 18:39
関西,関西電力株式会社,63C00,喜撰山発電所,水力,２号機,233000,計画停止,停止・その他,,9999/09/05 12:00,あり,9999/09/05,試運転,2024/08/26 18:05,removed,outages_20260917_132835.csv,outages_20260917_183953.csv,17/09/2026 13:28,17/09/2026 18:39
北陸,関西電力株式会社,60A06,音沢発電所,水力,単独,124000,計画停止,停止・設備故障,,9999/11/02 11:00,あり,9999/11/02,発電機作業,2024/08/26 13:23,removed,outages_20260917_132835.csv,outages_20260917_183953.csv,17/09/2026 13:28,17/09/2026 18:39
関西,関西電力株式会社,63D03,大河内発電所,水力,３号機,320000,計画停止,停止・設備故障,,9999/11/11 09:00,あり,9999/11/11,発電機作業,2024/08/26 13:00,removed,outages_20260917_132835.csv,outages_20260917_183953.csv,17/09/2026 13:28,17/09/2026 18:39
関西,関西電力株式会社,65C00,奥吉野発電所,水力,６号機,201000,計画停止,停止・設備故障,,9999/10/23 09:00,あり,9999/10/23,発電機作業,2024/08/26 11:48,removed,outages_20260917_132835.csv,outages_20260917_183953.csv,17/09/2026 13:28,17/09/2026 18:39
関西,関西電力株式会社,68E00,奥多々良木発電所,水力,５号機,360000,計画停止,停止・設備故障,,9999/11/28 10:00,あり,9999/11/28,発電機作業,2024/08/26 11:47,removed,outages_20260917_132835.csv,outages_20260917_183953.csv,17/09/2026 13:28,17/09/2026 18:39
関西,関西電力株式会社,68E00,奥多々良木発電所,水力,２号機,303000,計画停止,停止・送電線等制約,,9999/09/23 08:00,あり,9999/11/22,TSO作業,2024/08/26 11:29,removed,outages_20260917_132835.csv,outages_20260917_183953.csv,17/09/2026 13:28,17/09/2026 18:39
関西,関西電力株式会社,68E00,奥多々良木発電所,水力,１号機,303000,計画停止,停止・送電線等制約,,9999/09/23 08:00,あり,9999/11/22,TSO作業,2024/08/26 11:29,removed,outages_20260917_132835.csv,outages_20260917_183953.csv,17/09/2026 13:28,17/09/2026 18:39
関西,関西電力株式会社,63D03,大河内発電所,水力,４号機,320000,計画停止,停止・設備故障,,9999/11/11 09:00,あり,9999/11/11,発電機作業,2024/08/23 18:02,removed,outages_20260917_132835.csv,outages_20260917_183953.csv,17/09/2026 13:28,17/09/2026 18:39
関西,関西電力株式会社,63D03,大河内発電所,水力,４号機,320000,計画停止,停止・その他,,9999/11/28 17:00,あり,9999/11/28,有水試験,2024/08/23 18:00,removed,outages_20260917_132835.csv,outages_20260917_183953.csv,17/09/2026 13:28,17/09/2026 18:39
関西,関西電力株式会社,63D03,大河内発電所,水力,４号機,320000,計画停止,停止・設備故障,,9999/11/28 10:00,あり,9999/11/28,発電機作業,2024/08/23 17:59,removed,outages_20260917_132835.csv,outages_20260917_183953.csv,17/09/2026 13:28,17/09/2026 18:39
関西,関西電力株式会社,63D03,大河内発電所,水力,４号機,320000,計画停止,停止・設備故障,,9999/11/27 09:00,あり,9999/11/27,発電機作業,2024/08/23 17:58,removed,outages_20260917_132835.csv,outages_20260917_183953.csv,17/09/2026 13:28,17/09/2026 18:39
関西,関西電力株式会社,63D03,大河内発電所,水力,４号機,320000,計画停止,停止・設備故障,,9999/11/27 09:00,あり,9999/11/27,発電機作業,2024/08/23 17:58,removed,outages_20260917_132835.csv,outages_20260917_183953.csv,17/09/2026 13:28,17/09/2026 18:39
関西,関西電力株式会社,63D03,大河内発電所,水力,４号機,320000,計画停止,停止・設備故障,,9999/11/26 10:00,あり,9999/11/26,発電機作業,2024/08/23 17:57,removed,outages_20260917_132835.csv,outages_20260917_183953.csv,17/09/2026 13:28,17/09/2026 18:39
関西,関西電力株式会社,63D03,大河内発電所,水力,４号機,320000,計画停止,停止・設備故障,,9999/11/25 10:00,あり,9999/11/28,発電機作業,2024/08/23 17:56,removed,outages_20260917_132835.csv,outages_20260917_183953.csv,17/09/2026 13:28,17/09/2026 18:39
関西,関西電力株式会社,63D03,大河内発電所,水力,４号機,320000,計画停止,停止・設備故障,,9999/11/25 10:00,あり,9999/11/25,発電機作業,2024/08/23 17:55,removed,outages_20260917_132835.csv,outages_20260917_183953.csv,17/09/2026 13:28,17/09/2026 18:39
関西,関西電力株式会社,63D03,大河内発電所,水力,２号機,320000,計画停止,停止・設備故障,,9999/11/21 10:00,あり,9999/11/21,発電機作業,2024/08/23 17:53,removed,outages_20260917_132835.csv,outages_20260917_183953.csv,17/09/2026 13:28,17/09/2026 18:39
関西,関西電力株式会社,63D03,大河内発電所,水力,２号機,320000,計画停止,停止・設備故障,,9999/11/20 10:00,あり,9999/11/20,発電機作業,2024/08/23 17:53,removed,outages_20260917_132835.csv,outages_20260917_183953.csv,17/09/2026 13:28,17/09/2026 18:39
関西,関西電力株式会社,63D03,大河内発電所,水力,２号機,320000,計画停止,停止・設備故障,,9999/11/19 10:00,あり,9999/11/19,発電機作業,2024/08/23 17:52,removed,outages_20260917_132835.csv,outages_20260917_183953.csv,17/09/2026 13:28,17/09/2026 18:39
関西,関西電力株式会社,63D03,大河内発電所,水力,２号機,320000,計画停止,停止・設備故障,,9999/11/19 10:00,あり,9999/11/19,発電機作業,2024/08/23 17:51,removed,outages_20260917_132835.csv,outages_20260917_183953.csv,17/09/2026 13:28,17/09/2026 18:39
関西,関西電力株式会社,63D03,大河内発電所,水力,２号機,320000,計画停止,停止・設備故障,,9999/11/19 10:00,あり,9999/11/19,発電機作業,2024/08/23 17:50,removed,outages_20260917_132835.csv,outages_20260917_183953.csv,17/09/2026 13:28,17/09/2026 18:39
関西,関西電力株式会社,63D03,大河内発電所,水力,２号機,320000,計画停止,停止・設備故障,,9999/11/18 10:00,あり,9999/11/21,発電機作業,2024/08/23 17:50,removed,outages_20260917_132835.csv,outages_20260917_183953.csv,17/09/2026 13:28,17/09/2026 18:39
関西,関西電力株式会社,63D03,大河内発電所,水力,２号機,320000,計画停止,停止・設備故障,,9999/11/18 10:00,あり,9999/11/18,発電機作業,2024/08/23 17:49,removed,outages_20260917_132835.csv,outages_20260917_183953.csv,17/09/2026 13:28,17/09/2026 18:39
関西,関西電力株式会社,63D03,大河内発電所,水力,３号機,320000,計画停止,停止・設備故障,,9999/11/14 17:00,あり,9999/11/14,発電機作業,2024/08/23 17:48,removed,outages_20260917_132835.csv,outages_20260917_183953.csv,17/09/2026 13:28,17/09/2026 18:39
関西,関西電力株式会社,63D03,大河内発電所,水力,３号機,320000,計画停止,停止・設備故障,,9999/11/13 09:00,あり,9999/11/13,発電機作業,2024/08/23 17:45,removed,outages_20260917_132835.csv,outages_20260917_183953.csv,17/09/2026 13:28,17/09/2026 18:39
関西,関西電力株式会社,63D03,大河内発電所,水力,３号機,320000,計画停止,停止・設備故障,,9999/11/13 09:00,あり,9999/11/13,発電機作業,2024/08/23 17:43,removed,outages_20260917_132835.csv,outages_20260917_183953.csv,17/09/2026 13:28,17/09/2026 18:39
関西,関西電力株式会社,63D03,大河内発電所,水力,３号機,320000,計画停止,停止・設備故障,,9999/11/12 10:00,あり,9999/11/12,発電機作業,2024/08/23 17:42,removed,outages_20260917_132835.csv,outages_20260917_183953.csv,17/09/2026 13:28,17/09/2026 18:39
関西,関西電力株式会社,63D03,大河内発電所,水力,３号機,320000,計画停止,停止・設備故障,,9999/11/12 10:00,あり,9999/11/12,発電機作業,2024/08/23 17:41,removed,outages_20260917_132835.csv,outages_20260917_183953.csv,17/09/2026 13:28,17/09/2026 18:39
関西,関西電力株式会社,63D03,大河内発電所,水力,４号機,320000,計画停止,停止・設備故障,,9999/11/11 17:00,あり,9999/11/11,発電機作業,2024/08/23 17:40,removed,outages_20260917_132835.csv,outages_20260917_183953.csv,17/09/2026 13:28,17/09/2026 18:39
関西,関西電力株式会社,63D03,大河内発電所,水力,３号機,320000,計画停止,停止・設備故障,,9999/11/11 13:00,あり,9999/11/11,発電機作業,2024/08/23 17:39,removed,outages_20260917_132835.csv,outages_20260917_183953.csv,17/09/2026 13:28,17/09/2026 18:39
関西,関西電力株式会社,63D03,大河内発電所,水力,４号機,320000,計画停止,停止・設備故障,,9999/11/11 13:00,あり,9999/11/11,発電機作業,2024/08/23 17:38,removed,outages_20260917_132835.csv,outages_20260917_183953.csv,17/09/2026 13:28,17/09/2026 18:39
関西,関西電力株式会社,63D03,大河内発電所,水力,３号機,320000,計画停止,停止・設備故障,,9999/11/11 13:00,あり,9999/11/11,発電機作業,2024/08/23 17:37,removed,outages_20260917_132835.csv,outages_20260917_183953.csv,17/09/2026 13:28,17/09/2026 18:39
関西,関西電力株式会社,63D03,大河内発電所,水力,４号機,320000,計画停止,停止・設備故障,,9999/11/11 13:00,あり,9999/11/11,発電機作業,2024/08/23 17:36,removed,outages_20260917_132835.csv,outages_20260917_183953.csv,17/09/2026 13:28,17/09/2026 18:39
関西,関西電力株式会社,63D03,大河内発電所,水力,３号機,320000,計画停止,停止・設備故障,,9999/11/11 10:00,あり,9999/11/14,発電機作業,2024/08/23 17:35,removed,outages_20260917_132835.csv,outages_20260917_183953.csv,17/09/2026 13:28,17/09/2026 18:39
関西,関西電力株式会社,63D03,大河内発電所,水力,３号機,320000,計画停止,停止・設備故障,,9999/11/11 10:00,あり,9999/11/11,発電機作業,2024/08/23 17:34,removed,outages_20260917_132835.csv,outages_20260917_183953.csv,17/09/2026 13:28,17/09/2026 18:39
関西,関西電力株式会社,63D03,大河内発電所,水力,２号機,320000,計画停止,停止・設備故障,,9999/11/09 11:00,あり,9999/11/09,発電機作業,2024/08/23 17:33,removed,outages_20260917_132835.csv,outages_20260917_183953.csv,17/09/2026 13:28,17/09/2026 18:39
関西,関西電力株式会社,63D03,大河内発電所,水力,２号機,320000,計画停止,停止・設備故障,,9999/11/09 10:00,あり,9999/11/09,発電機作業,2024/08/23 17:32,removed,outages_20260917_132835.csv,outages_20260917_183953.csv,17/09/2026 13:28,17/09/2026 18:39
関西,関西電力株式会社,63D03,大河内発電所,水力,３号機,320000,計画停止,停止・設備故障,,9999/11/09 10:00,あり,9999/11/09,発電機作業,2024/08/23 17:31,removed,outages_20260917_132835.csv,outages_20260917_183953.csv,17/09/2026 13:28,17/09/2026 18:39
関西,関西電力株式会社,63D03,大河内発電所,水力,３号機,320000,計画停止,停止・設備故障,,9999/11/09 10:00,あり,9999/11/09,発電機作業,2024/08/23 17:30,removed,outages_20260917_132835.csv,outages_20260917_183953.csv,17/09/2026 13:28,17/09/2026 18:39
関西,関西電力株式会社,63D03,大河内発電所,水力,４号機,320000,計画停止,停止・設備故障,,9999/11/09 10:00,あり,9999/11/09,発電機作業,2024/08/23 17:29,removed,outages_20260917_132835.csv,outages_20260917_183953.csv,17/09/2026 13:28,17/09/2026 18:39
関西,関西電力株式会社,63D03,大河内発電所,水力,４号機,320000,計画停止,停止・設備故障,,9999/11/09 10:00,あり,9999/11/09,発電機作業,2024/08/23 17:28,removed,outages_20260917_132835.csv,outages_20260917_183953.csv,17/09/2026 13:28,17/09/2026 18:39
関西,関西電力株式会社,63D03,大河内発電所,水力,１号機,320000,計画停止,停止・設備故障,,9999/11/05 10:00,あり,9999/11/05,発電機作業,2024/08/23 17:27,removed,outages_20260917_132835.csv,outages_20260917_183953.csv,17/09/2026 13:28,17/09/2026 18:39
関西,関西電力株式会社,68E00,奥多々良木発電所,水力,４号機,303000,計画停止,停止・設備故障,,9999/11/27 10:00,あり,9999/11/27,発電機作業,2024/08/23 17:03,removed,outages_20260917_132835.csv,outages_20260917_183953.csv,17/09/2026 13:28,17/09/2026 18:39
関西,関西電力株式会社,68E00,奥多々良木発電所,水力,２号機,303000,計画停止,停止・設備故障,,9999/11/26 10:00,あり,9999/11/26,発電機作業,2024/08/23 16:56,removed,outages_20260917_132835.csv,outages_20260917_183953.csv,17/09/2026 13:28,17/09/2026 18:39
関西,関西電力株式会社,68E00,奥多々良木発電所,水力,１号機,303000,計画停止,停止・設備故障,,9999/11/25 10:00,あり,9999/11/25,発電機作業,2024/08/23 16:55,removed,outages_20260917_132835.csv,outages_20260917_183953.csv,17/09/2026 13:28,17/09/2026 18:39
関西,関西電力株式会社,68E00,奥多々良木発電所,水力,１号機,303000,計画停止,停止・設備故障,,9999/11/25 09:00,あり,9999/12/06,発電機作業,2024/08/23 16:54,removed,outages_20260917_132835.csv,outages_20260917_183953.csv,17/09/2026 13:28,17/09/2026 18:39
関西,関西電力株式会社,68E00,奥多々良木発電所,水力,２号機,303000,計画停止,停止・設備故障,,9999/11/25 09:00,あり,9999/12/06,発電機作業,2024/08/23 16:47,removed,outages_20260917_132835.csv,outages_20260917_183953.csv,17/09/2026 13:28,17/09/2026 18:39
関西,関西電力株式会社,68E00,奥多々良木発電所,水力,４号機,303000,計画停止,停止・設備故障,,9999/11/05 09:00,あり,9999/11/22,発電機作業,2024/08/23 16:46,removed,outages_20260917_132835.csv,outages_20260917_183953.csv,17/09/2026 13:28,17/09/2026 18:39
関西,関西電力株式会社,65C00,奥吉野発電所,水力,１号機,201000,計画停止,停止・設備故障,,9999/11/12 13:00,あり,9999/11/12,発電機作業,2024/08/23 16:37,removed,outages_20260917_132835.csv,outages_20260917_183953.csv,17/09/2026 13:28,17/09/2026 18:39
関西,関西電力株式会社,67C43,御坊発電所,火力（石油）,３号機,600000,計画停止,停止・設備故障,,9999/10/12 00:00,あり,9999/10/27,発電機作業,2024/08/22 18:57,removed,outages_20260917_132835.csv,outages_20260917_183953.csv,17/09/2026 13:28,17/09/2026 18:39
関西,関西電力株式会社,68J45,姫路第一発電所,火力（ガス）,５号機,729000,計画停止,停止・設備故障,,9999/11/02 00:00,あり,9999/11/15,発電機作業,2024/08/22 18:14,removed,outages_20260917_132835.csv,outages_20260917_183953.csv,17/09/2026 13:28,17/09/2026 18:39
関西,関西電力株式会社,68J45,姫路第一発電所,火力（ガス）,５号機,729000,計画停止,停止・設備故障,,9999/11/02 00:00,あり,9999/11/15,発電機作業,2024/08/22 18:14,removed,outages_20260917_132835.csv,outages_20260917_183953.csv,17/09/2026 13:28,17/09/2026 18:39
関西,関西電力株式会社,63D41,舞鶴発電所,火力（石炭）,１号機,900000,出力低下,低下・設備故障,200000,9999/08/08 02:55,あり,9999/08/12,発電機作業 最大低下量：200000kW 最小低下量：200000kW,2024/08/07 17:22,removed,outages_20260917_132835.csv,outages_20260917_183953.csv,17/09/2026 13:28,17/09/2026 18:39
関西,関西電力株式会社,63D41,舞鶴発電所,火力（石炭）,１号機,900000,出力低下,低下・設備故障,855000,9999/08/13 11:50,あり,9999/08/13,発電機作業 最大低下量：900000(kW) 最小低下量：810000(kW),2024/08/02 11:45,removed,outages_20260917_132835.csv,outages_20260917_183953.csv,17/09/2026 13:28,17/09/2026 18:39
関西,関西電力株式会社,65C00,奥吉野発電所,水力,５号機,201000,計画停止,停止・その他,,9999/10/08 16:00,あり,9999/10/08,試運転,2024/07/31 16:41,removed,outages_20260917_132835.csv,outages_20260917_183953.csv,17/09/2026 13:28,17/09/2026 18:39
関西,関西電力株式会社,68E00,奥多々良木発電所,水力,１号機,303000,計画停止,停止・設備故障,,9999/10/14 09:00,あり,9999/10/25,発電機作業,2024/07/30 20:43,removed,outages_20260917_132835.csv,outages_20260917_183953.csv,17/09/2026 13:28,17/09/2026 18:39
関西,関西電力株式会社,65C00,奥吉野発電所,水力,５号機,201000,計画停止,停止・その他,,9999/10/31 09:00,あり,9999/10/31,試運転,2024/07/30 20:42,removed,outages_20260917_132835.csv,outages_20260917_183953.csv,17/09/2026 13:28,17/09/2026 18:39
関西,関西電力株式会社,65C00,奥吉野発電所,水力,１号機,201000,計画停止,停止・設備故障,,9999/10/27 09:00,あり,9999/10/27,発電機作業,2024/07/30 20:41,removed,outages_20260917_132835.csv,outages_20260917_183953.csv,17/09/2026 13:28,17/09/2026 18:39
関西,関西電力株式会社,65C00,奥吉野発電所,水力,４号機,201000,計画停止,停止・設備故障,,9999/10/26 14:00,あり,9999/10/26,発電機作業,2024/07/30 20:39,removed,outages_20260917_132835.csv,outages_20260917_183953.csv,17/09/2026 13:28,17/09/2026 18:39
関西,関西電力株式会社,65C00,奥吉野発電所,水力,１号機,201000,計画停止,停止・設備故障,,9999/10/22 09:00,あり,9999/10/22,発電機作業,2024/07/30 20:38,removed,outages_20260917_132835.csv,outages_20260917_183953.csv,17/09/2026 13:28,17/09/2026 18:39
関西,関西電力株式会社,65C00,奥吉野発電所,水力,２号機,201000,計画停止,停止・設備故障,,9999/10/22 09:00,あり,9999/10/22,発電機作業,2024/07/30 20:37,removed,outages_20260917_132835.csv,outages_20260917_183953.csv,17/09/2026 13:28,17/09/2026 18:39
関西,関西電力株式会社,65C00,奥吉野発電所,水力,３号機,201000,計画停止,停止・設備故障,,9999/10/22 09:00,あり,9999/10/22,発電機作業,2024/07/30 20:37,removed,outages_20260917_132835.csv,outages_20260917_183953.csv,17/09/2026 13:28,17/09/2026 18:39
関西,関西電力株式会社,65C00,奥吉野発電所,水力,４号機,201000,計画停止,停止・設備故障,,9999/10/21 09:00,あり,9999/10/21,発電機作業,2024/07/30 20:36,removed,outages_20260917_132835.csv,outages_20260917_183953.csv,17/09/2026 13:28,17/09/2026 18:39
関西,関西電力株式会社,65C00,奥吉野発電所,水力,４号機,201000,計画停止,停止・設備故障,,9999/10/14 10:00,あり,9999/10/22,発電機作業,2024/07/30 20:33,removed,outages_20260917_132835.csv,outages_20260917_183953.csv,17/09/2026 13:28,17/09/2026 18:39
関西,関西電力株式会社,65C00,奥吉野発電所,水力,５号機,201000,計画停止,停止・設備故障,,9999/10/14 10:00,あり,9999/10/22,発電機作業,2024/07/30 20:32,removed,outages_20260917_132835.csv,outages_20260917_183953.csv,17/09/2026 13:28,17/09/2026 18:39
関西,関西電力株式会社,65C00,奥吉野発電所,水力,５号機,201000,計画停止,停止・設備故障,,9999/10/14 09:00,あり,9999/10/23,発電機作業,2024/07/30 20:31,removed,outages_20260917_132835.csv,outages_20260917_183953.csv,17/09/2026 13:28,17/09/2026 18:39
関西,関西電力株式会社,65C00,奥吉野発電所,水力,５号機,201000,計画停止,停止・設備故障,,9999/10/14 09:00,あり,9999/10/26,発電機作業,2024/07/30 20:30,removed,outages_20260917_132835.csv,outages_20260917_183953.csv,17/09/2026 13:28,17/09/2026 18:39
関西,関西電力株式会社,65C00,奥吉野発電所,水力,６号機,201000,計画停止,停止・設備故障,,9999/10/14 09:00,あり,9999/10/14,発電機作業,2024/07/30 20:28,removed,outages_20260917_132835.csv,outages_20260917_183953.csv,17/09/2026 13:28,17/09/2026 18:39
関西,関西電力株式会社,63C00,喜撰山発電所,水力,１号機,233000,計画停止,停止・その他,,9999/08/13 12:00,あり,9999/08/13,試運転,2024/07/30 12:03,removed,outages_20260917_132835.csv,outages_20260917_183953.csv,17/09/2026 13:28,17/09/2026 18:39
関西,関西電力株式会社,63D03,大河内発電所,水力,４号機,320000,計画停止,停止・設備故障,,9999/10/02 10:00,あり,9999/10/02,発電機作業,2024/07/29 20:54,removed,outages_20260917_132835.csv,outages_20260917_183953.csv,17/09/2026 13:28,17/09/2026 18:39
関西,関西電力株式会社,65C00,奥吉野発電所,水力,３号機,201000,計画停止,停止・設備故障,,9999/10/08 13:00,あり,9999/10/08,発電機作業,2024/07/29 20:35,removed,outages_20260917_132835.csv,outages_20260917_183953.csv,17/09/2026 13:28,17/09/2026 18:39
関西,関西電力株式会社,68C42,姫路第二発電所,火力（ガス）,２号機,486500,計画停止,停止・定期検査等,,9999/10/01 00:00,あり,9999/11/14,定期検査等,2024/07/29 20:14,removed,outages_20260917_132835.csv,outages_20260917_183953.csv,17/09/2026 13:28,17/09/2026 18:39
関西,関西電力株式会社,68J45,姫路第一発電所,火力（ガス）,５号機,729000,出力低下,低下・設備故障,290000,9999/09/15 00:00,あり,9999/10/29,発電機作業 最大低下量：290000(kW) 最小低下量：290000(kW),2024/07/29 20:10,removed,outages_20260917_132835.csv,outages_20260917_183953.csv,17/09/2026 13:28,17/09/2026 18:39
関西,関西電力株式会社,67C43,御坊発電所,火力（石油）,３号機,600000,計画停止,停止・設備故障,,9999/10/12 00:00,あり,9999/10/27,発電機作業,2024/07/29 20:02,removed,outages_20260917_132835.csv,outages_20260917_183953.csv,17/09/2026 13:28,17/09/2026 18:39
関西,関西電力株式会社,68C41,姫路第二発電所,火力（ガス）,１号機,486500,計画停止,停止・設備故障,,9999/07/26 06:30,あり,9999/08/01,発電機作業,2024/07/18 14:14,removed,outages_20260917_132835.csv,outages_20260917_183953.csv,17/09/2026 13:28,17/09/2026 18:39
関西,関西電力株式会社,63C00,喜撰山発電所,水力,２号機,233000,計画停止,停止・その他,,9999/08/05 12:00,あり,9999/08/05,試運転,2024/07/08 16:30,removed,outages_20260917_132835.csv,outages_20260917_183953.csv,17/09/2026 13:28,17/09/2026 18:39
中部,中部電力(株),41003,奥美濃発電所,水力,５号機,250000,出力低下,低下・その他,131000,9999/07/08 00:00,あり,9999/07/08,最大低下量：250000kW 最低低下量：0kW 平均低下量：131000kW 運用制約,2024/07/07 16:00,removed,outages_20260917_132835.csv,outages_20260917_183953.csv,17/09/2026 13:28,17/09/2026 18:39
中部,中部電力(株),41002,奥美濃発電所,水力,２号機,250000,出力低下,低下・その他,120000,9999/07/08 00:00,あり,9999/07/08,最大低下量：250000kW 最低低下量：0kW 平均低下量：120000kW 運用制約,2024/07/07 15:58,removed,outages_20260917_132835.csv,outages_20260917_183953.csv,17/09/2026 13:28,17/09/2026 18:39
関西,関西電力株式会社,63C00,喜撰山発電所,水力,１号機,233000,計画停止,停止・その他,,9999/07/12 12:00,あり,9999/07/12,試運転,2024/07/02 14:11,removed,outages_20260917_132835.csv,outages_20260917_183953.csv,17/09/2026 13:28,17/09/2026 18:39
関西,関西電力株式会社,65C00,奥吉野発電所,水力,４号機,201000,計画停止,停止・設備故障,,9999/07/13 09:00,あり,9999/07/13,発電機作業,2024/07/01 15:30,removed,outages_20260917_132835.csv,outages_20260917_183953.csv,17/09/2026 13:28,17/09/2026 18:39
関西,関西電力株式会社,65C00,奥吉野発電所,水力,４号機,201000,計画停止,停止・設備故障,,9999/07/10 13:00,あり,9999/07/10,発電機作業,2024/06/26 09:38,removed,outages_20260917_132835.csv,outages_20260917_183953.csv,17/09/2026 13:28,17/09/2026 18:39
関西,関西電力株式会社,65C00,奥吉野発電所,水力,５号機,201000,計画停止,停止・設備故障,,9999/07/10 13:00,あり,9999/07/10,発電機作業,2024/06/26 09:37,removed,outages_20260917_132835.csv,outages_20260917_183953.csv,17/09/2026 13:28,17/09/2026 18:39
関西,関西電力株式会社,65C00,奥吉野発電所,水力,６号機,201000,計画停止,停止・設備故障,,9999/07/10 13:00,あり,9999/07/10,発電機作業,2024/06/26 09:35,removed,outages_20260917_132835.csv,outages_20260917_183953.csv,17/09/2026 13:28,17/09/2026 18:39
関西,関西電力株式会社,65C00,奥吉野発電所,水力,３号機,201000,計画停止,停止・設備故障,,9999/07/09 13:00,あり,9999/07/09,発電機作業,2024/06/26 09:33,removed,outages_20260917_132835.csv,outages_20260917_183953.csv,17/09/2026 13:28,17/09/2026 18:39
関西,関西電力株式会社,65C00,奥吉野発電所,水力,２号機,201000,計画停止,停止・設備故障,,9999/07/09 13:00,あり,9999/07/09,発電機作業,2024/06/26 09:32,removed,outages_20260917_132835.csv,outages_20260917_183953.csv,17/09/2026 13:28,17/09/2026 18:39
関西,関西電力株式会社,65C00,奥吉野発電所,水力,１号機,201000,計画停止,停止・設備故障,,9999/07/09 13:00,あり,9999/07/09,発電機作業,2024/06/26 09:30,removed,outages_20260917_132835.csv,outages_20260917_183953.csv,17/09/2026 13:28,17/09/2026 18:39
関西,関西電力株式会社,63D41,舞鶴発電所,火力（石炭）,１号機,900000,出力低下,低下・設備故障,473000,9999/07/06 00:00,あり,9999/07/07,発電機作業 最大低下量：495000(kW) 最小低下量：450000(kW),2024/06/26 09:28,removed,outages_20260917_132835.csv,outages_20260917_183953.csv,17/09/2026 13:28,17/09/2026 18:39
関西,関西電力株式会社,68J45,姫路第一発電所,火力（ガス）,５号機,729000,出力低下,低下・その他,148500,9999/07/11 14:00,あり,9999/07/13,試運転 最大低下量：297000kW 最小低下量：0kW,2024/06/26 09:26,removed,outages_20260917_132835.csv,outages_20260917_183953.csv,17/09/2026 13:28,17/09/2026 18:39
関西,関西電力株式会社,62A41,堺港発電所,火力（ガス）,１号機,400000,出力低下,低下・その他,200000,9999/06/26 13:00,あり,9999/06/28,試運転 最大低下量：400000kW 最小低下量：0kW,2024/06/25 14:35,removed,outages_20260917_132835.csv,outages_20260917_183953.csv,17/09/2026 13:28,17/09/2026 18:39
中部,中部電力(株),42332,徳山発電所,水力,１号機,139000,出力低下,低下・その他,139000,9999/07/13 00:00,あり,9999/07/19,運用制約 最大低下量：139000kW 最低低下量：0kW 平均低下量：139000kW,2024/06/25 14:12,removed,outages_20260917_132835.csv,outages_20260917_183953.csv,17/09/2026 13:28,17/09/2026 18:39
関西,関西電力株式会社,68E00,奥多々良木発電所,水力,１号機,303000,計画停止,停止・設備故障,,9999/09/23 08:00,あり,9999/11/22,発電機作業,2024/06/25 13:11,removed,outages_20260917_132835.csv,outages_20260917_183953.csv,17/09/2026 13:28,17/09/2026 18:39
関西,関西電力株式会社,68E00,奥多々良木発電所,水力,２号機,303000,計画停止,停止・送電線等制約,,9999/09/23 08:00,あり,9999/11/22,TSO作業,2024/06/25 11:26,removed,outages_20260917_132835.csv,outages_20260917_183953.csv,17/09/2026 13:28,17/09/2026 18:39
関西,関西電力株式会社,68E00,奥多々良木発電所,水力,１号機,303000,計画停止,停止・送電線等制約,,9999/09/23 08:00,あり,9999/11/22,TSO作業,2024/06/25 11:25,removed,outages_20260917_132835.csv,outages_20260917_183953.csv,17/09/2026 13:28,17/09/2026 18:39
関西,関西電力株式会社,68E00,奥多々良木発電所,水力,２号機,303000,計画停止,停止・送電線等制約,,9999/09/23 08:00,あり,9999/11/22,TSO作業,2024/06/25 11:24,removed,outages_20260917_132835.csv,outages_20260917_183953.csv,17/09/2026 13:28,17/09/2026 18:39
関西,関西電力株式会社,65C00,奥吉野発電所,水力,４号機,201000,計画停止,停止・設備故障,,9999/09/11 13:00,あり,9999/09/11,発電機作業,2024/06/25 11:14,removed,outages_20260917_132835.csv,outages_20260917_183953.csv,17/09/2026 13:28,17/09/2026 18:39
関西,関西電力株式会社,65C00,奥吉野発電所,水力,５号機,201000,計画停止,停止・設備故障,,9999/09/11 13:00,あり,9999/09/11,発電機作業,2024/06/25 11:14,removed,outages_20260917_132835.csv,outages_20260917_183953.csv,17/09/2026 13:28,17/09/2026 18:39
関西,関西電力株式会社,65C00,奥吉野発電所,水力,６号機,201000,計画停止,停止・設備故障,,9999/09/11 13:00,あり,9999/09/11,発電機作業,2024/06/25 11:11,removed,outages_20260917_132835.csv,outages_20260917_183953.csv,17/09/2026 13:28,17/09/2026 18:39
関西,関西電力株式会社,65C00,奥吉野発電所,水力,２号機,201000,計画停止,停止・設備故障,,9999/09/10 13:00,あり,9999/09/10,発電機作業,2024/06/25 11:10,removed,outages_20260917_132835.csv,outages_20260917_183953.csv,17/09/2026 13:28,17/09/2026 18:39
関西,関西電力株式会社,65C00,奥吉野発電所,水力,３号機,201000,計画停止,停止・設備故障,,9999/09/10 13:00,あり,9999/09/10,発電機作業,2024/06/25 11:09,removed,outages_20260917_132835.csv,outages_20260917_183953.csv,17/09/2026 13:28,17/09/2026 18:39
関西,関西電力株式会社,65C00,奥吉野発電所,水力,４号機,201000,計画停止,停止・設備故障,,9999/08/14 13:00,あり,9999/08/14,発電機作業,2024/06/25 11:05,removed,outages_20260917_132835.csv,outages_20260917_183953.csv,17/09/2026 13:28,17/09/2026 18:39
関西,関西電力株式会社,65C00,奥吉野発電所,水力,６号機,201000,計画停止,停止・設備故障,,9999/08/14 13:00,あり,9999/08/14,発電機作業,2024/06/25 11:04,removed,outages_20260917_132835.csv,outages_20260917_183953.csv,17/09/2026 13:28,17/09/2026 18:39
関西,関西電力株式会社,65C00,奥吉野発電所,水力,１号機,201000,計画停止,停止・設備故障,,9999/08/13 13:00,あり,9999/08/13,発電機作業,2024/06/25 11:04,removed,outages_20260917_132835.csv,outages_20260917_183953.csv,17/09/2026 13:28,17/09/2026 18:39
関西,関西電力株式会社,65C00,奥吉野発電所,水力,２号機,201000,計画停止,停止・設備故障,,9999/08/13 13:00,あり,9999/08/13,発電機作業,2024/06/25 11:03,removed,outages_20260917_132835.csv,outages_20260917_183953.csv,17/09/2026 13:28,17/09/2026 18:39
関西,関西電力株式会社,65C00,奥吉野発電所,水力,３号機,201000,計画停止,停止・設備故障,,9999/08/13 13:00,あり,9999/08/13,発電機作業,2024/06/25 11:02,removed,outages_20260917_132835.csv,outages_20260917_183953.csv,17/09/2026 13:28,17/09/2026 18:39
関西,関西電力株式会社,68C41,姫路第二発電所,火力（ガス）,１号機,486500,計画停止,停止・設備故障,,9999/07/05 06:30,あり,9999/07/10,発電機作業,2024/06/24 15:45,removed,outages_20260917_132835.csv,outages_20260917_183953.csv,17/09/2026 13:28,17/09/2026 18:39
関西,関西電力株式会社,63C00,喜撰山発電所,水力,２号機,233000,計画停止,停止・その他,,9999/06/25 16:00,あり,9999/06/25,試運転,2024/06/24 15:01,removed,outages_20260917_132835.csv,outages_20260917_183953.csv,17/09/2026 13:28,17/09/2026 18:39
関西,関西電力株式会社,63C00,喜撰山発電所,水力,２号機,233000,計画停止,停止・その他,,9999/06/24 16:00,あり,9999/06/24,試運転,2024/06/24 15:00,removed,outages_20260917_132835.csv,outages_20260917_183953.csv,17/09/2026 13:28,17/09/2026 18:39
関西,関西電力株式会社,63D03,大河内発電所,水力,１号機,320000,計画停止,停止・設備故障,,9999/07/05 17:00,あり,9999/07/05,発電機作業,2024/06/19 09:50,removed,outages_20260917_132835.csv,outages_20260917_183953.csv,17/09/2026 13:28,17/09/2026 18:39
関西,関西電力株式会社,63D03,大河内発電所,水力,２号機,320000,計画停止,停止・設備故障,,9999/07/05 17:00,あり,9999/07/05,発電機作業,2024/06/19 09:46,removed,outages_20260917_132835.csv,outages_20260917_183953.csv,17/09/2026 13:28,17/09/2026 18:39
関西,関西電力株式会社,63D03,大河内発電所,水力,３号機,320000,計画停止,停止・設備故障,,9999/07/05 17:00,あり,9999/07/05,発電機作業,2024/06/19 09:43,removed,outages_20260917_132835.csv,outages_20260917_183953.csv,17/09/2026 13:28,17/09/2026 18:39
関西,関西電力株式会社,63D03,大河内発電所,水力,４号機,320000,計画停止,停止・設備故障,,9999/07/05 17:00,あり,9999/07/05,発電機作業,2024/06/19 09:42,removed,outages_20260917_132835.csv,outages_20260917_183953.csv,17/09/2026 13:28,17/09/2026 18:39
関西,関西電力株式会社,63D03,大河内発電所,水力,２号機,320000,計画停止,停止・設備故障,,9999/07/04 09:00,あり,9999/07/04,発電機作業,2024/06/19 09:41,removed,outages_20260917_132835.csv,outages_20260917_183953.csv,17/09/2026 13:28,17/09/2026 18:39
関西,関西電力株式会社,63D03,大河内発電所,水力,１号機,320000,計画停止,停止・設備故障,,9999/07/04 09:00,あり,9999/07/04,発電機作業,2024/06/19 09:39,removed,outages_20260917_132835.csv,outages_20260917_183953.csv,17/09/2026 13:28,17/09/2026 18:39
中部,中部電力(株),45002,奥矢作第一発電所,水力,１号機,108000,計画停止,停止・その他,,9999/06/18 14:00,あり,9999/06/18,出水,2024/06/18 05:32,removed,outages_20260917_132835.csv,outages_20260917_183953.csv,17/09/2026 13:28,17/09/2026 18:39
中部,中部電力(株),45002,奥矢作第一発電所,水力,２号機,108000,計画停止,停止・その他,,9999/06/18 14:00,あり,9999/06/18,出水,2024/06/18 05:31,removed,outages_20260917_132835.csv,outages_20260917_183953.csv,17/09/2026 13:28,17/09/2026 18:39
中部,中部電力(株),45002,奥矢作第一発電所,水力,３号機,107000,計画停止,停止・その他,,9999/06/18 14:00,あり,9999/06/18,出水,2024/06/18 05:30,removed,outages_20260917_132835.csv,outages_20260917_183953.csv,17/09/2026 13:28,17/09/2026 18:39
中部,中部電力(株),45002,奥矢作第二発電所,水力,１号機,260000,計画停止,停止・その他,,9999/06/18 14:00,あり,9999/06/18,出水,2024/06/18 05:30,removed,outages_20260917_132835.csv,outages_20260917_183953.csv,17/09/2026 13:28,17/09/2026 18:39
中部,中部電力(株),45002,奥矢作第二発電所,水力,２号機,260000,計画停止,停止・その他,,9999/06/18 14:00,あり,9999/06/18,出水,2024/06/18 05:29,removed,outages_20260917_132835.csv,outages_20260917_183953.csv,17/09/2026 13:28,17/09/2026 18:39
中部,中部電力(株),45002,奥矢作第二発電所,水力,３号機,260000,計画停止,停止・その他,,9999/06/18 14:00,あり,9999/06/18,出水,2024/06/18 05:28,removed,outages_20260917_132835.csv,outages_20260917_183953.csv,17/09/2026 13:28,17/09/2026 18:39
関西,関西電力株式会社,63D03,大河内発電所,水力,１号機,320000,計画停止,停止・設備故障,,9999/06/25 09:00,あり,9999/06/25,発電機作業,2024/06/11 15:15,removed,outages_20260917_132835.csv,outages_20260917_183953.csv,17/09/2026 13:28,17/09/2026 18:39
関西,関西電力株式会社,63D03,大河内発電所,水力,２号機,320000,計画停止,停止・設備故障,,9999/06/26 09:00,あり,9999/06/26,発電機作業,2024/06/11 15:13,removed,outages_20260917_132835.csv,outages_20260917_183953.csv,17/09/2026 13:28,17/09/2026 18:39
関西,関西電力株式会社,68E00,奥多々良木発電所,水力,６号機,360000,計画停止,停止・設備故障,,9999/06/28 10:00,あり,9999/06/28,発電機作業,2024/06/11 15:10,removed,outages_20260917_132835.csv,outages_20260917_183953.csv,17/09/2026 13:28,17/09/2026 18:39
関西,関西電力株式会社,63C00,喜撰山発電所,水力,２号機,233000,計画停止,停止・その他,,9999/07/05 12:00,あり,9999/07/05,試運転,2024/06/11 14:48,removed,outages_20260917_132835.csv,outages_20260917_183953.csv,17/09/2026 13:28,17/09/2026 18:39
関西,関西電力株式会社,68E00,奥多々良木発電所,水力,６号機,360000,計画停止,停止・その他,,9999/06/19 13:00,あり,9999/06/19,有水試験,2024/06/04 13:37,removed,outages_20260917_132835.csv,outages_20260917_183953.csv,17/09/2026 13:28,17/09/2026 18:39
関西,関西電力株式会社,68E00,奥多々良木発電所,水力,１号機,303000,計画停止,停止・設備故障,,9999/06/19 10:00,あり,9999/06/19,発電機作業,2024/06/04 13:36,removed,outages_20260917_132835.csv,outages_20260917_183953.csv,17/09/2026 13:28,17/09/2026 18:39
北陸,関西電力株式会社,60A06,音沢発電所,水力,単独,124000,出力低下,低下・送電線等制約,62000,9999/06/01 06:00,あり,9999/06/01,系統制約 最大低下量：124000kW 最小低下量：0kW,2024/05/31 10:23,removed,outages_20260917_132835.csv,outages_20260917_183953.csv,17/09/2026 13:28,17/09/2026 18:39
東京,川崎天然ガス発電,61203,川崎天然ガス発電所,火力（ガス）,川天1号機,413000,出力低下,停止・送電線等制約,172000,9999/06/04 08:00,あり,9999/06/04,最大低下量：195000kW 最小低下量：160000kW 平均低下量：172000kW 送電事業者事由による送電線出力抑制,2024/05/31 10:23,removed,outages_20260917_132835.csv,outages_20260917_183953.csv,17/09/2026 13:28,17/09/2026 18:39
北陸,関西電力株式会社,60C10,下小鳥発電所,水力,単独,142000,出力低下,低下・送電線等制約,71000,9999/06/05 16:30,あり,9999/08/01,系統制約 最大低下量：142000kW 最小低下量：0kW,2024/05/31 10:22,removed,outages_20260917_132835.csv,outages_20260917_183953.csv,17/09/2026 13:28,17/09/2026 18:39
北陸,関西電力株式会社,60C10,下小鳥発電所,水力,単独,142000,出力低下,低下・送電線等制約,71000,9999/06/04 21:00,あり,9999/06/05,系統制約 最大低下量：142000kW 最小低下量：0kW,2024/05/31 10:20,removed,outages_20260917_132835.csv,outages_20260917_183953.csv,17/09/2026 13:28,17/09/2026 18:39
北陸,関西電力株式会社,60C10,下小鳥発電所,水力,単独,142000,出力低下,低下・送電線等制約,71000,9999/06/04 17:00,あり,9999/06/04,系統制約 最大低下量：142000kW 最小低下量：0kW,2024/05/31 10:19,removed,outages_20260917_132835.csv,outages_20260917_183953.csv,17/09/2026 13:28,17/09/2026 18:39
北陸,関西電力株式会社,60C10,下小鳥発電所,水力,単独,142000,出力低下,低下・送電線等制約,71000,9999/06/01 08:30,あり,9999/06/01,系統制約 最大低下量：142000kW 最小低下量：0kW,2024/05/31 10:18,removed,outages_20260917_132835.csv,outages_20260917_183953.csv,17/09/2026 13:28,17/09/2026 18:39
北陸,関西電力株式会社,60C10,下小鳥発電所,水力,単独,142000,出力低下,低下・送電線等制約,71000,9999/06/01 06:00,あり,9999/06/01,系統制約 最大低下量：142000kW 最小低下量：0kW,2024/05/31 10:17,removed,outages_20260917_132835.csv,outages_20260917_183953.csv,17/09/2026 13:28,17/09/2026 18:39
北陸,関西電力株式会社,60A06,音沢発電所,水力,単独,124000,出力低下,低下・送電線等制約,62000,9999/06/01 08:30,あり,9999/06/01,系統制約 最大低下量：124000kW 最小低下量：0kW,2024/05/31 10:15,removed,outages_20260917_132835.csv,outages_20260917_183953.csv,17/09/2026 13:28,17/09/2026 18:39
北陸,関西電力株式会社,60A06,音沢発電所,水力,単独,124000,出力低下,低下・送電線等制約,62000,9999/06/02 08:30,あり,9999/06/02,系統制約 最大低下量：124000kW 最小低下量：0kW,2024/05/31 10:14,removed,outages_20260917_132835.csv,outages_20260917_183953.csv,17/09/2026 13:28,17/09/2026 18:39
北陸,関西電力株式会社,60A06,音沢発電所,水力,単独,124000,出力低下,低下・送電線等制約,62000,9999/06/02 16:30,あり,9999/06/03,系統制約 最大低下量：124000kW 最小低下量：0kW,2024/05/31 10:12,removed,outages_20260917_132835.csv,outages_20260917_183953.csv,17/09/2026 13:28,17/09/2026 18:39
北陸,関西電力株式会社,60A06,音沢発電所,水力,単独,124000,出力低下,低下・送電線等制約,62000,9999/06/04 08:30,あり,9999/06/04,系統制約 最大低下量：124000kW 最小低下量：0kW,2024/05/31 10:11,removed,outages_20260917_132835.csv,outages_20260917_183953.csv,17/09/2026 13:28,17/09/2026 18:39
北陸,関西電力株式会社,60A06,音沢発電所,水力,単独,124000,出力低下,低下・送電線等制約,62000,9999/06/04 17:00,あり,9999/06/04,系統制約 最大低下量：124000kW 最小低下量：0kW,2024/05/31 10:10,removed,outages_20260917_132835.csv,outages_20260917_183953.csv,17/09/2026 13:28,17/09/2026 18:39
北陸,関西電力株式会社,60A06,音沢発電所,水力,単独,124000,出力低下,低下・送電線等制約,62000,9999/06/04 21:00,あり,9999/06/05,系統制約 最大低下量：124000kW 最小低下量：0kW,2024/05/31 10:08,removed,outages_20260917_132835.csv,outages_20260917_183953.csv,17/09/2026 13:28,17/09/2026 18:39
北陸,関西電力株式会社,60A06,音沢発電所,水力,単独,124000,出力低下,低下・送電線等制約,62000,9999/06/05 16:30,あり,9999/08/01,系統制約 最大低下量：124000kW 最小低下量：0kW,2024/05/31 10:07,removed,outages_20260917_132835.csv,outages_20260917_183953.csv,17/09/2026 13:28,17/09/2026 18:39
中部,中部電力(株),42332,徳山発電所,水力,１号機,139000,計画停止,停止・送電線等制約,,9999/05/31 07:00,あり,9999/05/31,作業,2024/05/30 15:17,removed,outages_20260917_132835.csv,outages_20260917_183953.csv,17/09/2026 13:28,17/09/2026 18:39
北陸,関西電力株式会社,60C10,下小鳥発電所,水力,単独,142000,計画停止,停止・設備故障,,9999/05/31 09:00,あり,9999/05/31,発電機作業,2024/05/30 12:32,removed,outages_20260917_132835.csv,outages_20260917_183953.csv,17/09/2026 13:28,17/09/2026 18:39
関西,関西電力株式会社,68E00,奥多々良木発電所,水力,５号機,360000,計画停止,停止・設備故障,,9999/07/11 10:00,あり,9999/07/11,発電機作業,2024/05/29 17:43,removed,outages_20260917_132835.csv,outages_20260917_183953.csv,17/09/2026 13:28,17/09/2026 18:39
関西,関西電力株式会社,65C00,奥吉野発電所,水力,６号機,201000,計画停止,停止・設備故障,,9999/07/14 09:00,あり,9999/07/14,発電機作業,2024/05/29 17:21,removed,outages_20260917_132835.csv,outages_20260917_183953.csv,17/09/2026 13:28,17/09/2026 18:39
関西,関西電力株式会社,65C00,奥吉野発電所,水力,５号機,201000,計画停止,停止・設備故障,,9999/07/14 09:00,あり,9999/07/14,発電機作業,2024/05/29 17:20,removed,outages_20260917_132835.csv,outages_20260917_183953.csv,17/09/2026 13:28,17/09/2026 18:39
関西,関西電力株式会社,65C00,奥吉野発電所,水力,４号機,201000,計画停止,停止・設備故障,,9999/07/14 09:00,あり,9999/07/14,発電機作業,2024/05/29 17:19,removed,outages_20260917_132835.csv,outages_20260917_183953.csv,17/09/2026 13:28,17/09/2026 18:39
中部,中部電力(株),45002,奥矢作第二発電所,水力,３号機,260000,計画停止,停止・その他,,9999/05/28 20:00,あり,9999/05/28,出水,2024/05/28 16:10,removed,outages_20260917_132835.csv,outages_20260917_183953.csv,17/09/2026 13:28,17/09/2026 18:39
中部,中部電力(株),45002,奥矢作第二発電所,水力,２号機,260000,計画停止,停止・その他,,9999/05/28 20:00,あり,9999/05/28,出水,2024/05/28 16:10,removed,outages_20260917_132835.csv,outages_20260917_183953.csv,17/09/2026 13:28,17/09/2026 18:39
中部,中部電力(株),45002,奥矢作第二発電所,水力,１号機,260000,計画停止,停止・その他,,9999/05/28 20:00,あり,9999/05/28,出水,2024/05/28 16:09,removed,outages_20260917_132835.csv,outages_20260917_183953.csv,17/09/2026 13:28,17/09/2026 18:39
中部,中部電力(株),45002,奥矢作第一発電所,水力,３号機,107000,計画停止,停止・その他,,9999/05/28 20:00,あり,9999/05/28,出水,2024/05/28 16:09,removed,outages_20260917_132835.csv,outages_20260917_183953.csv,17/09/2026 13:28,17/09/2026 18:39
中部,中部電力(株),45002,奥矢作第一発電所,水力,２号機,108000,計画停止,停止・その他,,9999/05/28 20:00,あり,9999/05/28,出水,2024/05/28 16:08,removed,outages_20260917_132835.csv,outages_20260917_183953.csv,17/09/2026 13:28,17/09/2026 18:39
中部,中部電力(株),42332,徳山発電所,水力,１号機,139000,計画停止,停止・送電線等制約,,9999/05/29 07:00,あり,9999/05/29,作業,2024/05/28 16:07,removed,outages_20260917_132835.csv,outages_20260917_183953.csv,17/09/2026 13:28,17/09/2026 18:39
中部,中部電力(株),45002,奥矢作第一発電所,水力,１号機,108000,計画停止,停止・その他,,9999/05/28 20:00,あり,9999/05/28,出水,2024/05/28 16:07,removed,outages_20260917_132835.csv,outages_20260917_183953.csv,17/09/2026 13:28,17/09/2026 18:39
中部,中山名古屋共同発電株式会社,46107,名古屋発電所,火力（石炭）,1号機,149000,計画停止,停止・その他,,9999/06/21 03:00,あり,9999/07/01,削除,2024/05/27 10:48,removed,outages_20260917_132835.csv,outages_20260917_183953.csv,17/09/2026 13:28,17/09/2026 18:39
中部,中部電力(株),42332,徳山発電所,水力,１号機,139000,計画停止,停止・送電線等制約,,9999/05/27 07:00,あり,9999/05/27,作業,2024/05/26 16:08,removed,outages_20260917_132835.csv,outages_20260917_183953.csv,17/09/2026 13:28,17/09/2026 18:39
関西,関西電力株式会社,68E00,奥多々良木発電所,水力,４号機,303000,計画停止,停止・その他,,9999/05/29 14:00,あり,9999/05/29,有水試験,2024/05/23 19:06,removed,outages_20260917_132835.csv,outages_20260917_183953.csv,17/09/2026 13:28,17/09/2026 18:39
関西,関西電力株式会社,68E00,奥多々良木発電所,水力,４号機,303000,計画停止,停止・設備故障,,9999/05/29 10:00,あり,9999/05/29,発電機作業,2024/05/23 19:05,removed,outages_20260917_132835.csv,outages_20260917_183953.csv,17/09/2026 13:28,17/09/2026 18:39
関西,関西電力株式会社,68C41,姫路第二発電所,火力（ガス）,１号機,486500,計画停止,停止・設備故障,,9999/05/25 06:30,あり,9999/05/30,発電機作業,2024/05/21 17:59,removed,outages_20260917_132835.csv,outages_20260917_183953.csv,17/09/2026 13:28,17/09/2026 18:39
中部,中部電力(株),45002,奥矢作第二発電所,水力,１号機,260000,計画停止,停止・定期検査等,,9999/06/30 10:00,あり,9999/06/30,作業,2024/05/16 13:33,removed,outages_20260917_132835.csv,outages_20260917_183953.csv,17/09/2026 13:28,17/09/2026 18:39
中部,中部電力(株),45002,奥矢作第一発電所,水力,１号機,108000,計画停止,停止・定期検査等,,9999/06/30 10:00,あり,9999/06/30,作業,2024/05/16 13:32,removed,outages_20260917_132835.csv,outages_20260917_183953.csv,17/09/2026 13:28,17/09/2026 18:39
中部,中部電力(株),45002,奥矢作第二発電所,水力,１号機,260000,計画停止,停止・定期検査等,,9999/06/29 10:00,あり,9999/06/29,作業,2024/05/16 13:30,removed,outages_20260917_132835.csv,outages_20260917_183953.csv,17/09/2026 13:28,17/09/2026 18:39
中部,中部電力(株),45002,奥矢作第一発電所,水力,１号機,108000,計画停止,停止・定期検査等,,9999/06/29 10:00,あり,9999/06/29,作業,2024/05/16 13:28,removed,outages_20260917_132835.csv,outages_20260917_183953.csv,17/09/2026 13:28,17/09/2026 18:39
北陸,関西電力株式会社,60C10,下小鳥発電所,水力,単独,142000,計画停止,停止・設備故障,,9999/05/20 09:00,あり,9999/05/20,発電機作業,2024/05/15 17:55,removed,outages_20260917_132835.csv,outages_20260917_183953.csv,17/09/2026 13:28,17/09/2026 18:39
中部,中部電力(株),42332,徳山発電所,水力,１号機,139000,計画停止,停止・送電線等制約,,9999/05/07 07:00,あり,9999/05/07,作業,2024/05/05 19:25,removed,outages_20260917_132835.csv,outages_20260917_183953.csv,17/09/2026 13:28,17/09/2026 18:39
北陸,北陸電力株式会社,52314,北陸電力 富山新港火力発電所,火力（ガス）,2号機,500000,出力低下,低下・送電線等制約,106271,9999/05/03 00:00,あり,9999/05/03,系統制約 最大低下量：193000kW 最小低下量：0kW,2024/05/01 23:13,removed,outages_20260917_132835.csv,outages_20260917_183953.csv,17/09/2026 13:28,17/09/2026 18:39
関西,関西電力株式会社,68E00,奥多々良木発電所,水力,２号機,303000,計画停止,停止・設備故障,,9999/05/14 09:00,あり,9999/05/14,発電機作業,2024/04/30 13:32,removed,outages_20260917_132835.csv,outages_20260917_183953.csv,17/09/2026 13:28,17/09/2026 18:39
関西,関西電力株式会社,68E00,奥多々良木発電所,水力,１号機,303000,計画停止,停止・設備故障,,9999/05/14 09:00,あり,9999/05/14,発電機作業,2024/04/30 13:29,removed,outages_20260917_132835.csv,outages_20260917_183953.csv,17/09/2026 13:28,17/09/2026 18:39
関西,関西電力株式会社,63D03,大河内発電所,水力,４号機,320000,計画停止,停止・その他,,9999/06/19 15:00,あり,9999/06/19,試運転,2024/04/30 09:39,removed,outages_20260917_132835.csv,outages_20260917_183953.csv,17/09/2026 13:28,17/09/2026 18:39
関西,関西電力株式会社,65C00,奥吉野発電所,水力,４号機,201000,計画停止,停止・設備故障,,9999/07/14 09:00,あり,9999/07/14,発電機作業,2024/04/30 09:22,removed,outages_20260917_132835.csv,outages_20260917_183953.csv,17/09/2026 13:28,17/09/2026 18:39
関西,関西電力株式会社,65C00,奥吉野発電所,水力,５号機,201000,計画停止,停止・設備故障,,9999/07/14 09:00,あり,9999/07/14,発電機作業,2024/04/30 09:22,removed,outages_20260917_132835.csv,outages_20260917_183953.csv,17/09/2026 13:28,17/09/2026 18:39
関西,関西電力株式会社,65C00,奥吉野発電所,水力,６号機,201000,計画停止,停止・設備故障,,9999/07/14 09:00,あり,9999/07/14,発電機作業,2024/04/30 09:21,removed,outages_20260917_132835.csv,outages_20260917_183953.csv,17/09/2026 13:28,17/09/2026 18:39
関西,関西電力株式会社,68E00,奥多々良木発電所,水力,６号機,360000,計画停止,停止・設備故障,,9999/06/03 09:00,あり,9999/06/19,発電機作業,2024/04/26 18:20,removed,outages_20260917_132835.csv,outages_20260917_183953.csv,17/09/2026 13:28,17/09/2026 18:39
関西,関西電力株式会社,63D42,舞鶴発電所,火力（石炭）,２号機,900000,計画停止,停止・設備故障,,9999/07/30 17:00,あり,9999/07/30,発電機作業,2024/04/26 18:17,removed,outages_20260917_132835.csv,outages_20260917_183953.csv,17/09/2026 13:28,17/09/2026 18:39
関西,関西電力株式会社,63D42,舞鶴発電所,火力（石炭）,２号機,900000,計画停止,停止・設備故障,,9999/07/28 09:00,あり,9999/07/30,発電機作業,2024/04/26 18:17,removed,outages_20260917_132835.csv,outages_20260917_183953.csv,17/09/2026 13:28,17/09/2026 18:39
関西,関西電力株式会社,63D42,舞鶴発電所,火力（石炭）,２号機,900000,計画停止,停止・設備故障,,9999/07/03 09:00,あり,9999/07/04,発電機作業,2024/04/26 18:16,removed,outages_20260917_132835.csv,outages_20260917_183953.csv,17/09/2026 13:28,17/09/2026 18:39
関西,関西電力株式会社,63D41,舞鶴発電所,火力（石炭）,１号機,900000,出力低下,低下・設備故障,473000,9999/05/05 00:00,あり,9999/05/05,最大低下量：495000(kW)  最小低下量：450000(kW),2024/04/23 11:22,removed,outages_20260917_132835.csv,outages_20260917_183953.csv,17/09/2026 13:28,17/09/2026 18:39
関西,関西電力株式会社,63D41,舞鶴発電所,火力（石炭）,１号機,900000,出力低下,低下・設備故障,473000,9999/05/06 00:00,あり,9999/05/06,最大低下量：495000(kW)  最小低下量：450000(kW),2024/04/23 11:17,removed,outages_20260917_132835.csv,outages_20260917_183953.csv,17/09/2026 13:28,17/09/2026 18:39
関西,関西電力株式会社,68J46,姫路第一発電所,火力（ガス）,６号機,713000,出力低下,低下・設備故障,353000,9999/05/01 00:00,あり,9999/05/26,発電機作業 最大低下量：353000kW 最小低下量：353000kW,2024/04/23 10:54,removed,outages_20260917_132835.csv,outages_20260917_183953.csv,17/09/2026 13:28,17/09/2026 18:39
関西,関西電力株式会社,68E00,奥多々良木発電所,水力,６号機,360000,計画停止,停止・設備故障,,9999/04/26 10:00,あり,9999/04/26,発電機作業,2024/04/22 15:58,removed,outages_20260917_132835.csv,outages_20260917_183953.csv,17/09/2026 13:28,17/09/2026 18:39
関西,関西電力株式会社,68E00,奥多々良木発電所,水力,２号機,303000,計画停止,停止・設備故障,,9999/04/23 10:00,あり,9999/04/23,発電機作業,2024/04/22 15:57,removed,outages_20260917_132835.csv,outages_20260917_183953.csv,17/09/2026 13:28,17/09/2026 18:39
関西,関西電力株式会社,62A44,堺港発電所,火力（ガス）,４号機,400000,計画停止,停止・設備故障,,9999/04/20 00:00,あり,9999/04/28,発電機作業,2024/04/15 15:46,removed,outages_20260917_132835.csv,outages_20260917_183953.csv,17/09/2026 13:28,17/09/2026 18:39
関西,関西電力株式会社,63D03,大河内発電所,水力,３号機,320000,計画停止,停止・その他,,9999/04/14 11:00,あり,9999/04/14,他発電機作業,2024/04/12 02:05,removed,outages_20260917_132835.csv,outages_20260917_183953.csv,17/09/2026 13:28,17/09/2026 18:39
関西,関西電力株式会社,63D03,大河内発電所,水力,１号機,320000,計画停止,停止・その他,,9999/04/14 11:00,あり,9999/04/14,他発電機作業,2024/04/12 02:05,removed,outages_20260917_132835.csv,outages_20260917_183953.csv,17/09/2026 13:28,17/09/2026 18:39
関西,関西電力株式会社,63D03,大河内発電所,水力,４号機,320000,計画停止,停止・その他,,9999/04/13 11:00,あり,9999/04/13,他発電機作業,2024/04/12 02:04,removed,outages_20260917_132835.csv,outages_20260917_183953.csv,17/09/2026 13:28,17/09/2026 18:39
関西,関西電力株式会社,63D03,大河内発電所,水力,２号機,320000,計画停止,停止・その他,,9999/04/13 11:00,あり,9999/04/13,他発電機作業,2024/04/12 02:03,removed,outages_20260917_132835.csv,outages_20260917_183953.csv,17/09/2026 13:28,17/09/2026 18:39
関西,関西電力株式会社,68E00,奥多々良木発電所,水力,５号機,360000,計画停止,停止・設備故障,,9999/04/25 10:00,あり,9999/04/25,発電機作業,2024/04/10 09:44,removed,outages_20260917_132835.csv,outages_20260917_183953.csv,17/09/2026 13:28,17/09/2026 18:39
関西,関西電力株式会社,68E00,奥多々良木発電所,水力,４号機,303000,計画停止,停止・設備故障,,9999/04/25 09:00,あり,9999/04/25,発電機作業,2024/04/10 09:42,removed,outages_20260917_132835.csv,outages_20260917_183953.csv,17/09/2026 13:28,17/09/2026 18:39
関西,関西電力株式会社,68E00,奥多々良木発電所,水力,６号機,360000,計画停止,停止・その他,,9999/06/03 17:00,あり,9999/07/08,有水試験,2024/04/09 21:16,removed,outages_20260917_132835.csv,outages_20260917_183953.csv,17/09/2026 13:28,17/09/2026 18:39
北陸,関西電力株式会社,60C10,下小鳥発電所,水力,単独,142000,計画停止,停止・設備故障,,9999/05/25 09:00,あり,9999/05/25,発電機作業,2024/04/09 21:12,removed,outages_20260917_132835.csv,outages_20260917_183953.csv,17/09/2026 13:28,17/09/2026 18:39
北陸,関西電力株式会社,60C10,下小鳥発電所,水力,単独,142000,計画停止,停止・設備故障,,9999/05/24 09:00,あり,9999/05/24,発電機作業,2024/04/09 21:11,removed,outages_20260917_132835.csv,outages_20260917_183953.csv,17/09/2026 13:28,17/09/2026 18:39
北陸,関西電力株式会社,60C10,下小鳥発電所,水力,単独,142000,計画停止,停止・設備故障,,9999/05/23 09:00,あり,9999/05/23,発電機作業,2024/04/09 21:10,removed,outages_20260917_132835.csv,outages_20260917_183953.csv,17/09/2026 13:28,17/09/2026 18:39
北陸,関西電力株式会社,60C10,下小鳥発電所,水力,単独,142000,計画停止,停止・設備故障,,9999/05/22 08:30,あり,9999/05/23,発電機作業,2024/04/09 21:09,removed,outages_20260917_132835.csv,outages_20260917_183953.csv,17/09/2026 13:28,17/09/2026 18:39
関西,関西電力株式会社,68E00,奥多々良木発電所,水力,６号機,360000,計画停止,停止・設備故障,,9999/05/02 09:00,あり,9999/06/19,発電機作業,2024/04/05 19:25,removed,outages_20260917_132835.csv,outages_20260917_183953.csv,17/09/2026 13:28,17/09/2026 18:39
北陸,関西電力株式会社,60C10,下小鳥発電所,水力,単独,142000,計画停止,停止・設備故障,,9999/05/10 09:00,あり,9999/05/12,発電機作業,2024/04/05 19:19,removed,outages_20260917_132835.csv,outages_20260917_183953.csv,17/09/2026 13:28,17/09/2026 18:39
関西,関西電力株式会社,68J46,姫路第一発電所,火力（ガス）,６号機,713000,出力低下,低下・設備故障,353000,9999/05/01 00:00,あり,9999/05/26,発電機作業 最大低下量：353000kW 最小低下量：353000kW,2024/04/04 20:51,removed,outages_20260917_132835.csv,outages_20260917_183953.csv,17/09/2026 13:28,17/09/2026 18:39
関西,関西電力株式会社,68J46,姫路第一発電所,火力（ガス）,６号機,713000,出力低下,低下・その他,388500,9999/05/07 15:00,あり,9999/05/10,試運転 最大低下量：504000kW 最小低下量：273000kW,2024/04/04 20:48,removed,outages_20260917_132835.csv,outages_20260917_183953.csv,17/09/2026 13:28,17/09/2026 18:39
関西,関西電力株式会社,68J46,姫路第一発電所,火力（ガス）,６号機,713000,出力低下,低下・設備故障,277000,9999/05/10 17:00,あり,9999/06/25,発電機作業 最大低下量：281000kW 最小低下量：273000kW,2024/04/04 20:47,removed,outages_20260917_132835.csv,outages_20260917_183953.csv,17/09/2026 13:28,17/09/2026 18:39
関西,関西電力株式会社,68J46,姫路第一発電所,火力（ガス）,６号機,713000,出力低下,低下・その他,356500,9999/06/30 09:00,あり,9999/06/30,試運転 最大低下量：713000kW 最小低下量：0kW,2024/04/04 20:46,removed,outages_20260917_132835.csv,outages_20260917_183953.csv,17/09/2026 13:28,17/09/2026 18:39
関西,関西電力株式会社,68J46,姫路第一発電所,火力（ガス）,６号機,713000,出力低下,低下・設備故障,360000,9999/05/01 00:00,あり,9999/05/26,発電機作業 最大低下量：360000kW 最小低下量：360000kW,2024/04/04 20:44,removed,outages_20260917_132835.csv,outages_20260917_183953.csv,17/09/2026 13:28,17/09/2026 18:39
関西,関西電力株式会社,67C43,御坊発電所,火力（石油）,３号機,600000,計画停止,停止・設備故障,,9999/05/18 09:00,あり,9999/07/01,発電機作業,2024/04/04 20:40,removed,outages_20260917_132835.csv,outages_20260917_183953.csv,17/09/2026 13:28,17/09/2026 18:39
関西,関西電力株式会社,67C43,御坊発電所,火力（石油）,３号機,600000,計画停止,停止・設備故障,,9999/05/07 09:00,あり,9999/06/11,発電機作業,2024/04/04 20:39,removed,outages_20260917_132835.csv,outages_20260917_183953.csv,17/09/2026 13:28,17/09/2026 18:39
関西,関西電力株式会社,63D03,大河内発電所,水力,４号機,320000,計画停止,停止・設備故障,,9999/06/10 10:00,あり,9999/06/14,発電機作業,2024/04/04 20:37,removed,outages_20260917_132835.csv,outages_20260917_183953.csv,17/09/2026 13:28,17/09/2026 18:39
関西,関西電力株式会社,63D03,大河内発電所,水力,４号機,320000,計画停止,停止・設備故障,,9999/06/11 11:00,あり,9999/06/11,発電機作業,2024/04/04 20:36,removed,outages_20260917_132835.csv,outages_20260917_183953.csv,17/09/2026 13:28,17/09/2026 18:39
関西,関西電力株式会社,63D03,大河内発電所,水力,４号機,320000,計画停止,停止・設備故障,,9999/05/21 09:30,あり,9999/06/19,発電機作業,2024/04/04 20:35,removed,outages_20260917_132835.csv,outages_20260917_183953.csv,17/09/2026 13:28,17/09/2026 18:39
関西,関西電力株式会社,63D03,大河内発電所,水力,４号機,320000,計画停止,停止・設備故障,,9999/06/28 09:00,あり,9999/06/28,発電機作業,2024/04/04 20:34,removed,outages_20260917_132835.csv,outages_20260917_183953.csv,17/09/2026 13:28,17/09/2026 18:39
関西,関西電力株式会社,63D03,大河内発電所,水力,４号機,320000,計画停止,停止・その他,,9999/06/19 15:00,あり,9999/06/19,有水試験,2024/04/04 20:32,removed,outages_20260917_132835.csv,outages_20260917_183953.csv,17/09/2026 13:28,17/09/2026 18:39
関西,関西電力株式会社,63D03,大河内発電所,水力,３号機,320000,計画停止,停止・設備故障,,9999/06/11 11:00,あり,9999/06/11,発電機作業,2024/04/04 20:30,removed,outages_20260917_132835.csv,outages_20260917_183953.csv,17/09/2026 13:28,17/09/2026 18:39
関西,関西電力株式会社,63D03,大河内発電所,水力,２号機,320000,計画停止,停止・設備故障,,9999/06/03 10:00,あり,9999/06/06,発電機作業,2024/04/04 20:29,removed,outages_20260917_132835.csv,outages_20260917_183953.csv,17/09/2026 13:28,17/09/2026 18:39
関西,関西電力株式会社,63D03,大河内発電所,水力,２号機,320000,計画停止,停止・設備故障,,9999/06/11 10:00,あり,9999/06/11,発電機作業,2024/04/04 20:27,removed,outages_20260917_132835.csv,outages_20260917_183953.csv,17/09/2026 13:28,17/09/2026 18:39
関西,関西電力株式会社,63D03,大河内発電所,水力,２号機,320000,計画停止,停止・設備故障,,9999/05/07 10:00,あり,9999/07/05,発電機作業,2024/04/04 20:26,removed,outages_20260917_132835.csv,outages_20260917_183953.csv,17/09/2026 13:28,17/09/2026 18:39
関西,関西電力株式会社,63D03,大河内発電所,水力,２号機,320000,計画停止,停止・設備故障,,9999/06/17 13:00,あり,9999/06/17,発電機作業,2024/04/04 20:23,removed,outages_20260917_132835.csv,outages_20260917_183953.csv,17/09/2026 13:28,17/09/2026 18:39
関西,関西電力株式会社,63D03,大河内発電所,水力,１号機,320000,計画停止,停止・設備故障,,9999/06/11 10:00,あり,9999/06/11,発電機作業,2024/04/04 20:20,removed,outages_20260917_132835.csv,outages_20260917_183953.csv,17/09/2026 13:28,17/09/2026 18:39
関西,関西電力株式会社,63D03,大河内発電所,水力,１号機,320000,計画停止,停止・設備故障,,9999/05/07 10:00,あり,9999/07/05,発電機作業,2024/04/04 20:18,removed,outages_20260917_132835.csv,outages_20260917_183953.csv,17/09/2026 13:28,17/09/2026 18:39
関西,関西電力株式会社,63D03,大河内発電所,水力,１号機,320000,計画停止,停止・設備故障,,9999/05/10 17:00,あり,9999/07/05,発電機作業,2024/04/04 20:16,removed,outages_20260917_132835.csv,outages_20260917_183953.csv,17/09/2026 13:28,17/09/2026 18:39
関西,関西電力株式会社,63D03,大河内発電所,水力,１号機,320000,計画停止,停止・設備故障,,9999/06/17 13:00,あり,9999/06/17,発電機作業,2024/04/04 20:13,removed,outages_20260917_132835.csv,outages_20260917_183953.csv,17/09/2026 13:28,17/09/2026 18:39
関西,関西電力株式会社,63D03,大河内発電所,水力,１号機,320000,計画停止,停止・設備故障,,9999/05/07 10:00,あり,9999/05/10,発電機作業,2024/04/04 20:11,removed,outages_20260917_132835.csv,outages_20260917_183953.csv,17/09/2026 13:28,17/09/2026 18:39
関西,関西電力株式会社,63D03,大河内発電所,水力,２号機,320000,計画停止,停止・設備故障,,9999/05/07 10:00,あり,9999/07/05,発電機作業,2024/04/04 19:49,removed,outages_20260917_132835.csv,outages_20260917_183953.csv,17/09/2026 13:28,17/09/2026 18:39
関西,関西電力株式会社,63D03,大河内発電所,水力,１号機,320000,計画停止,停止・設備故障,,9999/05/07 10:00,あり,9999/07/05,発電機作業,2024/04/04 19:46,removed,outages_20260917_132835.csv,outages_20260917_183953.csv,17/09/2026 13:28,17/09/2026 18:39
関西,関西電力株式会社,65C00,奥吉野発電所,水力,６号機,201000,計画停止,停止・設備故障,,9999/05/15 09:00,あり,9999/05/15,発電機作業,2024/04/04 19:18,removed,outages_20260917_132835.csv,outages_20260917_183953.csv,17/09/2026 13:28,17/09/2026 18:39
北陸,関西電力株式会社,60C10,下小鳥発電所,水力,単独,142000,計画停止,停止・設備故障,,9999/05/22 10:00,あり,9999/05/23,発電機作業,2024/04/04 17:41,removed,outages_20260917_132835.csv,outages_20260917_183953.csv,17/09/2026 13:28,17/09/2026 18:39
東京,川崎天然ガス発電,61203,川崎天然ガス発電所,火力（ガス）,川天2号機,413000,出力低下,停止・送電線等制約,226000,9999/04/14 08:00,あり,9999/04/14,最大低下量：251000kW 最小低下量：204000kW 平均低下量：226000kW 送電事業者事由による送電線出力抑制,2024/03/29 11:33,removed,outages_20260917_132835.csv,outages_20260917_183953.csv,17/09/2026 13:28,17/09/2026 18:39
東京,川崎天然ガス発電,61203,川崎天然ガス発電所,火力（ガス）,川天2号機,413000,出力低下,停止・送電線等制約,215000,9999/04/13 08:00,あり,9999/04/13,最大低下量：239000kW 最小低下量：190000kW 平均低下量：215000kW 送電事業者事由による送電線出力抑制,2024/03/29 11:33,removed,outages_20260917_132835.csv,outages_20260917_183953.csv,17/09/2026 13:28,17/09/2026 18:39
東京,川崎天然ガス発電,61203,川崎天然ガス発電所,火力（ガス）,川天2号機,413000,出力低下,停止・送電線等制約,210000,9999/04/12 08:00,あり,9999/04/12,最大低下量：219000kW 最小低下量：193000kW 平均低下量：210000kW 送電事業者事由による送電線出力抑制,2024/03/29 11:32,removed,outages_20260917_132835.csv,outages_20260917_183953.csv,17/09/2026 13:28,17/09/2026 18:39
東京,川崎天然ガス発電,61203,川崎天然ガス発電所,火力（ガス）,川天2号機,413000,出力低下,停止・送電線等制約,205000,9999/04/11 08:00,あり,9999/04/11,最大低下量：215000kW 最小低下量：189000kW 平均低下量：205000kW 送電事業者事由による送電線出力抑制,2024/03/29 11:31,removed,outages_20260917_132835.csv,outages_20260917_183953.csv,17/09/2026 13:28,17/09/2026 18:39
東京,川崎天然ガス発電,61203,川崎天然ガス発電所,火力（ガス）,川天2号機,413000,出力低下,停止・送電線等制約,205000,9999/04/10 08:00,あり,9999/04/10,最大低下量：215000kW 最小低下量：189000kW 平均低下量：205000kW 送電事業者事由による送電線出力抑制,2024/03/29 11:31,removed,outages_20260917_132835.csv,outages_20260917_183953.csv,17/09/2026 13:28,17/09/2026 18:39
東京,川崎天然ガス発電,61203,川崎天然ガス発電所,火力（ガス）,川天2号機,413000,出力低下,停止・送電線等制約,205000,9999/04/09 08:00,あり,9999/04/09,最大低下量：215000kW 最小低下量：189000kW 平均低下量：205000kW 送電事業者事由による送電線出力抑制,2024/03/29 11:30,removed,outages_20260917_132835.csv,outages_20260917_183953.csv,17/09/2026 13:28,17/09/2026 18:39
東京,川崎天然ガス発電,61203,川崎天然ガス発電所,火力（ガス）,川天2号機,413000,出力低下,停止・送電線等制約,205000,9999/04/08 08:00,あり,9999/04/08,最大低下量：215000kW 最小低下量：189000kW 平均低下量：205000kW 送電事業者事由による送電線出力抑制,2024/03/29 11:30,removed,outages_20260917_132835.csv,outages_20260917_183953.csv,17/09/2026 13:28,17/09/2026 18:39
東京,川崎天然ガス発電,61203,川崎天然ガス発電所,火力（ガス）,川天2号機,413000,出力低下,停止・送電線等制約,222000,9999/04/07 08:00,あり,9999/04/07,最大低下量：247000kW 最小低下量：200000kW 平均低下量：222000kW 送電事業者事由による送電線出力抑制,2024/03/29 11:29,removed,outages_20260917_132835.csv,outages_20260917_183953.csv,17/09/2026 13:28,17/09/2026 18:39
東京,川崎天然ガス発電,61203,川崎天然ガス発電所,火力（ガス）,川天2号機,413000,出力低下,停止・送電線等制約,211000,9999/04/06 08:00,あり,9999/04/06,最大低下量：233000kW 最小低下量：186000kW 平均低下量：211000kW 送電事業者事由による送電線出力抑制,2024/03/29 11:29,removed,outages_20260917_132835.csv,outages_20260917_183953.csv,17/09/2026 13:28,17/09/2026 18:39
東京,川崎天然ガス発電,61203,川崎天然ガス発電所,火力（ガス）,川天2号機,413000,出力低下,停止・送電線等制約,205000,9999/04/05 08:00,あり,9999/04/05,最大低下量：215000kW 最小低下量：189000kW 平均低下量：205000kW 送電事業者事由による送電線出力抑制,2024/03/29 11:28,removed,outages_20260917_132835.csv,outages_20260917_183953.csv,17/09/2026 13:28,17/09/2026 18:39
東京,川崎天然ガス発電,61203,川崎天然ガス発電所,火力（ガス）,川天2号機,413000,出力低下,停止・送電線等制約,205000,9999/04/04 08:00,あり,9999/04/04,最大低下量：215000kW 最小低下量：189000kW 平均低下量：205000kW 送電事業者事由による送電線出力抑制,2024/03/29 11:27,removed,outages_20260917_132835.csv,outages_20260917_183953.csv,17/09/2026 13:28,17/09/2026 18:39
東京,川崎天然ガス発電,61203,川崎天然ガス発電所,火力（ガス）,川天2号機,413000,出力低下,停止・送電線等制約,205000,9999/04/03 08:00,あり,9999/04/03,最大低下量：215000kW 最小低下量：189000kW 平均低下量：205000kW 送電事業者事由による送電線出力抑制,2024/03/29 11:27,removed,outages_20260917_132835.csv,outages_20260917_183953.csv,17/09/2026 13:28,17/09/2026 18:39
東京,川崎天然ガス発電,61203,川崎天然ガス発電所,火力（ガス）,川天2号機,413000,出力低下,停止・送電線等制約,205000,9999/04/02 08:00,あり,9999/04/02,最大低下量：215000kW 最小低下量：189000kW 平均低下量：205000kW 送電事業者事由による送電線出力抑制,2024/03/29 11:26,removed,outages_20260917_132835.csv,outages_20260917_183953.csv,17/09/2026 13:28,17/09/2026 18:39
東京,川崎天然ガス発電,61203,川崎天然ガス発電所,火力（ガス）,川天2号機,413000,出力低下,停止・送電線等制約,205000,9999/04/01 08:00,あり,9999/04/01,最大低下量：215000kW 最小低下量：189000kW 平均低下量：205000kW 送電事業者事由による送電線出力抑制,2024/03/29 11:25,removed,outages_20260917_132835.csv,outages_20260917_183953.csv,17/09/2026 13:28,17/09/2026 18:39
関西,関西電力株式会社,68E00,奥多々良木発電所,水力,５号機,360000,計画停止,停止・設備故障,,9999/04/11 09:00,あり,9999/04/27,発電機作業,2024/03/27 19:33,removed,outages_20260917_132835.csv,outages_20260917_183953.csv,17/09/2026 13:28,17/09/2026 18:39
関西,関西電力株式会社,68C46,姫路第二発電所,火力（ガス）,６号機,486500,出力低下,低下・設備故障,243000,9999/04/11 09:00,あり,9999/09/27,最大低下量：486000(kW)  最小低下量：0(kW),2024/03/27 19:11,removed,outages_20260917_132835.csv,outages_20260917_183953.csv,17/09/2026 13:28,17/09/2026 18:39
中国,中国電力株式会社,76301,玉島発電所第１号機,火力（ガス）,１号機,350000,計画停止,停止・その他,,9999/04/02 00:00,なし,,削除,2024/03/26 17:09,removed,outages_20260917_132835.csv,outages_20260917_183953.csv,17/09/2026 13:28,17/09/2026 18:39
関西,関西電力株式会社,68E00,奥多々良木発電所,水力,６号機,360000,計画停止,停止・設備故障,,9999/03/28 09:00,あり,9999/04/10,発電機作業,2024/03/21 09:56,removed,outages_20260917_132835.csv,outages_20260917_183953.csv,17/09/2026 13:28,17/09/2026 18:39
関西,関西電力株式会社,68E00,奥多々良木発電所,水力,５号機,360000,計画停止,停止・設備故障,,9999/03/28 09:00,あり,9999/04/10,発電機作業,2024/03/21 09:54,removed,outages_20260917_132835.csv,outages_20260917_183953.csv,17/09/2026 13:28,17/09/2026 18:39
関西,関西電力株式会社,68E00,奥多々良木発電所,水力,５号機,360000,計画停止,停止・設備故障,,9999/04/08 09:00,あり,9999/04/08,発電機作業,2024/03/19 20:40,removed,outages_20260917_132835.csv,outages_20260917_183953.csv,17/09/2026 13:28,17/09/2026 18:39
関西,関西電力株式会社,68E00,奥多々良木発電所,水力,６号機,360000,計画停止,停止・その他,,9999/04/01 09:00,あり,9999/06/03,有水試験,2024/03/19 20:37,removed,outages_20260917_132835.csv,outages_20260917_183953.csv,17/09/2026 13:28,17/09/2026 18:39
関西,関西電力株式会社,68C41,姫路第二発電所,火力（ガス）,１号機,486500,計画停止,停止・定期検査等,,9999/03/04 00:00,あり,9999/05/06,定期検査等,2024/03/19 20:34,removed,outages_20260917_132835.csv,outages_20260917_183953.csv,17/09/2026 13:28,17/09/2026 18:39
関西,関西電力株式会社,68C41,姫路第二発電所,火力（ガス）,１号機,486500,計画停止,停止・定期検査等,,9999/03/04 00:00,あり,9999/05/06,定期検査等,2024/03/19 20:33,removed,outages_20260917_132835.csv,outages_20260917_183953.csv,17/09/2026 13:28,17/09/2026 18:39
関西,関西電力株式会社,67C43,御坊発電所,火力（石油）,３号機,600000,計画停止,停止・設備故障,,9999/05/07 09:00,あり,9999/06/11,発電機作業,2024/03/19 20:23,removed,outages_20260917_132835.csv,outages_20260917_183953.csv,17/09/2026 13:28,17/09/2026 18:39
関西,関西電力株式会社,67C43,御坊発電所,火力（石油）,３号機,600000,計画停止,停止・設備故障,,9999/04/25 00:00,あり,9999/07/01,発電機作業,2024/03/19 20:21,removed,outages_20260917_132835.csv,outages_20260917_183953.csv,17/09/2026 13:28,17/09/2026 18:39
関西,関西電力株式会社,67C43,御坊発電所,火力（石油）,３号機,600000,計画停止,停止・設備故障,,9999/04/25 00:00,あり,9999/07/01,発電機作業,2024/03/19 20:20,removed,outages_20260917_132835.csv,outages_20260917_183953.csv,17/09/2026 13:28,17/09/2026 18:39
関西,関西電力株式会社,68J46,姫路第一発電所,火力（ガス）,６号機,713000,出力低下,低下・設備故障,333000,9999/04/01 00:00,あり,9999/04/30,発電機作業 最大低下量：333000kW 最小低下量：333000kW,2024/03/19 20:18,removed,outages_20260917_132835.csv,outages_20260917_183953.csv,17/09/2026 13:28,17/09/2026 18:39
関西,関西電力株式会社,63D41,舞鶴発電所,火力（石炭）,１号機,900000,計画停止,停止・設備故障,,9999/03/06 10:00,あり,9999/06/20,発電機作業,2024/03/19 20:16,removed,outages_20260917_132835.csv,outages_20260917_183953.csv,17/09/2026 13:28,17/09/2026 18:39
関西,関西電力株式会社,63D41,舞鶴発電所,火力（石炭）,１号機,900000,計画停止,停止・設備故障,,9999/03/06 10:00,あり,9999/06/20,発電機作業,2024/03/19 20:15,removed,outages_20260917_132835.csv,outages_20260917_183953.csv,17/09/2026 13:28,17/09/2026 18:39
関西,関西電力株式会社,68E00,奥多々良木発電所,水力,６号機,360000,計画停止,停止・設備故障,,9999/03/28 09:00,あり,9999/05/07,発電機作業,2024/03/18 18:06,removed,outages_20260917_132835.csv,outages_20260917_183953.csv,17/09/2026 13:28,17/09/2026 18:39
関西,関西電力株式会社,68E00,奥多々良木発電所,水力,６号機,360000,計画停止,停止・設備故障,,9999/03/27 08:00,あり,9999/03/27,発電機作業,2024/03/11 14:45,removed,outages_20260917_132835.csv,outages_20260917_183953.csv,17/09/2026 13:28,17/09/2026 18:39
関西,関西電力株式会社,65C00,奥吉野発電所,水力,６号機,201000,計画停止,停止・その他,,9999/03/12 19:30,あり,9999/03/12,他発電機作業,2024/03/11 01:06,removed,outages_20260917_132835.csv,outages_20260917_183953.csv,17/09/2026 13:28,17/09/2026 18:39
関西,関西電力株式会社,65C00,奥吉野発電所,水力,５号機,201000,計画停止,停止・その他,,9999/03/12 19:30,あり,9999/03/12,他発電機作業,2024/03/11 01:06,removed,outages_20260917_132835.csv,outages_20260917_183953.csv,17/09/2026 13:28,17/09/2026 18:39
関西,関西電力株式会社,65C00,奥吉野発電所,水力,４号機,201000,計画停止,停止・その他,,9999/03/12 19:30,あり,9999/03/12,他発電機作業,2024/03/11 01:05,removed,outages_20260917_132835.csv,outages_20260917_183953.csv,17/09/2026 13:28,17/09/2026 18:39
関西,関西電力株式会社,65C00,奥吉野発電所,水力,３号機,201000,計画停止,停止・その他,,9999/03/12 19:30,あり,9999/03/12,他発電機作業,2024/03/11 01:04,removed,outages_20260917_132835.csv,outages_20260917_183953.csv,17/09/2026 13:28,17/09/2026 18:39
関西,関西電力株式会社,65C00,奥吉野発電所,水力,２号機,201000,計画停止,停止・その他,,9999/03/12 19:30,あり,9999/03/12,他発電機作業,2024/03/11 01:04,removed,outages_20260917_132835.csv,outages_20260917_183953.csv,17/09/2026 13:28,17/09/2026 18:39
関西,関西電力株式会社,68C43,姫路第二発電所,火力（ガス）,３号機,486500,計画停止,停止・設備故障,,9999/03/15 02:00,あり,9999/03/18,発電機作業,2024/03/08 10:40,removed,outages_20260917_132835.csv,outages_20260917_183953.csv,17/09/2026 13:28,17/09/2026 18:39
関西,関西電力株式会社,63D42,舞鶴発電所,火力（石炭）,２号機,900000,計画停止,停止・設備故障,,9999/03/01 09:00,あり,9999/07/31,発電機作業,2024/02/26 14:17,removed,outages_20260917_132835.csv,outages_20260917_183953.csv,17/09/2026 13:28,17/09/2026 18:39
関西,関西電力株式会社,63C00,喜撰山発電所,水力,２号機,233000,計画停止,停止・その他,,9999/03/05 12:00,あり,9999/03/05,保安運転,2024/02/20 09:02,removed,outages_20260917_132835.csv,outages_20260917_183953.csv,17/09/2026 13:28,17/09/2026 18:39
関西,関西電力株式会社,68C45,姫路第二発電所,火力（ガス）,５号機,486500,計画停止,停止・設備故障,,9999/02/10 13:00,あり,9999/02/10,発電機作業のため,2024/02/10 12:21,removed,outages_20260917_132835.csv,outages_20260917_183953.csv,17/09/2026 13:28,17/09/2026 18:39
関西,関西電力株式会社,63C00,喜撰山発電所,水力,１号機,233000,計画停止,停止・その他,,9999/02/20 12:00,あり,9999/02/20,保安運転,2024/02/09 11:48,removed,outages_20260917_132835.csv,outages_20260917_183953.csv,17/09/2026 13:28,17/09/2026 18:39
関西,関西電力株式会社,63C00,喜撰山発電所,水力,２号機,233000,計画停止,停止・その他,,9999/02/07 12:00,あり,9999/02/07,保安運転,2024/02/05 21:37,removed,outages_20260917_132835.csv,outages_20260917_183953.csv,17/09/2026 13:28,17/09/2026 18:39
北陸,北陸電力株式会社,53202,北陸電力 七尾大田火力発電所,火力（石炭）,1号機,500000,計画停止,停止・定期検査等,,9999/02/17 00:00,あり,9999/02/18,削除,2024/01/26 15:08,removed,outages_20260917_132835.csv,outages_20260917_183953.csv,17/09/2026 13:28,17/09/2026 18:39
北陸,北陸電力株式会社,53202,北陸電力 七尾大田火力発電所,火力（石炭）,1号機,500000,計画停止,停止・定期検査等,,9999/01/07 00:00,あり,9999/01/08,削除,2024/01/05 11:01,removed,outages_20260917_132835.csv,outages_20260917_183953.csv,17/09/2026 13:28,17/09/2026 18:39
関西,関西電力株式会社,68J46,姫路第一発電所,火力（ガス）,６号機,713000,出力低下,低下・設備故障,313000,9999/02/04 04:00,あり,9999/02/04,発電機作業 最大低下量：313000kW 最小低下量：313000kW,2024/01/04 16:58,removed,outages_20260917_132835.csv,outages_20260917_183953.csv,17/09/2026 13:28,17/09/2026 18:39
関西,関西電力株式会社,62A42,堺港発電所,火力（ガス）,２号機,400000,計画停止,停止・設備故障,,9999/01/06 00:00,あり,9999/01/22,発電機作業,2023/12/28 15:37,removed,outages_20260917_132835.csv,outages_20260917_183953.csv,17/09/2026 13:28,17/09/2026 18:39
関西,関西電力株式会社,62A42,堺港発電所,火力（ガス）,２号機,400000,出力低下,低下・その他,200000,9999/01/22 06:00,あり,9999/01/22,試運転 最大低下量：400000kW 最小低下量：0kW,2023/12/28 13:48,removed,outages_20260917_132835.csv,outages_20260917_183953.csv,17/09/2026 13:28,17/09/2026 18:39
関西,関西電力株式会社,63C00,喜撰山発電所,水力,２号機,233000,計画停止,停止・その他,,9999/01/19 12:00,あり,9999/01/19,保安運転,2023/12/26 13:33,removed,outages_20260917_132835.csv,outages_20260917_183953.csv,17/09/2026 13:28,17/09/2026 18:39
中部,中山名古屋共同発電株式会社,46114,名古屋第二発電所,火力（石炭）,1号機,110000,計画停止,停止・その他,,9999/12/22 18:00,あり,9999/12/24,削除,2023/12/22 16:35,removed,outages_20260917_132835.csv,outages_20260917_183953.csv,17/09/2026 13:28,17/09/2026 18:39
関西,関西電力株式会社,68J46,姫路第一発電所,火力（ガス）,６号機,713000,出力低下,低下・設備故障,313000,9999/02/03 04:00,あり,9999/02/03,発電機作業 最大低下量：313000kW 最小低下量：313000kW,2023/12/05 14:58,removed,outages_20260917_132835.csv,outages_20260917_183953.csv,17/09/2026 13:28,17/09/2026 18:39
関西,関西電力株式会社,68J46,姫路第一発電所,火力（ガス）,６号機,713000,出力低下,低下・設備故障,343000,9999/12/16 04:00,あり,9999/12/17,発電機作業 最大低下量：343000kW 最小低下量：343000kW,2023/12/05 08:51,removed,outages_20260917_132835.csv,outages_20260917_183953.csv,17/09/2026 13:28,17/09/2026 18:39
関西,関西電力株式会社,68J46,姫路第一発電所,火力（ガス）,６号機,713000,出力低下,低下・設備故障,343000,9999/12/09 04:00,あり,9999/12/10,発電機作業 最大低下量：343000kW 最小低下量：343000kW,2023/11/08 18:16,removed,outages_20260917_132835.csv,outages_20260917_183953.csv,17/09/2026 13:28,17/09/2026 18:39
関西,関西電力株式会社,68C46,姫路第二発電所,火力（ガス）,６号機,486500,計画停止,停止・送電線等制約,,9999/11/25 00:00,あり,9999/11/26,系統制約,2023/11/07 17:33,removed,outages_20260917_132835.csv,outages_20260917_183953.csv,17/09/2026 13:28,17/09/2026 18:39
関西,関西電力株式会社,68C46,姫路第二発電所,火力（ガス）,６号機,486500,計画停止,停止・送電線等制約,,9999/11/23 00:00,あり,9999/11/23,系統制約,2023/11/07 17:32,removed,outages_20260917_132835.csv,outages_20260917_183953.csv,17/09/2026 13:28,17/09/2026 18:39
関西,関西電力株式会社,68C46,姫路第二発電所,火力（ガス）,６号機,486500,計画停止,停止・送電線等制約,,9999/11/18 07:00,あり,9999/11/19,系統制約,2023/11/07 17:31,removed,outages_20260917_132835.csv,outages_20260917_183953.csv,17/09/2026 13:28,17/09/2026 18:39
中部,中部電力(株),43002,馬瀬川第一発電所,水力,２号機,144000,計画停止,停止・定期検査等,,9999/01/20 09:00,あり,9999/01/20,作業,2023/11/07 14:26,removed,outages_20260917_132835.csv,outages_20260917_183953.csv,17/09/2026 13:28,17/09/2026 18:39
中部,関西電力株式会社,69A00,木曽発電所,水力,単独,116000,計画停止,停止・設備故障,,9999/11/10 12:00,あり,9999/11/10,発電機作業,2023/11/02 10:19,removed,outages_20260917_132835.csv,outages_20260917_183953.csv,17/09/2026 13:28,17/09/2026 18:39
関西,関西電力株式会社,68J46,姫路第一発電所,火力（ガス）,６号機,713000,出力低下,低下・設備故障,363000,9999/11/18 04:00,あり,9999/11/18,発電機作業 最大低下量：363000kW 最小低下量：363000kW,2023/10/31 14:26,removed,outages_20260917_132835.csv,outages_20260917_183953.csv,17/09/2026 13:28,17/09/2026 18:39
関西,関西電力株式会社,68J46,姫路第一発電所,火力（ガス）,６号機,713000,出力低下,低下・設備故障,363000,9999/11/19 04:00,あり,9999/11/19,発電機作業 最大低下量：363000kW 最小低下量：363000kW,2023/10/31 14:25,removed,outages_20260917_132835.csv,outages_20260917_183953.csv,17/09/2026 13:28,17/09/2026 18:39
関西,関西電力株式会社,63D03,大河内発電所,水力,３号機,320000,計画停止,停止・その他,,9999/11/10 09:00,あり,9999/11/10,発電機作業,2023/10/12 13:22,removed,outages_20260917_132835.csv,outages_20260917_183953.csv,17/09/2026 13:28,17/09/2026 18:39
関西,関西電力株式会社,63D03,大河内発電所,水力,２号機,320000,計画停止,停止・その他,,9999/11/10 09:00,あり,9999/11/10,発電機作業,2023/10/12 13:21,removed,outages_20260917_132835.csv,outages_20260917_183953.csv,17/09/2026 13:28,17/09/2026 18:39
関西,関西電力株式会社,63D03,大河内発電所,水力,１号機,320000,計画停止,停止・その他,,9999/11/10 09:00,あり,9999/11/10,発電機作業,2023/10/12 13:20,removed,outages_20260917_132835.csv,outages_20260917_183953.csv,17/09/2026 13:28,17/09/2026 18:39
関西,関西電力株式会社,68E00,奥多々良木発電所,水力,６号機,360000,計画停止,停止・設備故障,,9999/10/24 10:00,あり,9999/10/24,発電機作業,2023/10/12 10:08,removed,outages_20260917_132835.csv,outages_20260917_183953.csv,17/09/2026 13:28,17/09/2026 18:39
関西,関西電力株式会社,68E00,奥多々良木発電所,水力,５号機,360000,計画停止,停止・設備故障,,9999/10/26 10:00,あり,9999/10/26,発電機作業,2023/10/12 10:05,removed,outages_20260917_132835.csv,outages_20260917_183953.csv,17/09/2026 13:28,17/09/2026 18:39
関西,関西電力株式会社,68E00,奥多々良木発電所,水力,４号機,303000,計画停止,停止・設備故障,,9999/10/25 10:00,あり,9999/10/25,発電機作業,2023/10/12 10:04,removed,outages_20260917_132835.csv,outages_20260917_183953.csv,17/09/2026 13:28,17/09/2026 18:39
関西,関西電力株式会社,63D03,大河内発電所,水力,２号機,320000,計画停止,停止・設備故障,,9999/11/27 09:00,あり,9999/12/06,発電機作業,2023/09/28 13:46,removed,outages_20260917_132835.csv,outages_20260917_183953.csv,17/09/2026 13:28,17/09/2026 18:39
関西,関西電力株式会社,63D03,大河内発電所,水力,３号機,320000,計画停止,停止・設備故障,,9999/11/13 09:00,あり,9999/11/22,発電機作業,2023/09/28 13:45,removed,outages_20260917_132835.csv,outages_20260917_183953.csv,17/09/2026 13:28,17/09/2026 18:39
北陸,関西電力株式会社,60C10,下小鳥発電所,水力,単独,142000,計画停止,停止・送電線等制約,,9999/10/04 07:30,あり,9999/10/04,送電線等制約,2023/09/22 11:12,removed,outages_20260917_132835.csv,outages_20260917_183953.csv,17/09/2026 13:28,17/09/2026 18:39
北陸,関西電力株式会社,60C10,下小鳥発電所,水力,単独,142000,計画停止,停止・送電線等制約,,9999/10/03 07:30,あり,9999/10/03,送電線等制約,2023/09/22 11:12,removed,outages_20260917_132835.csv,outages_20260917_183953.csv,17/09/2026 13:28,17/09/2026 18:39
北陸,関西電力株式会社,60C10,下小鳥発電所,水力,単独,142000,計画停止,停止・送電線等制約,,9999/10/02 07:30,あり,9999/10/02,送電線等制約,2023/09/22 11:11,removed,outages_20260917_132835.csv,outages_20260917_183953.csv,17/09/2026 13:28,17/09/2026 18:39
北陸,関西電力株式会社,60C10,下小鳥発電所,水力,単独,142000,計画停止,停止・送電線等制約,,9999/10/01 07:30,あり,9999/10/01,送電線等制約,2023/09/22 11:11,removed,outages_20260917_132835.csv,outages_20260917_183953.csv,17/09/2026 13:28,17/09/2026 18:39
北陸,関西電力株式会社,60C10,下小鳥発電所,水力,単独,142000,計画停止,停止・送電線等制約,,9999/09/30 07:30,あり,9999/09/30,送電線等制約,2023/09/22 11:10,removed,outages_20260917_132835.csv,outages_20260917_183953.csv,17/09/2026 13:28,17/09/2026 18:39
北陸,関西電力株式会社,60C10,下小鳥発電所,水力,単独,142000,計画停止,停止・送電線等制約,,9999/09/29 07:30,あり,9999/09/29,送電線等制約,2023/09/22 11:09,removed,outages_20260917_132835.csv,outages_20260917_183953.csv,17/09/2026 13:28,17/09/2026 18:39
北陸,関西電力株式会社,60C10,下小鳥発電所,水力,単独,142000,計画停止,停止・送電線等制約,,9999/09/28 07:30,あり,9999/09/28,送電線等制約,2023/09/22 11:09,removed,outages_20260917_132835.csv,outages_20260917_183953.csv,17/09/2026 13:28,17/09/2026 18:39
北陸,関西電力株式会社,60C10,下小鳥発電所,水力,単独,142000,計画停止,停止・送電線等制約,,9999/09/27 07:30,あり,9999/09/27,送電線等制約,2023/09/22 11:08,removed,outages_20260917_132835.csv,outages_20260917_183953.csv,17/09/2026 13:28,17/09/2026 18:39
北陸,関西電力株式会社,60C10,下小鳥発電所,水力,単独,142000,計画停止,停止・送電線等制約,,9999/09/26 07:30,あり,9999/09/26,送電線等制約,2023/09/22 11:08,removed,outages_20260917_132835.csv,outages_20260917_183953.csv,17/09/2026 13:28,17/09/2026 18:39
北陸,関西電力株式会社,60C10,下小鳥発電所,水力,単独,142000,計画停止,停止・送電線等制約,,9999/09/25 07:30,あり,9999/09/25,送電線等制約,2023/09/22 11:07,removed,outages_20260917_132835.csv,outages_20260917_183953.csv,17/09/2026 13:28,17/09/2026 18:39
北陸,関西電力株式会社,60C10,下小鳥発電所,水力,単独,142000,計画停止,停止・送電線等制約,,9999/09/24 07:30,あり,9999/09/24,送電線等制約,2023/09/22 11:06,removed,outages_20260917_132835.csv,outages_20260917_183953.csv,17/09/2026 13:28,17/09/2026 18:39
北陸,関西電力株式会社,60C10,下小鳥発電所,水力,単独,142000,計画停止,停止・送電線等制約,,9999/09/23 07:30,あり,9999/09/23,送電線等制約,2023/09/22 11:06,removed,outages_20260917_132835.csv,outages_20260917_183953.csv,17/09/2026 13:28,17/09/2026 18:39
関西,関西電力株式会社,63C00,喜撰山発電所,水力,２号機,233000,計画停止,停止・その他,,9999/09/26 12:00,あり,9999/09/26,発電機作業,2023/09/20 11:01,removed,outages_20260917_132835.csv,outages_20260917_183953.csv,17/09/2026 13:28,17/09/2026 18:39
東北,東北電力株式会社,2V402,東北電力東新潟火力発電所３号系列,火力（ガス）,３−６号機GTB,137000,計画停止,停止・その他,,9999/10/25 00:00,あり,9999/11/24,点検作業取りやめ,2023/09/14 13:48,removed,outages_20260917_132835.csv,outages_20260917_183953.csv,17/09/2026 13:28,17/09/2026 18:39
関西,関西電力株式会社,68J46,姫路第一発電所,火力（ガス）,６号機,713000,出力低下,低下・設備故障,423000,9999/09/17 07:00,あり,9999/09/17,発電機作業 最大低下量：423000kW 最小低下量：423000kW,2023/09/13 19:28,removed,outages_20260917_132835.csv,outages_20260917_183953.csv,17/09/2026 13:28,17/09/2026 18:39
関西,関西電力株式会社,65C00,奥吉野発電所,水力,４号機,201000,計画停止,停止・設備故障,,9999/09/23 10:00,あり,9999/09/23,発電機作業,2023/09/07 10:54,removed,outages_20260917_132835.csv,outages_20260917_183953.csv,17/09/2026 13:28,17/09/2026 18:39
関西,関西電力株式会社,65C00,奥吉野発電所,水力,５号機,201000,計画停止,停止・設備故障,,9999/09/23 10:00,あり,9999/09/23,発電機作業,2023/09/07 10:53,removed,outages_20260917_132835.csv,outages_20260917_183953.csv,17/09/2026 13:28,17/09/2026 18:39
関西,関西電力株式会社,65C00,奥吉野発電所,水力,６号機,201000,計画停止,停止・設備故障,,9999/09/23 10:00,あり,9999/09/23,発電機作業,2023/09/07 10:52,removed,outages_20260917_132835.csv,outages_20260917_183953.csv,17/09/2026 13:28,17/09/2026 18:39
関西,関西電力株式会社,65C00,奥吉野発電所,水力,２号機,201000,計画停止,停止・設備故障,,9999/09/23 09:00,あり,9999/09/23,発電機作業,2023/09/07 10:51,removed,outages_20260917_132835.csv,outages_20260917_183953.csv,17/09/2026 13:28,17/09/2026 18:39
関西,関西電力株式会社,65C00,奥吉野発電所,水力,１号機,201000,計画停止,停止・設備故障,,9999/09/23 09:00,あり,9999/09/23,発電機作業,2023/09/07 10:50,removed,outages_20260917_132835.csv,outages_20260917_183953.csv,17/09/2026 13:28,17/09/2026 18:39
関西,関西電力株式会社,65C00,奥吉野発電所,水力,３号機,201000,計画停止,停止・設備故障,,9999/09/23 09:00,あり,9999/09/23,発電機作業,2023/09/07 10:50,removed,outages_20260917_132835.csv,outages_20260917_183953.csv,17/09/2026 13:28,17/09/2026 18:39
関西,関西電力株式会社,68J45,姫路第一発電所,火力（ガス）,５号機,729000,出力低下,低下・設備故障,271000,9999/10/16 00:00,あり,9999/10/22,発電機作業 最大低下量：271000kW 最小低下量：271000kW,2023/09/05 18:23,removed,outages_20260917_132835.csv,outages_20260917_183953.csv,17/09/2026 13:28,17/09/2026 18:39
北陸,北陸電力株式会社,52313,北陸電力 富山新港火力発電所,火力（石油）,1号機,240000,計画停止,停止・その他,,9999/03/31 00:00,なし,,削除,2023/09/04 15:22,removed,outages_20260917_132835.csv,outages_20260917_183953.csv,17/09/2026 13:28,17/09/2026 18:39
関西,関西電力株式会社,63D03,大河内発電所,水力,４号機,320000,計画停止,停止・その他,,9999/10/31 09:00,あり,9999/10/31,他発電機作業,2023/08/18 15:20,removed,outages_20260917_132835.csv,outages_20260917_183953.csv,17/09/2026 13:28,17/09/2026 18:39
関西,関西電力株式会社,63D03,大河内発電所,水力,１号機,320000,計画停止,停止・その他,,9999/10/27 09:00,あり,9999/10/27,他発電機作業,2023/08/18 15:19,removed,outages_20260917_132835.csv,outages_20260917_183953.csv,17/09/2026 13:28,17/09/2026 18:39
関西,関西電力株式会社,63D03,大河内発電所,水力,２号機,320000,計画停止,停止・その他,,9999/10/25 09:00,あり,9999/10/25,他発電機作業,2023/08/18 15:17,removed,outages_20260917_132835.csv,outages_20260917_183953.csv,17/09/2026 13:28,17/09/2026 18:39
関西,関西電力株式会社,63D03,大河内発電所,水力,２号機,320000,計画停止,停止・その他,,9999/10/31 09:00,あり,9999/10/31,他発電機作業,2023/08/17 09:41,removed,outages_20260917_132835.csv,outages_20260917_183953.csv,17/09/2026 13:28,17/09/2026 18:39
関西,関西電力株式会社,63D03,大河内発電所,水力,１号機,320000,計画停止,停止・その他,,9999/10/31 09:00,あり,9999/10/31,他発電機作業,2023/08/17 09:39,removed,outages_20260917_132835.csv,outages_20260917_183953.csv,17/09/2026 13:28,17/09/2026 18:39
関西,関西電力株式会社,63D03,大河内発電所,水力,３号機,320000,計画停止,停止・その他,,9999/10/25 09:00,あり,9999/10/25,他発電機作業,2023/08/17 09:37,removed,outages_20260917_132835.csv,outages_20260917_183953.csv,17/09/2026 13:28,17/09/2026 18:39
関西,関西電力株式会社,63D03,大河内発電所,水力,３号機,320000,計画停止,停止・その他,,9999/10/27 09:00,あり,9999/10/27,他発電機作業,2023/08/17 09:36,removed,outages_20260917_132835.csv,outages_20260917_183953.csv,17/09/2026 13:28,17/09/2026 18:39
関西,関西電力株式会社,63D03,大河内発電所,水力,４号機,320000,計画停止,停止・その他,,9999/10/27 09:00,あり,9999/10/27,他発電機作業,2023/08/17 09:32,removed,outages_20260917_132835.csv,outages_20260917_183953.csv,17/09/2026 13:28,17/09/2026 18:39
関西,関西電力株式会社,63D03,大河内発電所,水力,４号機,320000,計画停止,停止・その他,,9999/10/25 09:00,あり,9999/11/25,他発電機作業,2023/08/17 09:24,removed,outages_20260917_132835.csv,outages_20260917_183953.csv,17/09/2026 13:28,17/09/2026 18:39
東北,東北電力株式会社,2K218,東北電力仙台火力発電所４号機,火力（ガス）,４号機,468000,計画停止,停止・その他,,9999/08/16 12:00,あり,9999/08/16,削除,2023/08/15 17:53,removed,outages_20260917_132835.csv,outages_20260917_183953.csv,17/09/2026 13:28,17/09/2026 18:39
北陸,北陸電力株式会社,52314,北陸電力 富山新港火力発電所,火力（ガス）,2号機,500000,出力低下,低下・送電線等制約,187500,9999/08/05 00:00,あり,9999/08/05,系統制約 最大低下量：399000kW 最低低下量：0kW,2023/08/04 08:11,removed,outages_20260917_132835.csv,outages_20260917_183953.csv,17/09/2026 13:28,17/09/2026 18:39
関西,関西電力株式会社,68C43,姫路第二発電所,火力（ガス）,３号機,486500,計画停止,停止・定期検査等,,9999/10/27 00:00,あり,9999/12/10,定期検査等,2023/08/02 14:39,removed,outages_20260917_132835.csv,outages_20260917_183953.csv,17/09/2026 13:28,17/09/2026 18:39
北陸,関西電力株式会社,60A06,音沢発電所,水力,単独,124000,計画停止,停止・定期検査等,,9999/10/23 09:00,あり,9999/10/27,定期検査等,2023/08/01 12:56,removed,outages_20260917_132835.csv,outages_20260917_183953.csv,17/09/2026 13:28,17/09/2026 18:39
北陸,関西電力株式会社,60A06,音沢発電所,水力,単独,124000,計画停止,停止・その他,,9999/10/27 09:00,あり,9999/10/27,試運転,2023/08/01 12:55,removed,outages_20260917_132835.csv,outages_20260917_183953.csv,17/09/2026 13:28,17/09/2026 18:39
関西,関西電力株式会社,65C00,奥吉野発電所,水力,２号機,201000,計画停止,停止・設備故障,,9999/10/10 10:00,あり,9999/11/10,発電機作業,2023/08/01 12:07,removed,outages_20260917_132835.csv,outages_20260917_183953.csv,17/09/2026 13:28,17/09/2026 18:39
北陸,関西電力株式会社,60C10,下小鳥発電所,水力,単独,142000,計画停止,停止・設備故障,,9999/07/31 10:00,あり,9999/07/31,発電機作業,2023/07/27 10:07,removed,outages_20260917_132835.csv,outages_20260917_183953.csv,17/09/2026 13:28,17/09/2026 18:39
北陸,関西電力株式会社,60C10,下小鳥発電所,水力,単独,142000,計画停止,停止・設備故障,,9999/07/20 19:30,あり,9999/07/20,発電機作業,2023/07/20 14:47,removed,outages_20260917_132835.csv,outages_20260917_183953.csv,17/09/2026 13:28,17/09/2026 18:39
関西,関西電力株式会社,68J45,姫路第一発電所,火力（ガス）,５号機,729000,出力低下,低下・設備故障,439000,9999/08/13 04:00,あり,9999/08/13,発電機作業 最大低下量：439000kW 最低低下量：439000kW,2023/06/29 18:59,removed,outages_20260917_132835.csv,outages_20260917_183953.csv,17/09/2026 13:28,17/09/2026 18:39
関西,関西電力株式会社,68J45,姫路第一発電所,火力（ガス）,５号機,729000,出力低下,低下・設備故障,439000,9999/08/12 04:00,あり,9999/08/12,発電機作業 最大低下量：439000kW 最低低下量：439000kW,2023/06/29 18:53,removed,outages_20260917_132835.csv,outages_20260917_183953.csv,17/09/2026 13:28,17/09/2026 18:39
関西,関西電力株式会社,65C00,奥吉野発電所,水力,６号機,201000,計画停止,停止・その他,,9999/07/02 12:30,あり,9999/07/02,発電機作業,2023/06/29 09:46,removed,outages_20260917_132835.csv,outages_20260917_183953.csv,17/09/2026 13:28,17/09/2026 18:39
関西,関西電力株式会社,68E00,奥多々良木発電所,水力,２号機,303000,計画停止,停止・設備故障,,9999/06/28 09:00,あり,9999/06/28,発電機作業,2023/06/22 11:25,removed,outages_20260917_132835.csv,outages_20260917_183953.csv,17/09/2026 13:28,17/09/2026 18:39
関西,関西電力株式会社,68E00,奥多々良木発電所,水力,１号機,303000,計画停止,停止・その他,,9999/06/28 15:00,あり,9999/06/28,他発電機作業,2023/06/22 11:24,removed,outages_20260917_132835.csv,outages_20260917_183953.csv,17/09/2026 13:28,17/09/2026 18:39
関西,関西電力株式会社,68E00,奥多々良木発電所,水力,４号機,303000,計画停止,停止・その他,,9999/06/28 15:00,あり,9999/06/28,他発電機作業,2023/06/22 11:24,removed,outages_20260917_132835.csv,outages_20260917_183953.csv,17/09/2026 13:28,17/09/2026 18:39
関西,関西電力株式会社,68E00,奥多々良木発電所,水力,２号機,303000,計画停止,停止・その他,,9999/06/28 15:00,あり,9999/06/28,試運転,2023/06/22 11:23,removed,outages_20260917_132835.csv,outages_20260917_183953.csv,17/09/2026 13:28,17/09/2026 18:39
中部,関西電力株式会社,69A00,木曽発電所,水力,単独,116000,計画停止,停止・その他,,9999/06/02 14:05,なし,,運用制約,2023/06/02 21:10,removed,outages_20260917_132835.csv,outages_20260917_183953.csv,17/09/2026 13:28,17/09/2026 18:39
関西,関西電力株式会社,65C00,奥吉野発電所,水力,５号機,201000,計画停止,停止・その他,,9999/06/02 22:00,あり,9999/06/03,他発電機作業,2023/06/01 20:05,removed,outages_20260917_132835.csv,outages_20260917_183953.csv,17/09/2026 13:28,17/09/2026 18:39
関西,関西電力株式会社,65C00,奥吉野発電所,水力,３号機,201000,計画停止,停止・その他,,9999/06/02 22:00,あり,9999/06/03,他発電機作業,2023/06/01 20:05,removed,outages_20260917_132835.csv,outages_20260917_183953.csv,17/09/2026 13:28,17/09/2026 18:39
関西,関西電力株式会社,65C00,奥吉野発電所,水力,２号機,201000,計画停止,停止・その他,,9999/06/02 22:00,あり,9999/06/03,他発電機作業,2023/06/01 20:04,removed,outages_20260917_132835.csv,outages_20260917_183953.csv,17/09/2026 13:28,17/09/2026 18:39
関西,関西電力株式会社,65C00,奥吉野発電所,水力,１号機,201000,計画停止,停止・その他,,9999/06/02 22:00,あり,9999/06/03,他発電機作業,2023/06/01 20:04,removed,outages_20260917_132835.csv,outages_20260917_183953.csv,17/09/2026 13:28,17/09/2026 18:39
関西,関西電力株式会社,63C00,喜撰山発電所,水力,２号機,233000,計画停止,停止・送電線等制約,,9999/06/08 15:00,あり,9999/06/08,送電線等制約,2023/06/01 09:56,removed,outages_20260917_132835.csv,outages_20260917_183953.csv,17/09/2026 13:28,17/09/2026 18:39
関西,関西電力株式会社,63D03,大河内発電所,水力,２号機,320000,計画停止,停止・その他,,9999/07/03 09:00,あり,9999/07/14,他発電機作業,2023/05/31 19:37,removed,outages_20260917_132835.csv,outages_20260917_183953.csv,17/09/2026 13:28,17/09/2026 18:39
関西,関西電力株式会社,63D03,大河内発電所,水力,１号機,320000,計画停止,停止・その他,,9999/07/03 09:00,あり,9999/07/14,他発電機作業,2023/05/31 19:36,removed,outages_20260917_132835.csv,outages_20260917_183953.csv,17/09/2026 13:28,17/09/2026 18:39
関西,関西電力株式会社,65C00,奥吉野発電所,水力,４号機,201000,計画停止,停止・その他,,9999/05/31 13:30,あり,9999/05/31,発電機作業,2023/05/31 13:02,removed,outages_20260917_132835.csv,outages_20260917_183953.csv,17/09/2026 13:28,17/09/2026 18:39
関西,関西電力株式会社,65C00,奥吉野発電所,水力,３号機,201000,計画停止,停止・その他,,9999/05/31 13:30,あり,9999/05/31,発電機作業,2023/05/31 13:01,removed,outages_20260917_132835.csv,outages_20260917_183953.csv,17/09/2026 13:28,17/09/2026 18:39
関西,関西電力株式会社,65C00,奥吉野発電所,水力,５号機,201000,計画停止,停止・その他,,9999/05/31 17:00,あり,9999/05/31,発電機作業,2023/05/31 13:00,removed,outages_20260917_132835.csv,outages_20260917_183953.csv,17/09/2026 13:28,17/09/2026 18:39
関西,関西電力株式会社,65C00,奥吉野発電所,水力,４号機,201000,計画停止,停止・その他,,9999/05/31 17:00,あり,9999/05/31,発電機作業,2023/05/31 13:00,removed,outages_20260917_132835.csv,outages_20260917_183953.csv,17/09/2026 13:28,17/09/2026 18:39
関西,関西電力株式会社,65C00,奥吉野発電所,水力,３号機,201000,計画停止,停止・その他,,9999/05/31 17:00,あり,9999/05/31,発電機作業,2023/05/31 12:59,removed,outages_20260917_132835.csv,outages_20260917_183953.csv,17/09/2026 13:28,17/09/2026 18:39
関西,関西電力株式会社,65C00,奥吉野発電所,水力,２号機,201000,計画停止,停止・その他,,9999/05/31 17:00,あり,9999/05/31,発電機作業,2023/05/31 12:58,removed,outages_20260917_132835.csv,outages_20260917_183953.csv,17/09/2026 13:28,17/09/2026 18:39
関西,関西電力株式会社,65C00,奥吉野発電所,水力,６号機,201000,計画停止,停止・その他,,9999/06/02 22:00,あり,9999/06/03,他発電機作業,2023/05/31 10:15,removed,outages_20260917_132835.csv,outages_20260917_183953.csv,17/09/2026 13:28,17/09/2026 18:39
関西,関西電力株式会社,62A41,堺港発電所,火力（ガス）,１号機,400000,計画停止,停止・送電線等制約,,9999/06/03 08:00,あり,9999/06/04,送電線等制約,2023/05/30 10:59,removed,outages_20260917_132835.csv,outages_20260917_183953.csv,17/09/2026 13:28,17/09/2026 18:39
中国,中国電力株式会社,72408,柳井発電所第１号系列上位,火力（ガス）,１−４号,131000,出力低下,低下・送電線等制約,44229,9999/05/28 08:30,あり,9999/05/28,削除,2023/05/26 20:12,removed,outages_20260917_132835.csv,outages_20260917_183953.csv,17/09/2026 13:28,17/09/2026 18:39
中国,中国電力株式会社,72408,柳井発電所第１号系列上位,火力（ガス）,１−４号,131000,計画停止,低下・その他,,9999/05/27 08:30,あり,9999/05/27,削除,2023/05/26 08:47,removed,outages_20260917_132835.csv,outages_20260917_183953.csv,17/09/2026 13:28,17/09/2026 18:39
関西,関西電力株式会社,65C00,奥吉野発電所,水力,５号機,201000,計画停止,停止・その他,,9999/05/26 23:59,あり,9999/05/26,発電機作業,2023/05/26 01:40,removed,outages_20260917_132835.csv,outages_20260917_183953.csv,17/09/2026 13:28,17/09/2026 18:39
関西,関西電力株式会社,65C00,奥吉野発電所,水力,５号機,201000,計画停止,停止・その他,,9999/05/26 23:59,あり,9999/05/26,発電機作業,2023/05/26 01:39,removed,outages_20260917_132835.csv,outages_20260917_183953.csv,17/09/2026 13:28,17/09/2026 18:39
関西,関西電力株式会社,65C00,奥吉野発電所,水力,３号機,201000,計画停止,停止・その他,,9999/05/26 23:59,あり,9999/05/26,他発電機作業,2023/05/26 01:38,removed,outages_20260917_132835.csv,outages_20260917_183953.csv,17/09/2026 13:28,17/09/2026 18:39
関西,関西電力株式会社,65C00,奥吉野発電所,水力,２号機,201000,計画停止,停止・その他,,9999/05/26 23:59,あり,9999/05/26,他発電機作業,2023/05/26 01:37,removed,outages_20260917_132835.csv,outages_20260917_183953.csv,17/09/2026 13:28,17/09/2026 18:39
関西,関西電力株式会社,65C00,奥吉野発電所,水力,１号機,201000,計画停止,停止・その他,,9999/05/26 23:59,あり,9999/05/26,他発電機作業,2023/05/26 01:36,removed,outages_20260917_132835.csv,outages_20260917_183953.csv,17/09/2026 13:28,17/09/2026 18:39
関西,関西電力株式会社,65C00,奥吉野発電所,水力,４号機,201000,計画停止,停止・その他,,9999/05/31 13:30,あり,9999/05/31,発電機作業,2023/05/24 12:59,removed,outages_20260917_132835.csv,outages_20260917_183953.csv,17/09/2026 13:28,17/09/2026 18:39
関西,関西電力株式会社,65C00,奥吉野発電所,水力,５号機,201000,計画停止,停止・設備故障,,9999/05/30 10:00,あり,9999/05/30,発電機作業,2023/05/23 15:03,removed,outages_20260917_132835.csv,outages_20260917_183953.csv,17/09/2026 13:28,17/09/2026 18:39
中部,中部電力(株),43002,馬瀬川第一発電所,水力,２号機,144000,計画停止,停止・定期検査等,,9999/01/22 09:00,あり,9999/01/22,作業,2023/05/11 14:30,removed,outages_20260917_132835.csv,outages_20260917_183953.csv,17/09/2026 13:28,17/09/2026 18:39
関西,関西電力株式会社,62A41,堺港発電所,火力（ガス）,１号機,400000,計画停止,停止・送電線等制約,,9999/05/11 07:00,あり,9999/05/11,送電線等制約,2023/05/10 16:41,removed,outages_20260917_132835.csv,outages_20260917_183953.csv,17/09/2026 13:28,17/09/2026 18:39
関西,関西電力株式会社,68J46,姫路第一発電所,火力（ガス）,６号機,713000,計画停止,停止・設備故障,,9999/05/04 00:00,あり,9999/05/07,発電機作業,2023/04/24 17:25,removed,outages_20260917_132835.csv,outages_20260917_183953.csv,17/09/2026 13:28,17/09/2026 18:39
関西,関西電力株式会社,65C00,奥吉野発電所,水力,５号機,201000,計画停止,停止・その他,,9999/04/25 10:00,あり,9999/04/25,他発電機作業,2023/04/24 16:57,removed,outages_20260917_132835.csv,outages_20260917_183953.csv,17/09/2026 13:28,17/09/2026 18:39
関西,関西電力株式会社,65C00,奥吉野発電所,水力,３号機,201000,計画停止,停止・その他,,9999/04/25 10:00,あり,9999/04/25,他発電機作業,2023/04/24 16:57,removed,outages_20260917_132835.csv,outages_20260917_183953.csv,17/09/2026 13:28,17/09/2026 18:39
関西,関西電力株式会社,65C00,奥吉野発電所,水力,２号機,201000,計画停止,停止・その他,,9999/04/25 10:00,あり,9999/04/25,他発電機作業,2023/04/24 16:56,removed,outages_20260917_132835.csv,outages_20260917_183953.csv,17/09/2026 13:28,17/09/2026 18:39
関西,関西電力株式会社,65C00,奥吉野発電所,水力,１号機,201000,計画停止,停止・その他,,9999/04/25 10:00,あり,9999/04/25,他発電機作業,2023/04/24 16:55,removed,outages_20260917_132835.csv,outages_20260917_183953.csv,17/09/2026 13:28,17/09/2026 18:39
関西,関西電力株式会社,63D42,舞鶴発電所,火力（石炭）,２号機,900000,出力低下,低下・その他,293000,9999/04/28 10:30,あり,9999/04/28,発電機作業準備 最大低下量：900000kW  最小低下量：0kW,2023/04/18 14:39,removed,outages_20260917_132835.csv,outages_20260917_183953.csv,17/09/2026 13:28,17/09/2026 18:39
関西,関西電力株式会社,65C00,奥吉野発電所,水力,５号機,201000,計画停止,停止・その他,,9999/04/20 10:00,あり,9999/04/20,他発電機作業,2023/04/14 18:27,removed,outages_20260917_132835.csv,outages_20260917_183953.csv,17/09/2026 13:28,17/09/2026 18:39
関西,関西電力株式会社,68E00,奥多々良木発電所,水力,６号機,360000,計画停止,停止・設備故障,,9999/04/20 08:00,あり,9999/04/20,発電機作業,2023/04/12 11:02,removed,outages_20260917_132835.csv,outages_20260917_183953.csv,17/09/2026 13:28,17/09/2026 18:39
関西,関西電力株式会社,65C00,奥吉野発電所,水力,５号機,201000,計画停止,停止・その他,,9999/04/10 23:59,あり,9999/04/10,他発電機作業,2023/04/08 22:15,removed,outages_20260917_132835.csv,outages_20260917_183953.csv,17/09/2026 13:28,17/09/2026 18:39
関西,関西電力株式会社,65C00,奥吉野発電所,水力,４号機,201000,計画停止,停止・その他,,9999/04/12 13:00,あり,9999/04/12,他発電機作業,2023/04/07 15:14,removed,outages_20260917_132835.csv,outages_20260917_183953.csv,17/09/2026 13:28,17/09/2026 18:39
関西,関西電力株式会社,65C00,奥吉野発電所,水力,１号機,201000,計画停止,停止・その他,,9999/04/12 13:00,あり,9999/04/12,試運転,2023/04/07 15:07,removed,outages_20260917_132835.csv,outages_20260917_183953.csv,17/09/2026 13:28,17/09/2026 18:39
関西,関西電力株式会社,65C00,奥吉野発電所,水力,４号機,201000,計画停止,停止・設備故障,,9999/04/11 09:00,あり,9999/04/12,発電機作業,2023/04/07 13:18,removed,outages_20260917_132835.csv,outages_20260917_183953.csv,17/09/2026 13:28,17/09/2026 18:39
関西,関西電力株式会社,65C00,奥吉野発電所,水力,３号機,201000,計画停止,停止・設備故障,,9999/04/11 09:00,あり,9999/04/12,発電機作業,2023/04/07 11:56,removed,outages_20260917_132835.csv,outages_20260917_183953.csv,17/09/2026 13:28,17/09/2026 18:39
関西,関西電力株式会社,65C00,奥吉野発電所,水力,３号機,201000,計画停止,停止・その他,,9999/04/10 09:00,あり,9999/04/10,試運転,2023/04/07 11:55,removed,outages_20260917_132835.csv,outages_20260917_183953.csv,17/09/2026 13:28,17/09/2026 18:39
関西,関西電力株式会社,65C00,奥吉野発電所,水力,２号機,201000,計画停止,停止・設備故障,,9999/04/11 09:00,あり,9999/04/12,発電機作業,2023/04/07 11:53,removed,outages_20260917_132835.csv,outages_20260917_183953.csv,17/09/2026 13:28,17/09/2026 18:39
関西,関西電力株式会社,65C00,奥吉野発電所,水力,２号機,201000,計画停止,停止・その他,,9999/04/10 09:00,あり,9999/04/10,他発電機作業,2023/04/07 11:52,removed,outages_20260917_132835.csv,outages_20260917_183953.csv,17/09/2026 13:28,17/09/2026 18:39
関西,関西電力株式会社,65C00,奥吉野発電所,水力,１号機,201000,計画停止,停止・設備故障,,9999/04/11 09:00,あり,9999/04/12,発電機作業,2023/04/07 11:48,removed,outages_20260917_132835.csv,outages_20260917_183953.csv,17/09/2026 13:28,17/09/2026 18:39
関西,関西電力株式会社,65C00,奥吉野発電所,水力,１号機,201000,計画停止,停止・その他,,9999/04/10 09:00,あり,9999/04/10,他発電機作業,2023/04/07 11:47,removed,outages_20260917_132835.csv,outages_20260917_183953.csv,17/09/2026 13:28,17/09/2026 18:39
関西,関西電力株式会社,63D03,大河内発電所,水力,２号機,320000,計画停止,停止・その他,,9999/06/07 09:00,あり,9999/06/07,他発電機作業,2023/04/04 19:28,removed,outages_20260917_132835.csv,outages_20260917_183953.csv,17/09/2026 13:28,17/09/2026 18:39
関西,関西電力株式会社,63D03,大河内発電所,水力,２号機,320000,計画停止,停止・その他,,9999/06/06 09:00,あり,9999/06/06,他発電機作業,2023/04/04 19:28,removed,outages_20260917_132835.csv,outages_20260917_183953.csv,17/09/2026 13:28,17/09/2026 18:39
関西,関西電力株式会社,63D03,大河内発電所,水力,２号機,320000,計画停止,停止・その他,,9999/06/05 09:00,あり,9999/06/05,他発電機作業,2023/04/04 19:28,removed,outages_20260917_132835.csv,outages_20260917_183953.csv,17/09/2026 13:28,17/09/2026 18:39
関西,関西電力株式会社,63D03,大河内発電所,水力,２号機,320000,計画停止,停止・その他,,9999/06/04 09:00,あり,9999/06/04,他発電機作業,2023/04/04 19:28,removed,outages_20260917_132835.csv,outages_20260917_183953.csv,17/09/2026 13:28,17/09/2026 18:39
関西,関西電力株式会社,63D03,大河内発電所,水力,２号機,320000,計画停止,停止・その他,,9999/06/03 09:00,あり,9999/06/03,他発電機作業,2023/04/04 19:28,removed,outages_20260917_132835.csv,outages_20260917_183953.csv,17/09/2026 13:28,17/09/2026 18:39
関西,関西電力株式会社,63D03,大河内発電所,水力,２号機,320000,計画停止,停止・その他,,9999/06/01 09:00,あり,9999/06/01,他発電機作業,2023/04/04 19:28,removed,outages_20260917_132835.csv,outages_20260917_183953.csv,17/09/2026 13:28,17/09/2026 18:39
関西,関西電力株式会社,63D03,大河内発電所,水力,２号機,320000,計画停止,停止・その他,,9999/05/31 09:00,あり,9999/05/31,他発電機作業,2023/04/04 19:28,removed,outages_20260917_132835.csv,outages_20260917_183953.csv,17/09/2026 13:28,17/09/2026 18:39
関西,関西電力株式会社,63D03,大河内発電所,水力,２号機,320000,計画停止,停止・その他,,9999/05/30 09:00,あり,9999/05/30,他発電機作業,2023/04/04 19:28,removed,outages_20260917_132835.csv,outages_20260917_183953.csv,17/09/2026 13:28,17/09/2026 18:39
関西,関西電力株式会社,63D03,大河内発電所,水力,１号機,320000,計画停止,停止・その他,,9999/06/07 09:00,あり,9999/06/07,他発電機作業,2023/04/04 19:28,removed,outages_20260917_132835.csv,outages_20260917_183953.csv,17/09/2026 13:28,17/09/2026 18:39
関西,関西電力株式会社,63D03,大河内発電所,水力,１号機,320000,計画停止,停止・その他,,9999/06/06 09:00,あり,9999/06/06,他発電機作業,2023/04/04 19:28,removed,outages_20260917_132835.csv,outages_20260917_183953.csv,17/09/2026 13:28,17/09/2026 18:39
関西,関西電力株式会社,63D03,大河内発電所,水力,１号機,320000,計画停止,停止・その他,,9999/06/05 09:00,あり,9999/06/05,他発電機作業,2023/04/04 19:28,removed,outages_20260917_132835.csv,outages_20260917_183953.csv,17/09/2026 13:28,17/09/2026 18:39
関西,関西電力株式会社,63D03,大河内発電所,水力,１号機,320000,計画停止,停止・その他,,9999/06/04 09:00,あり,9999/06/04,他発電機作業,2023/04/04 19:28,removed,outages_20260917_132835.csv,outages_20260917_183953.csv,17/09/2026 13:28,17/09/2026 18:39
関西,関西電力株式会社,63D03,大河内発電所,水力,１号機,320000,計画停止,停止・その他,,9999/06/03 09:00,あり,9999/06/03,他発電機作業,2023/04/04 19:28,removed,outages_20260917_132835.csv,outages_20260917_183953.csv,17/09/2026 13:28,17/09/2026 18:39
関西,関西電力株式会社,63D03,大河内発電所,水力,１号機,320000,計画停止,停止・その他,,9999/06/01 09:00,あり,9999/06/01,他発電機作業,2023/04/04 19:28,removed,outages_20260917_132835.csv,outages_20260917_183953.csv,17/09/2026 13:28,17/09/2026 18:39
関西,関西電力株式会社,63D03,大河内発電所,水力,１号機,320000,計画停止,停止・その他,,9999/05/31 09:00,あり,9999/05/31,他発電機作業,2023/04/04 19:28,removed,outages_20260917_132835.csv,outages_20260917_183953.csv,17/09/2026 13:28,17/09/2026 18:39
関西,関西電力株式会社,63D03,大河内発電所,水力,１号機,320000,計画停止,停止・その他,,9999/05/30 09:00,あり,9999/05/30,他発電機作業,2023/04/04 19:28,removed,outages_20260917_132835.csv,outages_20260917_183953.csv,17/09/2026 13:28,17/09/2026 18:39
関西,関西電力株式会社,68E00,奥多々良木発電所,水力,２号機,303000,計画停止,停止・その他,,9999/06/15 09:00,あり,9999/06/15,他発電機作業,2023/04/04 18:55,removed,outages_20260917_132835.csv,outages_20260917_183953.csv,17/09/2026 13:28,17/09/2026 18:39
関西,関西電力株式会社,68E00,奥多々良木発電所,水力,１号機,303000,計画停止,停止・その他,,9999/06/15 09:00,あり,9999/06/15,他発電機作業,2023/04/04 18:55,removed,outages_20260917_132835.csv,outages_20260917_183953.csv,17/09/2026 13:28,17/09/2026 18:39
関西,関西電力株式会社,65C00,奥吉野発電所,水力,６号機,201000,計画停止,停止・その他,,9999/06/27 09:00,あり,9999/06/27,試運転,2023/04/04 18:35,removed,outages_20260917_132835.csv,outages_20260917_183953.csv,17/09/2026 13:28,17/09/2026 18:39
関西,関西電力株式会社,65C00,奥吉野発電所,水力,６号機,201000,計画停止,停止・その他,,9999/06/26 09:00,あり,9999/06/26,試運転,2023/04/04 18:35,removed,outages_20260917_132835.csv,outages_20260917_183953.csv,17/09/2026 13:28,17/09/2026 18:39
関西,関西電力株式会社,65C00,奥吉野発電所,水力,６号機,201000,計画停止,停止・その他,,9999/06/23 09:00,あり,9999/06/23,試運転,2023/04/04 18:35,removed,outages_20260917_132835.csv,outages_20260917_183953.csv,17/09/2026 13:28,17/09/2026 18:39
関西,関西電力株式会社,65C00,奥吉野発電所,水力,６号機,201000,計画停止,停止・その他,,9999/06/22 09:00,あり,9999/06/22,試運転,2023/04/04 18:35,removed,outages_20260917_132835.csv,outages_20260917_183953.csv,17/09/2026 13:28,17/09/2026 18:39
関西,関西電力株式会社,65C00,奥吉野発電所,水力,６号機,201000,計画停止,停止・その他,,9999/06/21 09:30,あり,9999/06/21,試運転,2023/04/04 18:35,removed,outages_20260917_132835.csv,outages_20260917_183953.csv,17/09/2026 13:28,17/09/2026 18:39
関西,関西電力株式会社,65C00,奥吉野発電所,水力,６号機,201000,計画停止,停止・その他,,9999/05/11 09:00,あり,9999/06/19,試運転,2023/04/04 18:35,removed,outages_20260917_132835.csv,outages_20260917_183953.csv,17/09/2026 13:28,17/09/2026 18:39
関西,関西電力株式会社,65C00,奥吉野発電所,水力,５号機,201000,計画停止,停止・その他,,9999/06/26 09:00,あり,9999/06/26,他発電機作業,2023/04/04 18:33,removed,outages_20260917_132835.csv,outages_20260917_183953.csv,17/09/2026 13:28,17/09/2026 18:39
関西,関西電力株式会社,65C00,奥吉野発電所,水力,５号機,201000,計画停止,停止・その他,,9999/06/23 09:00,あり,9999/06/23,他発電機作業,2023/04/04 18:33,removed,outages_20260917_132835.csv,outages_20260917_183953.csv,17/09/2026 13:28,17/09/2026 18:39
関西,関西電力株式会社,65C00,奥吉野発電所,水力,５号機,201000,計画停止,停止・その他,,9999/06/22 09:30,あり,9999/06/22,他発電機作業,2023/04/04 18:33,removed,outages_20260917_132835.csv,outages_20260917_183953.csv,17/09/2026 13:28,17/09/2026 18:39
関西,関西電力株式会社,65C00,奥吉野発電所,水力,５号機,201000,計画停止,停止・その他,,9999/06/21 09:30,あり,9999/06/21,他発電機作業,2023/04/04 18:33,removed,outages_20260917_132835.csv,outages_20260917_183953.csv,17/09/2026 13:28,17/09/2026 18:39
関西,関西電力株式会社,65C00,奥吉野発電所,水力,５号機,201000,計画停止,停止・その他,,9999/05/11 09:00,あり,9999/06/19,他発電機作業,2023/04/04 18:33,removed,outages_20260917_132835.csv,outages_20260917_183953.csv,17/09/2026 13:28,17/09/2026 18:39
関西,関西電力株式会社,65C00,奥吉野発電所,水力,５号機,201000,計画停止,停止・その他,,9999/05/05 09:00,あり,9999/05/05,他発電機作業,2023/04/04 18:33,removed,outages_20260917_132835.csv,outages_20260917_183953.csv,17/09/2026 13:28,17/09/2026 18:39
関西,関西電力株式会社,65C00,奥吉野発電所,水力,５号機,201000,計画停止,停止・その他,,9999/05/04 09:00,あり,9999/05/04,他発電機作業,2023/04/04 18:33,removed,outages_20260917_132835.csv,outages_20260917_183953.csv,17/09/2026 13:28,17/09/2026 18:39
関西,関西電力株式会社,65C00,奥吉野発電所,水力,５号機,201000,計画停止,停止・その他,,9999/05/03 09:00,あり,9999/05/03,他発電機作業,2023/04/04 18:33,removed,outages_20260917_132835.csv,outages_20260917_183953.csv,17/09/2026 13:28,17/09/2026 18:39
関西,関西電力株式会社,65C00,奥吉野発電所,水力,５号機,201000,計画停止,停止・その他,,9999/05/02 09:00,あり,9999/05/02,他発電機作業,2023/04/04 18:33,removed,outages_20260917_132835.csv,outages_20260917_183953.csv,17/09/2026 13:28,17/09/2026 18:39
関西,関西電力株式会社,65C00,奥吉野発電所,水力,４号機,201000,計画停止,停止・その他,,9999/06/27 09:00,あり,9999/06/27,試運転,2023/04/04 18:31,removed,outages_20260917_132835.csv,outages_20260917_183953.csv,17/09/2026 13:28,17/09/2026 18:39
関西,関西電力株式会社,65C00,奥吉野発電所,水力,４号機,201000,計画停止,停止・その他,,9999/06/26 09:00,あり,9999/06/26,試運転,2023/04/04 18:31,removed,outages_20260917_132835.csv,outages_20260917_183953.csv,17/09/2026 13:28,17/09/2026 18:39
関西,関西電力株式会社,65C00,奥吉野発電所,水力,４号機,201000,計画停止,停止・その他,,9999/06/23 09:00,あり,9999/06/23,他発電機作業,2023/04/04 18:31,removed,outages_20260917_132835.csv,outages_20260917_183953.csv,17/09/2026 13:28,17/09/2026 18:39
関西,関西電力株式会社,65C00,奥吉野発電所,水力,４号機,201000,計画停止,停止・その他,,9999/06/22 09:00,あり,9999/06/22,他発電機作業,2023/04/04 18:31,removed,outages_20260917_132835.csv,outages_20260917_183953.csv,17/09/2026 13:28,17/09/2026 18:39
関西,関西電力株式会社,65C00,奥吉野発電所,水力,４号機,201000,計画停止,停止・その他,,9999/06/21 09:30,あり,9999/06/21,他発電機作業,2023/04/04 18:31,removed,outages_20260917_132835.csv,outages_20260917_183953.csv,17/09/2026 13:28,17/09/2026 18:39
関西,関西電力株式会社,65C00,奥吉野発電所,水力,４号機,201000,計画停止,停止・その他,,9999/05/11 09:00,あり,9999/06/19,他発電機作業,2023/04/04 18:31,removed,outages_20260917_132835.csv,outages_20260917_183953.csv,17/09/2026 13:28,17/09/2026 18:39
関西,関西電力株式会社,65C00,奥吉野発電所,水力,４号機,201000,計画停止,停止・その他,,9999/05/05 09:00,あり,9999/05/05,他発電機作業,2023/04/04 18:31,removed,outages_20260917_132835.csv,outages_20260917_183953.csv,17/09/2026 13:28,17/09/2026 18:39
関西,関西電力株式会社,65C00,奥吉野発電所,水力,４号機,201000,計画停止,停止・その他,,9999/05/04 09:00,あり,9999/05/04,他発電機作業,2023/04/04 18:31,removed,outages_20260917_132835.csv,outages_20260917_183953.csv,17/09/2026 13:28,17/09/2026 18:39
関西,関西電力株式会社,65C00,奥吉野発電所,水力,４号機,201000,計画停止,停止・その他,,9999/05/03 09:00,あり,9999/05/03,他発電機作業,2023/04/04 18:31,removed,outages_20260917_132835.csv,outages_20260917_183953.csv,17/09/2026 13:28,17/09/2026 18:39
関西,関西電力株式会社,65C00,奥吉野発電所,水力,４号機,201000,計画停止,停止・その他,,9999/05/02 09:00,あり,9999/05/02,他発電機作業,2023/04/04 18:31,removed,outages_20260917_132835.csv,outages_20260917_183953.csv,17/09/2026 13:28,17/09/2026 18:39
関西,関西電力株式会社,65C00,奥吉野発電所,水力,３号機,201000,計画停止,停止・その他,,9999/06/27 09:00,あり,9999/06/27,試運転,2023/04/04 18:31,removed,outages_20260917_132835.csv,outages_20260917_183953.csv,17/09/2026 13:28,17/09/2026 18:39
関西,関西電力株式会社,65C00,奥吉野発電所,水力,３号機,201000,計画停止,停止・その他,,9999/06/26 09:00,あり,9999/06/26,他発電機作業,2023/04/04 18:31,removed,outages_20260917_132835.csv,outages_20260917_183953.csv,17/09/2026 13:28,17/09/2026 18:39
関西,関西電力株式会社,65C00,奥吉野発電所,水力,３号機,201000,計画停止,停止・その他,,9999/06/23 09:00,あり,9999/06/23,試運転,2023/04/04 18:31,removed,outages_20260917_132835.csv,outages_20260917_183953.csv,17/09/2026 13:28,17/09/2026 18:39
関西,関西電力株式会社,65C00,奥吉野発電所,水力,３号機,201000,計画停止,停止・その他,,9999/06/22 09:00,あり,9999/06/22,他発電機作業,2023/04/04 18:31,removed,outages_20260917_132835.csv,outages_20260917_183953.csv,17/09/2026 13:28,17/09/2026 18:39
関西,関西電力株式会社,65C00,奥吉野発電所,水力,３号機,201000,計画停止,停止・その他,,9999/06/21 09:30,あり,9999/06/21,他発電機作業,2023/04/04 18:31,removed,outages_20260917_132835.csv,outages_20260917_183953.csv,17/09/2026 13:28,17/09/2026 18:39
関西,関西電力株式会社,65C00,奥吉野発電所,水力,３号機,201000,計画停止,停止・その他,,9999/06/20 09:30,あり,9999/06/20,他発電機作業,2023/04/04 18:30,removed,outages_20260917_132835.csv,outages_20260917_183953.csv,17/09/2026 13:28,17/09/2026 18:39
関西,関西電力株式会社,65C00,奥吉野発電所,水力,３号機,201000,計画停止,停止・その他,,9999/05/11 09:00,あり,9999/06/19,他発電機作業,2023/04/04 18:30,removed,outages_20260917_132835.csv,outages_20260917_183953.csv,17/09/2026 13:28,17/09/2026 18:39
関西,関西電力株式会社,65C00,奥吉野発電所,水力,２号機,201000,計画停止,停止・その他,,9999/06/27 09:00,あり,9999/06/27,試運転,2023/04/04 18:30,removed,outages_20260917_132835.csv,outages_20260917_183953.csv,17/09/2026 13:28,17/09/2026 18:39
関西,関西電力株式会社,65C00,奥吉野発電所,水力,２号機,201000,計画停止,停止・その他,,9999/06/26 09:00,あり,9999/06/26,他発電機作業,2023/04/04 18:30,removed,outages_20260917_132835.csv,outages_20260917_183953.csv,17/09/2026 13:28,17/09/2026 18:39
関西,関西電力株式会社,65C00,奥吉野発電所,水力,２号機,201000,計画停止,停止・その他,,9999/06/23 09:00,あり,9999/06/23,他発電機作業,2023/04/04 18:30,removed,outages_20260917_132835.csv,outages_20260917_183953.csv,17/09/2026 13:28,17/09/2026 18:39
関西,関西電力株式会社,65C00,奥吉野発電所,水力,２号機,201000,計画停止,停止・その他,,9999/06/22 09:00,あり,9999/06/22,他発電機作業,2023/04/04 18:30,removed,outages_20260917_132835.csv,outages_20260917_183953.csv,17/09/2026 13:28,17/09/2026 18:39
関西,関西電力株式会社,65C00,奥吉野発電所,水力,２号機,201000,計画停止,停止・その他,,9999/06/21 09:30,あり,9999/06/21,他発電機作業,2023/04/04 18:30,removed,outages_20260917_132835.csv,outages_20260917_183953.csv,17/09/2026 13:28,17/09/2026 18:39
関西,関西電力株式会社,65C00,奥吉野発電所,水力,２号機,201000,計画停止,停止・その他,,9999/06/20 09:30,あり,9999/06/20,他発電機作業,2023/04/04 18:30,removed,outages_20260917_132835.csv,outages_20260917_183953.csv,17/09/2026 13:28,17/09/2026 18:39
関西,関西電力株式会社,65C00,奥吉野発電所,水力,２号機,201000,計画停止,停止・その他,,9999/05/11 09:00,あり,9999/06/19,他発電機作業,2023/04/04 18:30,removed,outages_20260917_132835.csv,outages_20260917_183953.csv,17/09/2026 13:28,17/09/2026 18:39
関西,関西電力株式会社,65C00,奥吉野発電所,水力,１号機,201000,計画停止,停止・その他,,9999/06/27 09:00,あり,9999/06/27,試運転,2023/04/04 18:30,removed,outages_20260917_132835.csv,outages_20260917_183953.csv,17/09/2026 13:28,17/09/2026 18:39
関西,関西電力株式会社,65C00,奥吉野発電所,水力,１号機,201000,計画停止,停止・その他,,9999/06/26 09:00,あり,9999/06/26,他発電機作業,2023/04/04 18:30,removed,outages_20260917_132835.csv,outages_20260917_183953.csv,17/09/2026 13:28,17/09/2026 18:39
関西,関西電力株式会社,65C00,奥吉野発電所,水力,１号機,201000,計画停止,停止・その他,,9999/06/23 09:00,あり,9999/06/23,他発電機作業,2023/04/04 18:30,removed,outages_20260917_132835.csv,outages_20260917_183953.csv,17/09/2026 13:28,17/09/2026 18:39
関西,関西電力株式会社,65C00,奥吉野発電所,水力,１号機,201000,計画停止,停止・その他,,9999/06/22 09:00,あり,9999/06/22,他発電機作業,2023/04/04 18:30,removed,outages_20260917_132835.csv,outages_20260917_183953.csv,17/09/2026 13:28,17/09/2026 18:39
関西,関西電力株式会社,65C00,奥吉野発電所,水力,１号機,201000,計画停止,停止・その他,,9999/06/21 09:30,あり,9999/06/21,他発電機作業,2023/04/04 18:30,removed,outages_20260917_132835.csv,outages_20260917_183953.csv,17/09/2026 13:28,17/09/2026 18:39
関西,関西電力株式会社,65C00,奥吉野発電所,水力,１号機,201000,計画停止,停止・その他,,9999/06/20 09:30,あり,9999/06/20,他発電機作業,2023/04/04 18:30,removed,outages_20260917_132835.csv,outages_20260917_183953.csv,17/09/2026 13:28,17/09/2026 18:39
関西,関西電力株式会社,65C00,奥吉野発電所,水力,１号機,201000,計画停止,停止・その他,,9999/05/11 09:00,あり,9999/06/19,他発電機作業,2023/04/04 18:30,removed,outages_20260917_132835.csv,outages_20260917_183953.csv,17/09/2026 13:28,17/09/2026 18:39
関西,関西電力株式会社,68J46,姫路第一発電所,火力（ガス）,６号機,713000,計画停止,停止・設備故障,,9999/05/09 08:00,あり,9999/05/09,発電機作業,2023/04/04 15:13,removed,outages_20260917_132835.csv,outages_20260917_183953.csv,17/09/2026 13:28,17/09/2026 18:39
関西,関西電力株式会社,65C00,奥吉野発電所,水力,１号機,201000,計画停止,停止・設備故障,,9999/04/05 09:00,あり,9999/04/05,発電機作業,2023/03/31 17:32,removed,outages_20260917_132835.csv,outages_20260917_183953.csv,17/09/2026 13:28,17/09/2026 18:39
関西,関西電力株式会社,65C00,奥吉野発電所,水力,２号機,201000,計画停止,停止・設備故障,,9999/04/05 09:00,あり,9999/04/05,発電機作業,2023/03/31 17:31,removed,outages_20260917_132835.csv,outages_20260917_183953.csv,17/09/2026 13:28,17/09/2026 18:39
関西,関西電力株式会社,65C00,奥吉野発電所,水力,３号機,201000,計画停止,停止・設備故障,,9999/04/05 09:00,あり,9999/04/05,発電機作業,2023/03/31 17:31,removed,outages_20260917_132835.csv,outages_20260917_183953.csv,17/09/2026 13:28,17/09/2026 18:39
関西,関西電力株式会社,65C00,奥吉野発電所,水力,４号機,201000,計画停止,停止・設備故障,,9999/04/05 09:00,あり,9999/04/05,発電機作業,2023/03/31 17:30,removed,outages_20260917_132835.csv,outages_20260917_183953.csv,17/09/2026 13:28,17/09/2026 18:39
関西,関西電力株式会社,65C00,奥吉野発電所,水力,５号機,201000,計画停止,停止・設備故障,,9999/04/05 09:00,あり,9999/04/05,発電機作業,2023/03/31 17:30,removed,outages_20260917_132835.csv,outages_20260917_183953.csv,17/09/2026 13:28,17/09/2026 18:39
関西,関西電力株式会社,65C00,奥吉野発電所,水力,６号機,201000,計画停止,停止・設備故障,,9999/04/05 09:00,あり,9999/04/05,発電機作業,2023/03/31 17:29,removed,outages_20260917_132835.csv,outages_20260917_183953.csv,17/09/2026 13:28,17/09/2026 18:39
関西,関西電力株式会社,65C00,奥吉野発電所,水力,１号機,201000,計画停止,停止・設備故障,,9999/04/06 09:00,あり,9999/04/06,他発電機作業,2023/03/31 17:29,removed,outages_20260917_132835.csv,outages_20260917_183953.csv,17/09/2026 13:28,17/09/2026 18:39
関西,関西電力株式会社,65C00,奥吉野発電所,水力,２号機,201000,計画停止,停止・設備故障,,9999/04/06 09:00,あり,9999/04/06,発電機作業,2023/03/31 17:28,removed,outages_20260917_132835.csv,outages_20260917_183953.csv,17/09/2026 13:28,17/09/2026 18:39
関西,関西電力株式会社,65C00,奥吉野発電所,水力,３号機,201000,計画停止,停止・設備故障,,9999/04/06 09:00,あり,9999/04/06,発電機作業,2023/03/31 17:27,removed,outages_20260917_132835.csv,outages_20260917_183953.csv,17/09/2026 13:28,17/09/2026 18:39
関西,関西電力株式会社,65C00,奥吉野発電所,水力,５号機,201000,計画停止,停止・設備故障,,9999/04/06 09:00,あり,9999/04/06,発電機作業,2023/03/31 17:27,removed,outages_20260917_132835.csv,outages_20260917_183953.csv,17/09/2026 13:28,17/09/2026 18:39
関西,関西電力株式会社,65C00,奥吉野発電所,水力,１号機,201000,計画停止,停止・その他,,9999/04/07 13:00,あり,9999/04/07,他発電機作業,2023/03/30 13:20,removed,outages_20260917_132835.csv,outages_20260917_183953.csv,17/09/2026 13:28,17/09/2026 18:39
関西,関西電力株式会社,65C00,奥吉野発電所,水力,５号機,201000,計画停止,停止・その他,,9999/04/05 09:30,あり,9999/04/05,試運転,2023/03/30 13:16,removed,outages_20260917_132835.csv,outages_20260917_183953.csv,17/09/2026 13:28,17/09/2026 18:39
関西,関西電力株式会社,65C00,奥吉野発電所,水力,５号機,201000,計画停止,停止・その他,,9999/04/04 13:00,あり,9999/04/04,他発電機作業,2023/03/30 13:16,removed,outages_20260917_132835.csv,outages_20260917_183953.csv,17/09/2026 13:28,17/09/2026 18:39
関西,関西電力株式会社,65C00,奥吉野発電所,水力,５号機,201000,計画停止,停止・その他,,9999/04/06 09:00,あり,9999/04/06,試運転,2023/03/30 13:15,removed,outages_20260917_132835.csv,outages_20260917_183953.csv,17/09/2026 13:28,17/09/2026 18:39
関西,関西電力株式会社,65C00,奥吉野発電所,水力,４号機,201000,計画停止,停止・その他,,9999/04/05 09:30,あり,9999/04/05,試運転,2023/03/30 13:14,removed,outages_20260917_132835.csv,outages_20260917_183953.csv,17/09/2026 13:28,17/09/2026 18:39
関西,関西電力株式会社,65C00,奥吉野発電所,水力,４号機,201000,計画停止,停止・その他,,9999/04/07 13:00,あり,9999/04/07,試運転,2023/03/30 13:13,removed,outages_20260917_132835.csv,outages_20260917_183953.csv,17/09/2026 13:28,17/09/2026 18:39
関西,関西電力株式会社,65C00,奥吉野発電所,水力,４号機,201000,計画停止,停止・その他,,9999/04/06 09:00,あり,9999/04/06,試運転,2023/03/30 13:12,removed,outages_20260917_132835.csv,outages_20260917_183953.csv,17/09/2026 13:28,17/09/2026 18:39
関西,関西電力株式会社,65C00,奥吉野発電所,水力,３号機,201000,計画停止,停止・その他,,9999/04/05 09:30,あり,9999/04/05,他発電機作業,2023/03/30 13:11,removed,outages_20260917_132835.csv,outages_20260917_183953.csv,17/09/2026 13:28,17/09/2026 18:39
関西,関西電力株式会社,65C00,奥吉野発電所,水力,３号機,201000,計画停止,停止・その他,,9999/04/07 13:00,あり,9999/04/07,他発電機作業,2023/03/30 13:10,removed,outages_20260917_132835.csv,outages_20260917_183953.csv,17/09/2026 13:28,17/09/2026 18:39
関西,関西電力株式会社,65C00,奥吉野発電所,水力,３号機,201000,計画停止,停止・その他,,9999/04/06 09:00,あり,9999/04/06,他発電機作業,2023/03/30 13:09,removed,outages_20260917_132835.csv,outages_20260917_183953.csv,17/09/2026 13:28,17/09/2026 18:39
関西,関西電力株式会社,65C00,奥吉野発電所,水力,２号機,201000,計画停止,停止・その他,,9999/04/07 13:00,あり,9999/04/07,他発電機作業,2023/03/30 13:09,removed,outages_20260917_132835.csv,outages_20260917_183953.csv,17/09/2026 13:28,17/09/2026 18:39
関西,関西電力株式会社,65C00,奥吉野発電所,水力,２号機,201000,計画停止,停止・その他,,9999/04/05 09:30,あり,9999/04/05,他発電機作業,2023/03/30 13:08,removed,outages_20260917_132835.csv,outages_20260917_183953.csv,17/09/2026 13:28,17/09/2026 18:39
関西,関西電力株式会社,65C00,奥吉野発電所,水力,２号機,201000,計画停止,停止・その他,,9999/04/06 09:00,あり,9999/04/06,他発電機作業,2023/03/30 13:07,removed,outages_20260917_132835.csv,outages_20260917_183953.csv,17/09/2026 13:28,17/09/2026 18:39
関西,関西電力株式会社,65C00,奥吉野発電所,水力,１号機,201000,計画停止,停止・その他,,9999/04/06 09:00,あり,9999/04/06,他発電機作業,2023/03/30 13:06,removed,outages_20260917_132835.csv,outages_20260917_183953.csv,17/09/2026 13:28,17/09/2026 18:39
関西,関西電力株式会社,65C00,奥吉野発電所,水力,１号機,201000,計画停止,停止・その他,,9999/04/05 09:30,あり,9999/04/05,他発電機作業,2023/03/30 13:04,removed,outages_20260917_132835.csv,outages_20260917_183953.csv,17/09/2026 13:28,17/09/2026 18:39
関西,関西電力株式会社,65C00,奥吉野発電所,水力,５号機,201000,計画停止,停止・その他,,9999/04/07 13:00,あり,9999/04/07,他発電機作業,2023/03/30 12:38,removed,outages_20260917_132835.csv,outages_20260917_183953.csv,17/09/2026 13:28,17/09/2026 18:39
関西,関西電力株式会社,65C00,奥吉野発電所,水力,５号機,201000,計画停止,停止・その他,,9999/04/03 10:00,あり,9999/04/03,他発電機作業,2023/03/30 12:36,removed,outages_20260917_132835.csv,outages_20260917_183953.csv,17/09/2026 13:28,17/09/2026 18:39
関西,関西電力株式会社,65C00,奥吉野発電所,水力,５号機,201000,計画停止,停止・その他,,9999/03/31 10:00,あり,9999/03/31,他発電機作業,2023/03/29 22:03,removed,outages_20260917_132835.csv,outages_20260917_183953.csv,17/09/2026 13:28,17/09/2026 18:39
関西,関西電力株式会社,65C00,奥吉野発電所,水力,５号機,201000,計画停止,停止・その他,,9999/03/30 10:00,あり,9999/03/30,他発電機作業,2023/03/29 13:36,removed,outages_20260917_132835.csv,outages_20260917_183953.csv,17/09/2026 13:28,17/09/2026 18:39
関西,関西電力株式会社,65C00,奥吉野発電所,水力,１号機,201000,計画停止,停止・設備故障,,9999/03/30 23:59,あり,9999/03/30,発電機作業,2023/03/28 15:30,removed,outages_20260917_132835.csv,outages_20260917_183953.csv,17/09/2026 13:28,17/09/2026 18:39
関西,関西電力株式会社,65C00,奥吉野発電所,水力,５号機,201000,計画停止,停止・その他,,9999/03/28 23:59,あり,9999/03/28,他発電機作業,2023/03/28 10:54,removed,outages_20260917_132835.csv,outages_20260917_183953.csv,17/09/2026 13:28,17/09/2026 18:39
関西,関西電力株式会社,63D03,大河内発電所,水力,４号機,320000,計画停止,停止・その他,,9999/03/30 14:00,あり,9999/03/30,他発電機作業,2023/03/23 15:59,removed,outages_20260917_132835.csv,outages_20260917_183953.csv,17/09/2026 13:28,17/09/2026 18:39
関西,関西電力株式会社,63D03,大河内発電所,水力,４号機,320000,計画停止,停止・その他,,9999/03/28 22:00,あり,9999/03/29,他発電機作業,2023/03/23 15:59,removed,outages_20260917_132835.csv,outages_20260917_183953.csv,17/09/2026 13:28,17/09/2026 18:39
関西,関西電力株式会社,63D03,大河内発電所,水力,３号機,320000,計画停止,停止・その他,,9999/03/30 14:00,あり,9999/03/30,他発電機作業,2023/03/23 15:58,removed,outages_20260917_132835.csv,outages_20260917_183953.csv,17/09/2026 13:28,17/09/2026 18:39
関西,関西電力株式会社,63D03,大河内発電所,水力,３号機,320000,計画停止,停止・その他,,9999/03/28 22:00,あり,9999/03/29,他発電機作業,2023/03/23 15:57,removed,outages_20260917_132835.csv,outages_20260917_183953.csv,17/09/2026 13:28,17/09/2026 18:39
関西,関西電力株式会社,63D03,大河内発電所,水力,２号機,320000,計画停止,停止・その他,,9999/03/30 14:00,あり,9999/03/30,他発電機作業,2023/03/23 15:56,removed,outages_20260917_132835.csv,outages_20260917_183953.csv,17/09/2026 13:28,17/09/2026 18:39
関西,関西電力株式会社,63D03,大河内発電所,水力,２号機,320000,計画停止,停止・その他,,9999/03/28 22:00,あり,9999/03/29,他発電機作業,2023/03/23 15:54,removed,outages_20260917_132835.csv,outages_20260917_183953.csv,17/09/2026 13:28,17/09/2026 18:39
関西,関西電力株式会社,68E00,奥多々良木発電所,水力,２号機,303000,計画停止,停止・送電線等制約,,9999/11/22 16:00,あり,9999/11/22,送電線等制約,2023/03/20 10:14,removed,outages_20260917_132835.csv,outages_20260917_183953.csv,17/09/2026 13:28,17/09/2026 18:39
関西,関西電力株式会社,68E00,奥多々良木発電所,水力,１号機,303000,計画停止,停止・送電線等制約,,9999/11/22 16:00,あり,9999/11/22,送電線等制約,2023/03/20 10:12,removed,outages_20260917_132835.csv,outages_20260917_183953.csv,17/09/2026 13:28,17/09/2026 18:39
関西,関西電力株式会社,63C00,喜撰山発電所,水力,２号機,233000,計画停止,停止・設備故障,,9999/03/18 13:00,あり,9999/03/18,発電機作業,2023/03/18 12:39,removed,outages_20260917_132835.csv,outages_20260917_183953.csv,17/09/2026 13:28,17/09/2026 18:39
関西,関西電力株式会社,63D03,大河内発電所,水力,３号機,320000,計画停止,停止・その他,,9999/06/07 09:00,あり,9999/06/07,他発電機作業,2023/03/06 20:42,removed,outages_20260917_132835.csv,outages_20260917_183953.csv,17/09/2026 13:28,17/09/2026 18:39
関西,関西電力株式会社,63D03,大河内発電所,水力,３号機,320000,計画停止,停止・その他,,9999/06/06 09:00,あり,9999/06/06,他発電機作業,2023/03/06 20:42,removed,outages_20260917_132835.csv,outages_20260917_183953.csv,17/09/2026 13:28,17/09/2026 18:39
関西,関西電力株式会社,63D03,大河内発電所,水力,３号機,320000,計画停止,停止・その他,,9999/06/05 09:00,あり,9999/06/05,他発電機作業,2023/03/06 20:42,removed,outages_20260917_132835.csv,outages_20260917_183953.csv,17/09/2026 13:28,17/09/2026 18:39
関西,関西電力株式会社,63D03,大河内発電所,水力,３号機,320000,計画停止,停止・その他,,9999/06/04 09:00,あり,9999/06/04,他発電機作業,2023/03/06 20:42,removed,outages_20260917_132835.csv,outages_20260917_183953.csv,17/09/2026 13:28,17/09/2026 18:39
関西,関西電力株式会社,63D03,大河内発電所,水力,３号機,320000,計画停止,停止・その他,,9999/06/03 09:00,あり,9999/06/03,他発電機作業,2023/03/06 20:42,removed,outages_20260917_132835.csv,outages_20260917_183953.csv,17/09/2026 13:28,17/09/2026 18:39
関西,関西電力株式会社,63D03,大河内発電所,水力,３号機,320000,計画停止,停止・その他,,9999/06/02 09:00,あり,9999/06/02,他発電機作業,2023/03/06 20:42,removed,outages_20260917_132835.csv,outages_20260917_183953.csv,17/09/2026 13:28,17/09/2026 18:39
関西,関西電力株式会社,63D03,大河内発電所,水力,３号機,320000,計画停止,停止・その他,,9999/06/01 09:00,あり,9999/06/01,他発電機作業,2023/03/06 20:42,removed,outages_20260917_132835.csv,outages_20260917_183953.csv,17/09/2026 13:28,17/09/2026 18:39
関西,関西電力株式会社,63D03,大河内発電所,水力,３号機,320000,計画停止,停止・その他,,9999/05/31 09:00,あり,9999/05/31,他発電機作業,2023/03/06 20:35,removed,outages_20260917_132835.csv,outages_20260917_183953.csv,17/09/2026 13:28,17/09/2026 18:39
関西,関西電力株式会社,63D03,大河内発電所,水力,３号機,320000,計画停止,停止・その他,,9999/05/30 09:00,あり,9999/05/30,他発電機作業,2023/03/06 20:35,removed,outages_20260917_132835.csv,outages_20260917_183953.csv,17/09/2026 13:28,17/09/2026 18:39
関西,関西電力株式会社,65C00,奥吉野発電所,水力,５号機,201000,計画停止,停止・その他,,9999/03/03 13:00,あり,9999/03/03,他発電機作業,2023/03/03 10:24,removed,outages_20260917_132835.csv,outages_20260917_183953.csv,17/09/2026 13:28,17/09/2026 18:39
関西,関西電力株式会社,65C00,奥吉野発電所,水力,３号機,201000,計画停止,停止・その他,,9999/03/06 09:00,あり,9999/04/04,他発電機作業,2023/03/02 20:29,removed,outages_20260917_132835.csv,outages_20260917_183953.csv,17/09/2026 13:28,17/09/2026 18:39
関西,関西電力株式会社,65C00,奥吉野発電所,水力,２号機,201000,計画停止,停止・その他,,9999/03/06 09:00,あり,9999/04/04,他発電機作業,2023/03/02 20:28,removed,outages_20260917_132835.csv,outages_20260917_183953.csv,17/09/2026 13:28,17/09/2026 18:39
関西,関西電力株式会社,65C00,奥吉野発電所,水力,１号機,201000,計画停止,停止・その他,,9999/03/06 09:00,あり,9999/04/04,他発電機作業,2023/03/02 20:28,removed,outages_20260917_132835.csv,outages_20260917_183953.csv,17/09/2026 13:28,17/09/2026 18:39
関西,関西電力株式会社,65C00,奥吉野発電所,水力,５号機,201000,計画停止,停止・その他,,9999/03/08 10:00,あり,9999/03/08,他発電機作業,2023/03/02 20:27,removed,outages_20260917_132835.csv,outages_20260917_183953.csv,17/09/2026 13:28,17/09/2026 18:39
関西,関西電力株式会社,65C00,奥吉野発電所,水力,５号機,201000,計画停止,停止・その他,,9999/03/08 13:00,あり,9999/03/08,他発電機作業,2023/03/02 20:27,removed,outages_20260917_132835.csv,outages_20260917_183953.csv,17/09/2026 13:28,17/09/2026 18:39
関西,関西電力株式会社,67C43,御坊発電所,火力（石油）,３号機,600000,出力低下,低下・設備故障,270000,9999/03/02 18:30,あり,9999/05/19,発電機作業のため,2023/03/02 17:58,removed,outages_20260917_132835.csv,outages_20260917_183953.csv,17/09/2026 13:28,17/09/2026 18:39
北陸,北陸電力株式会社,53202,北陸電力 七尾大田火力発電所,火力（石炭）,1号機,500000,計画停止,停止・定期検査等,,9999/02/25 00:00,あり,9999/02/26,削除,2023/02/01 16:40,removed,outages_20260917_132835.csv,outages_20260917_183953.csv,17/09/2026 13:28,17/09/2026 18:39
関西,関西電力株式会社,68C42,姫路第二発電所,火力（ガス）,２号機,486500,出力低下,低下・その他,169000,9999/01/22 08:30,あり,9999/01/22,試運転 最大低下量：316500kW 最小低下量：36500kW,2023/01/19 15:26,removed,outages_20260917_132835.csv,outages_20260917_183953.csv,17/09/2026 13:28,17/09/2026 18:39
中部,中部電力(株),45002,奥矢作第二発電所,水力,１号機,260000,出力低下,低下・その他,101000,9999/10/17 00:00,あり,9999/10/17,最大低下量：260000kW 最低低下量：0kW 平均低下量：101000kW 運用制約,2022/10/16 18:25,removed,outages_20260917_132835.csv,outages_20260917_183953.csv,17/09/2026 13:28,17/09/2026 18:39
中部,中部電力(株),45002,奥矢作第二発電所,水力,３号機,260000,出力低下,低下・その他,101000,9999/10/17 00:00,あり,9999/10/17,最大低下量：260000kW 最低低下量：0kW 平均低下量：101000kW 運用制約,2022/10/16 18:24,removed,outages_20260917_132835.csv,outages_20260917_183953.csv,17/09/2026 13:28,17/09/2026 18:39
関西,株式会社コベルコパワー神戸第二,64339,神戸発電所,火力（石炭）,3号機,650000,計画停止,停止・定期検査等,,9999/10/12 11:55,あり,9999/10/12,定期検査,2022/10/12 09:27,removed,outages_20260917_132835.csv,outages_20260917_183953.csv,17/09/2026 13:28,17/09/2026 18:39
中部,中部電力(株),45002,奥矢作第二発電所,水力,２号機,260000,計画停止,停止・その他,,9999/09/23 21:00,あり,9999/09/23,出水,2022/09/23 19:29,removed,outages_20260917_132835.csv,outages_20260917_183953.csv,17/09/2026 13:28,17/09/2026 18:39
中部,中部電力(株),45002,奥矢作第二発電所,水力,１号機,260000,計画停止,停止・その他,,9999/09/23 21:00,あり,9999/09/23,出水,2022/09/23 19:28,removed,outages_20260917_132835.csv,outages_20260917_183953.csv,17/09/2026 13:28,17/09/2026 18:39
中部,中部電力(株),45002,奥矢作第一発電所,水力,３号機,107000,計画停止,停止・その他,,9999/09/23 21:00,あり,9999/09/23,出水,2022/09/23 19:27,removed,outages_20260917_132835.csv,outages_20260917_183953.csv,17/09/2026 13:28,17/09/2026 18:39
中部,中部電力(株),45002,奥矢作第一発電所,水力,２号機,108000,計画停止,停止・その他,,9999/09/23 21:00,あり,9999/09/23,出水,2022/09/23 19:27,removed,outages_20260917_132835.csv,outages_20260917_183953.csv,17/09/2026 13:28,17/09/2026 18:39
中部,中部電力(株),45002,奥矢作第一発電所,水力,１号機,108000,計画停止,停止・その他,,9999/09/23 21:00,あり,9999/09/23,出水,2022/09/23 19:26,removed,outages_20260917_132835.csv,outages_20260917_183953.csv,17/09/2026 13:28,17/09/2026 18:39
中部,中部電力(株),45002,奥矢作第一発電所,水力,２号機,108000,計画停止,停止・その他,,9999/09/23 21:00,あり,9999/09/23,出水,2022/09/23 17:06,removed,outages_20260917_132835.csv,outages_20260917_183953.csv,17/09/2026 13:28,17/09/2026 18:39
中部,中部電力(株),45002,奥矢作第一発電所,水力,１号機,108000,計画停止,停止・その他,,9999/09/23 21:00,あり,9999/09/23,出水,2022/09/23 17:05,removed,outages_20260917_132835.csv,outages_20260917_183953.csv,17/09/2026 13:28,17/09/2026 18:39
東北,東北電力株式会社,2U308,東北電力原町火力発電所１号機,火力（石炭）,１号機,1000000,計画停止,停止・定期検査等,,9999/10/29 00:00,あり,9999/11/15,作業停止,2022/09/06 14:11,removed,outages_20260917_132835.csv,outages_20260917_183953.csv,17/09/2026 13:28,17/09/2026 18:39
関西,関西電力株式会社,68E00,奥多々良木発電所,水力,５号機,360000,計画停止,停止・設備故障,,9999/10/24 23:59,あり,9999/10/24,発電機作業,2022/07/27 18:31,removed,outages_20260917_132835.csv,outages_20260917_183953.csv,17/09/2026 13:28,17/09/2026 18:39
中部,中部電力(株),45002,奥矢作第二発電所,水力,１号機,260000,出力低下,低下・その他,129000,9999/07/28 00:00,あり,9999/07/28,最大低下量：260000kW 最低低下量：0kW 平均低下量：129000kW 運用制約,2022/07/27 15:29,removed,outages_20260917_132835.csv,outages_20260917_183953.csv,17/09/2026 13:28,17/09/2026 18:39
中部,中部電力(株),45002,奥矢作第二発電所,水力,３号機,260000,出力低下,低下・その他,129000,9999/07/28 00:00,あり,9999/07/28,最大低下量：260000kW 最低低下量：0kW 平均低下量：129000kW 運用制約,2022/07/27 15:28,removed,outages_20260917_132835.csv,outages_20260917_183953.csv,17/09/2026 13:28,17/09/2026 18:39
中部,中部電力(株),45002,奥矢作第二発電所,水力,１号機,260000,出力低下,低下・その他,129000,9999/07/20 00:00,あり,9999/07/20,最大低下量：260000kW 最低低下量：0kW 平均低下量：129000kW 運用制約,2022/07/19 14:57,removed,outages_20260917_132835.csv,outages_20260917_183953.csv,17/09/2026 13:28,17/09/2026 18:39
中部,中部電力(株),45002,奥矢作第二発電所,水力,３号機,260000,出力低下,低下・その他,129000,9999/07/20 00:00,あり,9999/07/20,最大低下量：260000kW 最低低下量：0kW 平均低下量：129000kW 運用制約,2022/07/19 14:56,removed,outages_20260917_132835.csv,outages_20260917_183953.csv,17/09/2026 13:28,17/09/2026 18:39
中部,中部電力(株),45002,奥矢作第二発電所,水力,２号機,260000,計画停止,停止・その他,,9999/07/05 20:00,あり,9999/07/05,出水,2022/07/05 15:56,removed,outages_20260917_132835.csv,outages_20260917_183953.csv,17/09/2026 13:28,17/09/2026 18:39
中部,中部電力(株),45002,奥矢作第二発電所,水力,１号機,260000,計画停止,停止・その他,,9999/07/05 20:00,あり,9999/07/05,出水,2022/07/05 15:55,removed,outages_20260917_132835.csv,outages_20260917_183953.csv,17/09/2026 13:28,17/09/2026 18:39
中部,中部電力(株),45002,奥矢作第一発電所,水力,２号機,108000,計画停止,停止・その他,,9999/07/05 20:00,あり,9999/07/05,出水,2022/07/05 15:53,removed,outages_20260917_132835.csv,outages_20260917_183953.csv,17/09/2026 13:28,17/09/2026 18:39
中部,中部電力(株),45002,奥矢作第一発電所,水力,１号機,108000,計画停止,停止・その他,,9999/07/05 20:00,あり,9999/07/05,出水,2022/07/05 15:53,removed,outages_20260917_132835.csv,outages_20260917_183953.csv,17/09/2026 13:28,17/09/2026 18:39
中部,中部電力(株),45002,奥矢作第二発電所,水力,３号機,260000,出力低下,低下・その他,118000,9999/07/04 00:00,あり,9999/07/04,最大低下量：260000kW 最低低下量：0kW 平均低下量：118000kW 運用制約,2022/07/03 18:04,removed,outages_20260917_132835.csv,outages_20260917_183953.csv,17/09/2026 13:28,17/09/2026 18:39
中部,中部電力(株),45002,奥矢作第二発電所,水力,１号機,260000,出力低下,低下・その他,118000,9999/07/04 00:00,あり,9999/07/04,最大低下量：260000kW 最低低下量：0kW 平均低下量：118000kW 運用制約,2022/07/03 18:03,removed,outages_20260917_132835.csv,outages_20260917_183953.csv,17/09/2026 13:28,17/09/2026 18:39
関西,関西電力株式会社,63D41,舞鶴発電所,火力（石炭）,１号機,900000,出力低下,低下・設備故障,522000,9999/07/01 13:40,あり,9999/07/01,最大低下量：900000kW 最小低下量：0kW,2022/06/30 08:17,removed,outages_20260917_132835.csv,outages_20260917_183953.csv,17/09/2026 13:28,17/09/2026 18:39
関西,関西電力株式会社,68E00,奥多々良木発電所,水力,５号機,360000,計画停止,停止・設備故障,,9999/05/26 09:00,あり,9999/05/26,発電機作業,2022/05/19 13:43,removed,outages_20260917_132835.csv,outages_20260917_183953.csv,17/09/2026 13:28,17/09/2026 18:39
関西,関西電力株式会社,68E00,奥多々良木発電所,水力,５号機,360000,計画停止,停止・設備故障,,9999/05/25 09:00,あり,9999/05/25,発電機作業,2022/05/19 13:40,removed,outages_20260917_132835.csv,outages_20260917_183953.csv,17/09/2026 13:28,17/09/2026 18:39
関西,関西電力株式会社,68E00,奥多々良木発電所,水力,２号機,303000,計画停止,停止・設備故障,,9999/05/24 09:00,あり,9999/05/24,発電機作業,2022/05/19 13:39,removed,outages_20260917_132835.csv,outages_20260917_183953.csv,17/09/2026 13:28,17/09/2026 18:39
関西,関西電力株式会社,68E00,奥多々良木発電所,水力,１号機,303000,計画停止,停止・設備故障,,9999/05/24 09:00,あり,9999/05/24,発電機作業,2022/05/19 13:38,removed,outages_20260917_132835.csv,outages_20260917_183953.csv,17/09/2026 13:28,17/09/2026 18:39
関西,関西電力株式会社,68E00,奥多々良木発電所,水力,１号機,303000,計画停止,停止・設備故障,,9999/05/24 15:30,あり,9999/05/26,発電機作業,2022/05/19 13:37,removed,outages_20260917_132835.csv,outages_20260917_183953.csv,17/09/2026 13:28,17/09/2026 18:39
関西,関西電力株式会社,68E00,奥多々良木発電所,水力,１号機,303000,計画停止,停止・設備故障,,9999/06/15 09:00,あり,9999/06/15,発電機作業,2022/05/02 18:38,removed,outages_20260917_132835.csv,outages_20260917_183953.csv,17/09/2026 13:28,17/09/2026 18:39
関西,関西電力株式会社,68E00,奥多々良木発電所,水力,１号機,303000,計画停止,停止・設備故障,,9999/06/14 09:00,あり,9999/06/14,発電機作業,2022/05/02 18:37,removed,outages_20260917_132835.csv,outages_20260917_183953.csv,17/09/2026 13:28,17/09/2026 18:39
関西,関西電力株式会社,63D03,大河内発電所,水力,４号機,320000,計画停止,停止・設備故障,,9999/06/27 09:00,あり,9999/06/30,発電機作業,2022/05/02 18:19,removed,outages_20260917_132835.csv,outages_20260917_183953.csv,17/09/2026 13:28,17/09/2026 18:39
関西,関西電力株式会社,63D03,大河内発電所,水力,４号機,320000,計画停止,停止・設備故障,,9999/06/10 09:00,あり,9999/06/10,発電機作業,2022/05/02 18:15,removed,outages_20260917_132835.csv,outages_20260917_183953.csv,17/09/2026 13:28,17/09/2026 18:39
関西,関西電力株式会社,62A42,堺港発電所,火力（ガス）,２号機,400000,出力低下,低下・その他,200000,9999/05/01 09:00,あり,9999/05/01,試運転 最大低下量：400000kW 最小低下量：0kW,2022/04/28 13:46,removed,outages_20260917_132835.csv,outages_20260917_183953.csv,17/09/2026 13:28,17/09/2026 18:39
関西,関西電力株式会社,63D03,大河内発電所,水力,４号機,320000,計画停止,停止・設備故障,,9999/04/27 16:00,あり,9999/04/28,発電機作業,2022/04/25 21:39,removed,outages_20260917_132835.csv,outages_20260917_183953.csv,17/09/2026 13:28,17/09/2026 18:39
関西,関西電力株式会社,68E00,奥多々良木発電所,水力,５号機,360000,計画停止,停止・設備故障,,9999/04/26 09:00,あり,9999/04/26,発電機作業,2022/04/25 19:48,removed,outages_20260917_132835.csv,outages_20260917_183953.csv,17/09/2026 13:28,17/09/2026 18:39
関西,関西電力株式会社,68E00,奥多々良木発電所,水力,２号機,303000,計画停止,停止・設備故障,,9999/04/26 09:00,あり,9999/04/26,発電機作業,2022/04/25 19:46,removed,outages_20260917_132835.csv,outages_20260917_183953.csv,17/09/2026 13:28,17/09/2026 18:39
関西,関西電力株式会社,68E00,奥多々良木発電所,水力,１号機,303000,計画停止,停止・設備故障,,9999/04/26 09:00,あり,9999/04/26,発電機作業,2022/04/25 19:43,removed,outages_20260917_132835.csv,outages_20260917_183953.csv,17/09/2026 13:28,17/09/2026 18:39
関西,関西電力株式会社,67C43,御坊発電所,火力（石油）,３号機,600000,計画停止,停止・設備故障,,9999/04/30 00:00,あり,9999/05/17,発電機作業,2022/04/21 15:05,removed,outages_20260917_132835.csv,outages_20260917_183953.csv,17/09/2026 13:28,17/09/2026 18:39
中部,中部電力(株),43002,馬瀬川第一発電所,水力,２号機,144000,計画停止,停止・定期検査等,,9999/04/16 08:00,あり,9999/04/16,作業,2022/04/07 20:44,removed,outages_20260917_132835.csv,outages_20260917_183953.csv,17/09/2026 13:28,17/09/2026 18:39
関西,関西電力株式会社,62A42,堺港発電所,火力（ガス）,２号機,400000,計画停止,停止・設備故障,,9999/04/15 00:00,あり,9999/05/01,発電機作業,2022/04/07 11:43,removed,outages_20260917_132835.csv,outages_20260917_183953.csv,17/09/2026 13:28,17/09/2026 18:39
中国,中国電力株式会社,72408,柳井発電所第１号系列上位,火力（ガス）,１−４号,131000,計画停止,停止・送電線等制約,,9999/04/05 10:00,あり,9999/04/05,削除,2022/04/04 18:02,removed,outages_20260917_132835.csv,outages_20260917_183953.csv,17/09/2026 13:28,17/09/2026 18:39
東北,東北電力株式会社,2V403,東北電力東新潟火力発電所４号系列,火力（ガス）,４−１号機ＳＴ,280300,出力低下,低下・燃料制約,99400,9999/03/19 00:00,あり,9999/04/05,最大低下量：120700kW 最小低下量：0kW 回避,2022/03/18 22:51,removed,outages_20260917_132835.csv,outages_20260917_183953.csv,17/09/2026 13:28,17/09/2026 18:39
東北,東北電力株式会社,2F105,東北電力能代火力発電所２号機,火力（石炭）,２号機,600000,出力低下,低下・その他,258000,9999/03/20 18:33,あり,9999/03/21,バンド帯幅拡大試験 最大低下量：370000ｋW 最小低下量：0ｋW,2022/03/17 12:11,removed,outages_20260917_132835.csv,outages_20260917_183953.csv,17/09/2026 13:28,17/09/2026 18:39
関西,関西電力株式会社,68C46,姫路第二発電所,火力（ガス）,６号機,486500,計画停止,停止・設備故障,,9999/03/13 08:00,あり,9999/03/13,発電機作業,2022/03/10 13:35,removed,outages_20260917_132835.csv,outages_20260917_183953.csv,17/09/2026 13:28,17/09/2026 18:39
関西,関西電力株式会社,68C45,姫路第二発電所,火力（ガス）,５号機,486500,計画停止,停止・設備故障,,9999/03/06 08:00,あり,9999/03/06,発電機作業,2022/03/03 21:36,removed,outages_20260917_132835.csv,outages_20260917_183953.csv,17/09/2026 13:28,17/09/2026 18:39
北陸,関西電力株式会社,60C10,下小鳥発電所,水力,単独,142000,計画停止,停止・送電線等制約,,9999/09/04 23:59,あり,9999/09/15,送電線等制約,2022/02/22 19:38,removed,outages_20260917_132835.csv,outages_20260917_183953.csv,17/09/2026 13:28,17/09/2026 18:39
関西,関西電力株式会社,67C43,御坊発電所,火力（石油）,３号機,600000,計画停止,停止・設備故障,,9999/11/10 23:59,あり,9999/11/29,発電機作業,2022/02/18 19:02,removed,outages_20260917_132835.csv,outages_20260917_183953.csv,17/09/2026 13:28,17/09/2026 18:39
関西,関西電力株式会社,65C00,奥吉野発電所,水力,６号機,201000,計画停止,,,9999/02/06 09:00,あり,9999/02/06,発電機作業のため,2022/02/03 14:44,removed,outages_20260917_132835.csv,outages_20260917_183953.csv,17/09/2026 13:28,17/09/2026 18:39
関西,関西電力株式会社,65C00,奥吉野発電所,水力,２号機,201000,計画停止,,,9999/02/06 12:00,あり,9999/02/06,発電機作業のため,2022/02/03 14:41,removed,outages_20260917_132835.csv,outages_20260917_183953.csv,17/09/2026 13:28,17/09/2026 18:39
関西,関西電力株式会社,65C00,奥吉野発電所,水力,２号機,201000,計画停止,,,9999/02/06 14:00,あり,9999/02/06,発電機作業のため,2022/02/03 14:40,removed,outages_20260917_132835.csv,outages_20260917_183953.csv,17/09/2026 13:28,17/09/2026 18:39
関西,関西電力株式会社,65C00,奥吉野発電所,水力,２号機,201000,計画停止,,,9999/02/06 16:00,あり,9999/02/06,発電機作業のため,2022/02/03 14:24,removed,outages_20260917_132835.csv,outages_20260917_183953.csv,17/09/2026 13:28,17/09/2026 18:39
関西,関西電力株式会社,65C00,奥吉野発電所,水力,６号機,201000,計画停止,,,9999/02/06 12:00,あり,9999/02/06,発電機作業のため,2022/02/03 14:19,removed,outages_20260917_132835.csv,outages_20260917_183953.csv,17/09/2026 13:28,17/09/2026 18:39
関西,関西電力株式会社,65C00,奥吉野発電所,水力,６号機,201000,計画停止,,,9999/02/06 14:00,あり,9999/02/06,発電機作業のため,2022/02/03 14:19,removed,outages_20260917_132835.csv,outages_20260917_183953.csv,17/09/2026 13:28,17/09/2026 18:39
関西,関西電力株式会社,65C00,奥吉野発電所,水力,６号機,201000,計画停止,,,9999/02/06 16:00,あり,9999/02/06,発電機作業のため,2022/02/03 14:18,removed,outages_20260917_132835.csv,outages_20260917_183953.csv,17/09/2026 13:28,17/09/2026 18:39
関西,関西電力株式会社,63D03,大河内発電所,水力,４号機,320000,計画停止,,,9999/03/30 23:59,あり,9999/03/30,発電機作業のため,2022/02/02 19:55,removed,outages_20260917_132835.csv,outages_20260917_183953.csv,17/09/2026 13:28,17/09/2026 18:39
関西,関西電力株式会社,65C00,奥吉野発電所,水力,１号機,201000,計画停止,,,9999/01/22 07:50,あり,9999/01/22,発電設備作業,2022/01/20 14:56,removed,outages_20260917_132835.csv,outages_20260917_183953.csv,17/09/2026 13:28,17/09/2026 18:39
関西,関西電力株式会社,65C00,奥吉野発電所,水力,２号機,201000,計画停止,,,9999/01/22 07:50,あり,9999/01/22,発電設備作業,2022/01/20 14:56,removed,outages_20260917_132835.csv,outages_20260917_183953.csv,17/09/2026 13:28,17/09/2026 18:39
関西,関西電力株式会社,65C00,奥吉野発電所,水力,３号機,201000,計画停止,,,9999/01/22 07:50,あり,9999/01/22,発電設備作業,2022/01/20 14:55,removed,outages_20260917_132835.csv,outages_20260917_183953.csv,17/09/2026 13:28,17/09/2026 18:39
関西,関西電力株式会社,65C00,奥吉野発電所,水力,４号機,201000,計画停止,,,9999/01/22 07:50,あり,9999/01/22,発電設備作業,2022/01/20 14:55,removed,outages_20260917_132835.csv,outages_20260917_183953.csv,17/09/2026 13:28,17/09/2026 18:39
関西,関西電力株式会社,65C00,奥吉野発電所,水力,２号機,201000,計画停止,,,9999/01/22 17:00,あり,9999/01/22,発電設備作業,2022/01/20 14:53,removed,outages_20260917_132835.csv,outages_20260917_183953.csv,17/09/2026 13:28,17/09/2026 18:39
関西,関西電力株式会社,65C00,奥吉野発電所,水力,３号機,201000,計画停止,,,9999/01/22 17:00,あり,9999/01/22,発電設備作業,2022/01/20 14:52,removed,outages_20260917_132835.csv,outages_20260917_183953.csv,17/09/2026 13:28,17/09/2026 18:39
関西,関西電力株式会社,65C00,奥吉野発電所,水力,６号機,201000,計画停止,,,9999/01/22 09:00,あり,9999/01/22,発電設備作業,2022/01/20 14:41,removed,outages_20260917_132835.csv,outages_20260917_183953.csv,17/09/2026 13:28,17/09/2026 18:39
関西,関西電力株式会社,65C00,奥吉野発電所,水力,６号機,201000,計画停止,,,9999/01/22 17:00,あり,9999/01/22,発電設備作業,2022/01/20 14:33,removed,outages_20260917_132835.csv,outages_20260917_183953.csv,17/09/2026 13:28,17/09/2026 18:39
関西,関西電力株式会社,65C00,奥吉野発電所,水力,２号機,201000,計画停止,,,9999/01/22 20:00,あり,9999/01/22,発電設備作業,2022/01/20 14:32,removed,outages_20260917_132835.csv,outages_20260917_183953.csv,17/09/2026 13:28,17/09/2026 18:39
関西,関西電力株式会社,65C00,奥吉野発電所,水力,３号機,201000,計画停止,,,9999/01/22 20:00,あり,9999/01/22,発電設備作業,2022/01/20 14:31,removed,outages_20260917_132835.csv,outages_20260917_183953.csv,17/09/2026 13:28,17/09/2026 18:39
関西,関西電力株式会社,65C00,奥吉野発電所,水力,６号機,201000,計画停止,,,9999/01/22 20:00,あり,9999/01/22,発電設備作業,2022/01/20 14:29,removed,outages_20260917_132835.csv,outages_20260917_183953.csv,17/09/2026 13:28,17/09/2026 18:39
関西,関西電力株式会社,63D03,大河内発電所,水力,２号機,320000,計画停止,,,9999/02/21 09:00,あり,9999/02/22,発電機作業のため,2021/12/27 21:33,removed,outages_20260917_132835.csv,outages_20260917_183953.csv,17/09/2026 13:28,17/09/2026 18:39
関西,関西電力株式会社,63D03,大河内発電所,水力,４号機,320000,計画停止,,,9999/02/02 16:00,あり,9999/02/02,発電機作業,2021/12/27 21:27,removed,outages_20260917_132835.csv,outages_20260917_183953.csv,17/09/2026 13:28,17/09/2026 18:39
関西,関西電力株式会社,68E00,奥多々良木発電所,水力,４号機,303000,計画停止,,,9999/02/04 23:59,あり,9999/02/04,,2021/11/12 17:51,removed,outages_20260917_132835.csv,outages_20260917_183953.csv,17/09/2026 13:28,17/09/2026 18:39
関西,関西電力株式会社,68E00,奥多々良木発電所,水力,４号機,303000,計画停止,,,9999/02/03 23:59,あり,9999/02/03,,2021/11/12 17:50,removed,outages_20260917_132835.csv,outages_20260917_183953.csv,17/09/2026 13:28,17/09/2026 18:39
関西,関西電力株式会社,68E00,奥多々良木発電所,水力,４号機,303000,計画停止,,,9999/02/02 23:59,あり,9999/02/02,,2021/11/12 17:49,removed,outages_20260917_132835.csv,outages_20260917_183953.csv,17/09/2026 13:28,17/09/2026 18:39
関西,関西電力株式会社,68E00,奥多々良木発電所,水力,２号機,303000,計画停止,,,9999/02/07 23:59,あり,9999/03/04,,2021/11/12 17:48,removed,outages_20260917_132835.csv,outages_20260917_183953.csv,17/09/2026 13:28,17/09/2026 18:39
関西,関西電力株式会社,68E00,奥多々良木発電所,水力,２号機,303000,計画停止,,,9999/02/07 23:59,あり,9999/02/07,,2021/11/12 17:47,removed,outages_20260917_132835.csv,outages_20260917_183953.csv,17/09/2026 13:28,17/09/2026 18:39
関西,関西電力株式会社,68E00,奥多々良木発電所,水力,２号機,303000,計画停止,,,9999/02/04 23:59,あり,9999/02/04,,2021/11/12 17:46,removed,outages_20260917_132835.csv,outages_20260917_183953.csv,17/09/2026 13:28,17/09/2026 18:39
関西,関西電力株式会社,68E00,奥多々良木発電所,水力,２号機,303000,計画停止,,,9999/02/03 23:59,あり,9999/02/03,,2021/11/12 17:45,removed,outages_20260917_132835.csv,outages_20260917_183953.csv,17/09/2026 13:28,17/09/2026 18:39
関西,関西電力株式会社,68E00,奥多々良木発電所,水力,２号機,303000,計画停止,,,9999/02/02 23:59,あり,9999/02/02,,2021/11/12 17:44,removed,outages_20260917_132835.csv,outages_20260917_183953.csv,17/09/2026 13:28,17/09/2026 18:39
関西,関西電力株式会社,68E00,奥多々良木発電所,水力,２号機,303000,計画停止,,,9999/02/01 23:59,あり,9999/02/01,,2021/11/12 17:44,removed,outages_20260917_132835.csv,outages_20260917_183953.csv,17/09/2026 13:28,17/09/2026 18:39
関西,関西電力株式会社,68E00,奥多々良木発電所,水力,１号機,303000,計画停止,,,9999/02/07 23:59,あり,9999/02/07,,2021/11/12 17:42,removed,outages_20260917_132835.csv,outages_20260917_183953.csv,17/09/2026 13:28,17/09/2026 18:39
関西,関西電力株式会社,68E00,奥多々良木発電所,水力,１号機,303000,計画停止,,,9999/02/02 23:59,あり,9999/02/04,,2021/11/12 17:41,removed,outages_20260917_132835.csv,outages_20260917_183953.csv,17/09/2026 13:28,17/09/2026 18:39
関西,関西電力株式会社,68E00,奥多々良木発電所,水力,６号機,360000,計画停止,,,9999/01/17 23:59,あり,9999/01/17,,2021/10/27 21:21,removed,outages_20260917_132835.csv,outages_20260917_183953.csv,17/09/2026 13:28,17/09/2026 18:39
関西,関西電力株式会社,68E00,奥多々良木発電所,水力,６号機,360000,計画停止,,,9999/01/17 23:59,あり,9999/01/17,,2021/10/27 21:20,removed,outages_20260917_132835.csv,outages_20260917_183953.csv,17/09/2026 13:28,17/09/2026 18:39
関西,関西電力株式会社,68E00,奥多々良木発電所,水力,５号機,360000,計画停止,,,9999/01/17 23:59,あり,9999/01/17,,2021/10/27 21:19,removed,outages_20260917_132835.csv,outages_20260917_183953.csv,17/09/2026 13:28,17/09/2026 18:39
関西,関西電力株式会社,68E00,奥多々良木発電所,水力,５号機,360000,計画停止,,,9999/01/17 23:59,あり,9999/01/17,,2021/10/27 21:18,removed,outages_20260917_132835.csv,outages_20260917_183953.csv,17/09/2026 13:28,17/09/2026 18:39
関西,関西電力株式会社,68E00,奥多々良木発電所,水力,４号機,303000,計画停止,,,9999/01/17 23:59,あり,9999/01/17,,2021/10/27 21:14,removed,outages_20260917_132835.csv,outages_20260917_183953.csv,17/09/2026 13:28,17/09/2026 18:39
関西,関西電力株式会社,62A45,堺港発電所,火力（ガス）,５号機,400000,出力低下,,123000,9999/10/18 08:00,あり,9999/10/22,,2021/10/17 04:40,removed,outages_20260917_132835.csv,outages_20260917_183953.csv,17/09/2026 13:28,17/09/2026 18:39
関西,関西電力株式会社,63D03,大河内発電所,水力,４号機,320000,計画停止,,,9999/09/26 09:00,あり,9999/09/26,,2021/09/22 15:10,removed,outages_20260917_132835.csv,outages_20260917_183953.csv,17/09/2026 13:28,17/09/2026 18:39
関西,関西電力株式会社,63D03,大河内発電所,水力,４号機,320000,計画停止,,,9999/09/23 09:00,あり,9999/09/23,,2021/09/16 13:24,removed,outages_20260917_132835.csv,outages_20260917_183953.csv,17/09/2026 13:28,17/09/2026 18:39
関西,関西電力株式会社,63D03,大河内発電所,水力,４号機,320000,計画停止,,,9999/09/22 09:00,あり,9999/09/22,,2021/09/16 13:23,removed,outages_20260917_132835.csv,outages_20260917_183953.csv,17/09/2026 13:28,17/09/2026 18:39
関西,関西電力株式会社,63D03,大河内発電所,水力,４号機,320000,計画停止,,,9999/11/19 23:59,あり,9999/11/19,,2021/08/27 11:42,removed,outages_20260917_132835.csv,outages_20260917_183953.csv,17/09/2026 13:28,17/09/2026 18:39
関西,関西電力株式会社,63D03,大河内発電所,水力,４号機,320000,計画停止,,,9999/11/19 23:59,あり,9999/11/19,,2021/08/27 11:42,removed,outages_20260917_132835.csv,outages_20260917_183953.csv,17/09/2026 13:28,17/09/2026 18:39
関西,関西電力株式会社,63D03,大河内発電所,水力,４号機,320000,計画停止,,,9999/11/18 23:59,あり,9999/11/18,,2021/08/27 11:42,removed,outages_20260917_132835.csv,outages_20260917_183953.csv,17/09/2026 13:28,17/09/2026 18:39
関西,関西電力株式会社,63D03,大河内発電所,水力,２号機,320000,計画停止,,,9999/11/19 23:59,あり,9999/11/19,,2021/08/27 11:41,removed,outages_20260917_132835.csv,outages_20260917_183953.csv,17/09/2026 13:28,17/09/2026 18:39
関西,関西電力株式会社,63D03,大河内発電所,水力,２号機,320000,計画停止,,,9999/11/19 23:59,あり,9999/11/19,,2021/08/27 11:41,removed,outages_20260917_132835.csv,outages_20260917_183953.csv,17/09/2026 13:28,17/09/2026 18:39
関西,関西電力株式会社,63D03,大河内発電所,水力,２号機,320000,計画停止,,,9999/11/18 23:59,あり,9999/11/18,,2021/08/27 11:41,removed,outages_20260917_132835.csv,outages_20260917_183953.csv,17/09/2026 13:28,17/09/2026 18:39
関西,関西電力株式会社,63D03,大河内発電所,水力,４号機,320000,計画停止,,,9999/08/08 09:30,あり,9999/08/08,,2021/08/06 22:49,removed,outages_20260917_132835.csv,outages_20260917_183953.csv,17/09/2026 13:28,17/09/2026 18:39
関西,関西電力株式会社,63D03,大河内発電所,水力,２号機,320000,計画停止,,,9999/08/08 09:30,あり,9999/08/08,,2021/08/06 22:48,removed,outages_20260917_132835.csv,outages_20260917_183953.csv,17/09/2026 13:28,17/09/2026 18:39
北陸,関西電力株式会社,60C10,下小鳥発電所,水力,単独,142000,計画停止,,,9999/07/21 23:59,あり,9999/07/21,,2021/07/19 17:44,removed,outages_20260917_132835.csv,outages_20260917_183953.csv,17/09/2026 13:28,17/09/2026 18:39
関西,関西電力株式会社,68E00,奥多々良木発電所,水力,６号機,360000,計画停止,,,9999/03/22 23:59,あり,9999/03/22,,2021/07/15 18:51,removed,outages_20260917_132835.csv,outages_20260917_183953.csv,17/09/2026 13:28,17/09/2026 18:39
関西,関西電力株式会社,68E00,奥多々良木発電所,水力,６号機,360000,計画停止,,,9999/03/17 23:59,あり,9999/03/17,,2021/07/15 18:49,removed,outages_20260917_132835.csv,outages_20260917_183953.csv,17/09/2026 13:28,17/09/2026 18:39
関西,関西電力株式会社,68E00,奥多々良木発電所,水力,５号機,360000,計画停止,,,9999/03/22 23:59,あり,9999/03/22,,2021/07/15 18:46,removed,outages_20260917_132835.csv,outages_20260917_183953.csv,17/09/2026 13:28,17/09/2026 18:39
関西,関西電力株式会社,68E00,奥多々良木発電所,水力,５号機,360000,計画停止,,,9999/03/17 23:59,あり,9999/03/17,,2021/07/15 18:44,removed,outages_20260917_132835.csv,outages_20260917_183953.csv,17/09/2026 13:28,17/09/2026 18:39
関西,関西電力株式会社,68E00,奥多々良木発電所,水力,４号機,303000,計画停止,,,9999/03/14 23:59,あり,9999/03/14,,2021/07/15 18:42,removed,outages_20260917_132835.csv,outages_20260917_183953.csv,17/09/2026 13:28,17/09/2026 18:39
関西,関西電力株式会社,68E00,奥多々良木発電所,水力,４号機,303000,計画停止,,,9999/03/10 23:59,あり,9999/03/10,,2021/07/15 18:39,removed,outages_20260917_132835.csv,outages_20260917_183953.csv,17/09/2026 13:28,17/09/2026 18:39
関西,関西電力株式会社,68E00,奥多々良木発電所,水力,２号機,303000,計画停止,,,9999/03/14 23:59,あり,9999/03/14,,2021/07/15 18:37,removed,outages_20260917_132835.csv,outages_20260917_183953.csv,17/09/2026 13:28,17/09/2026 18:39
関西,関西電力株式会社,68E00,奥多々良木発電所,水力,２号機,303000,計画停止,,,9999/03/10 23:59,あり,9999/03/10,,2021/07/15 18:35,removed,outages_20260917_132835.csv,outages_20260917_183953.csv,17/09/2026 13:28,17/09/2026 18:39
関西,関西電力株式会社,68E00,奥多々良木発電所,水力,１号機,303000,計画停止,,,9999/03/14 23:59,あり,9999/03/14,,2021/07/15 18:29,removed,outages_20260917_132835.csv,outages_20260917_183953.csv,17/09/2026 13:28,17/09/2026 18:39
関西,関西電力株式会社,68E00,奥多々良木発電所,水力,１号機,303000,計画停止,,,9999/03/10 23:59,あり,9999/03/10,,2021/07/15 18:27,removed,outages_20260917_132835.csv,outages_20260917_183953.csv,17/09/2026 13:28,17/09/2026 18:39
関西,関西電力株式会社,68E00,奥多々良木発電所,水力,１号機,303000,計画停止,,,9999/03/07 23:59,あり,9999/03/07,,2021/07/15 18:25,removed,outages_20260917_132835.csv,outages_20260917_183953.csv,17/09/2026 13:28,17/09/2026 18:39
関西,関西電力株式会社,63B53,大飯発電所,原子力,３号機,1180000,計画停止,,,9999/12/01 23:59,あり,9999/12/01,,2021/07/02 15:47,removed,outages_20260917_132835.csv,outages_20260917_183953.csv,17/09/2026 13:28,17/09/2026 18:39
関西,関西電力株式会社,63D03,大河内発電所,水力,２号機,320000,計画停止,,,9999/07/06 23:59,あり,9999/07/06,,2021/06/30 13:25,removed,outages_20260917_132835.csv,outages_20260917_183953.csv,17/09/2026 13:28,17/09/2026 18:39
関西,関西電力株式会社,68E00,奥多々良木発電所,水力,１号機,303000,計画停止,,,9999/06/02 23:59,あり,9999/06/02,,2021/06/01 18:53,removed,outages_20260917_132835.csv,outages_20260917_183953.csv,17/09/2026 13:28,17/09/2026 18:39
関西,関西電力株式会社,68E00,奥多々良木発電所,水力,１号機,303000,計画停止,,,9999/05/30 09:00,あり,9999/05/30,,2021/05/27 14:01,removed,outages_20260917_132835.csv,outages_20260917_183953.csv,17/09/2026 13:28,17/09/2026 18:39
関西,関西電力株式会社,68E00,奥多々良木発電所,水力,１号機,303000,計画停止,,,9999/05/29 09:00,あり,9999/05/29,,2021/05/27 14:00,removed,outages_20260917_132835.csv,outages_20260917_183953.csv,17/09/2026 13:28,17/09/2026 18:39
関西,関西電力株式会社,68E00,奥多々良木発電所,水力,６号機,360000,計画停止,,,9999/08/25 23:59,あり,9999/08/25,,2021/05/27 12:17,removed,outages_20260917_132835.csv,outages_20260917_183953.csv,17/09/2026 13:28,17/09/2026 18:39
関西,関西電力株式会社,68E00,奥多々良木発電所,水力,６号機,360000,計画停止,,,9999/08/24 23:59,あり,9999/08/24,,2021/05/27 12:15,removed,outages_20260917_132835.csv,outages_20260917_183953.csv,17/09/2026 13:28,17/09/2026 18:39
関西,関西電力株式会社,68E00,奥多々良木発電所,水力,６号機,360000,計画停止,,,9999/08/22 23:59,あり,9999/08/22,,2021/05/27 12:11,removed,outages_20260917_132835.csv,outages_20260917_183953.csv,17/09/2026 13:28,17/09/2026 18:39
関西,関西電力株式会社,68E00,奥多々良木発電所,水力,６号機,360000,計画停止,,,9999/08/21 23:59,あり,9999/08/21,,2021/05/27 12:08,removed,outages_20260917_132835.csv,outages_20260917_183953.csv,17/09/2026 13:28,17/09/2026 18:39
関西,関西電力株式会社,68E00,奥多々良木発電所,水力,６号機,360000,計画停止,,,9999/08/18 23:59,あり,9999/08/18,,2021/05/27 12:06,removed,outages_20260917_132835.csv,outages_20260917_183953.csv,17/09/2026 13:28,17/09/2026 18:39
関西,関西電力株式会社,68E00,奥多々良木発電所,水力,６号機,360000,計画停止,,,9999/08/17 23:59,あり,9999/08/17,,2021/05/27 12:04,removed,outages_20260917_132835.csv,outages_20260917_183953.csv,17/09/2026 13:28,17/09/2026 18:39
関西,関西電力株式会社,68E00,奥多々良木発電所,水力,６号機,360000,計画停止,,,9999/08/15 23:59,あり,9999/08/15,,2021/05/27 12:00,removed,outages_20260917_132835.csv,outages_20260917_183953.csv,17/09/2026 13:28,17/09/2026 18:39
関西,関西電力株式会社,68E00,奥多々良木発電所,水力,６号機,360000,計画停止,,,9999/08/06 23:59,あり,9999/08/06,,2021/05/27 11:56,removed,outages_20260917_132835.csv,outages_20260917_183953.csv,17/09/2026 13:28,17/09/2026 18:39
関西,関西電力株式会社,68E00,奥多々良木発電所,水力,６号機,360000,計画停止,,,9999/08/05 23:59,あり,9999/08/05,,2021/05/27 11:54,removed,outages_20260917_132835.csv,outages_20260917_183953.csv,17/09/2026 13:28,17/09/2026 18:39
関西,関西電力株式会社,68E00,奥多々良木発電所,水力,６号機,360000,計画停止,,,9999/08/01 23:59,あり,9999/08/01,,2021/05/27 11:46,removed,outages_20260917_132835.csv,outages_20260917_183953.csv,17/09/2026 13:28,17/09/2026 18:39
関西,関西電力株式会社,68E00,奥多々良木発電所,水力,２号機,303000,計画停止,,,9999/05/23 09:00,あり,9999/05/23,,2021/05/22 23:17,removed,outages_20260917_132835.csv,outages_20260917_183953.csv,17/09/2026 13:28,17/09/2026 18:39
関西,関西電力株式会社,63D41,舞鶴発電所,火力（石炭）,１号機,900000,出力低下,,450000,9999/05/02 23:59,あり,9999/05/02,点検,2021/04/23 10:28,removed,outages_20260917_132835.csv,outages_20260917_183953.csv,17/09/2026 13:28,17/09/2026 18:39
関西,関西電力株式会社,63D41,舞鶴発電所,火力（石炭）,１号機,900000,出力低下,,450000,9999/05/01 23:59,あり,9999/05/01,点検,2021/04/23 10:27,removed,outages_20260917_132835.csv,outages_20260917_183953.csv,17/09/2026 13:28,17/09/2026 18:39
関西,関西電力株式会社,68C45,姫路第二発電所,火力（ガス）,５号機,486500,計画停止,,,9999/04/07 23:59,あり,9999/04/07,,2021/04/05 16:30,removed,outages_20260917_132835.csv,outages_20260917_183953.csv,17/09/2026 13:28,17/09/2026 18:39
関西,関西電力株式会社,68C45,姫路第二発電所,火力（ガス）,５号機,486500,計画停止,,,9999/04/07 23:59,あり,9999/04/07,,2021/04/05 15:19,removed,outages_20260917_132835.csv,outages_20260917_183953.csv,17/09/2026 13:28,17/09/2026 18:39
関西,関西電力株式会社,68C46,姫路第二発電所,火力（ガス）,６号機,486500,計画停止,,,9999/04/09 23:59,あり,9999/04/09,,2021/04/05 15:19,removed,outages_20260917_132835.csv,outages_20260917_183953.csv,17/09/2026 13:28,17/09/2026 18:39
関西,関西電力株式会社,67C43,御坊発電所,火力（石油）,３号機,600000,計画停止,,,9999/04/01 23:59,あり,9999/04/01,,2021/03/30 13:45,removed,outages_20260917_132835.csv,outages_20260917_183953.csv,17/09/2026 13:28,17/09/2026 18:39
関西,関西電力株式会社,68E00,奥多々良木発電所,水力,１号機,303000,計画停止,,,9999/03/08 23:59,あり,9999/03/08,,2021/03/04 17:58,removed,outages_20260917_132835.csv,outages_20260917_183953.csv,17/09/2026 13:28,17/09/2026 18:39
関西,関西電力株式会社,68E00,奥多々良木発電所,水力,１号機,303000,計画停止,,,9999/03/09 23:59,あり,9999/03/09,,2021/03/04 17:58,removed,outages_20260917_132835.csv,outages_20260917_183953.csv,17/09/2026 13:28,17/09/2026 18:39
関西,関西電力株式会社,68E00,奥多々良木発電所,水力,１号機,303000,計画停止,,,9999/03/07 23:59,あり,9999/03/07,,2021/03/04 17:57,removed,outages_20260917_132835.csv,outages_20260917_183953.csv,17/09/2026 13:28,17/09/2026 18:39
関西,関西電力株式会社,68E00,奥多々良木発電所,水力,４号機,303000,計画停止,,,9999/03/08 23:59,あり,9999/03/08,,2021/03/04 14:38,removed,outages_20260917_132835.csv,outages_20260917_183953.csv,17/09/2026 13:28,17/09/2026 18:39
関西,関西電力株式会社,68E00,奥多々良木発電所,水力,４号機,303000,計画停止,,,9999/03/07 23:59,あり,9999/03/07,,2021/03/04 14:38,removed,outages_20260917_132835.csv,outages_20260917_183953.csv,17/09/2026 13:28,17/09/2026 18:39
関西,関西電力株式会社,68E00,奥多々良木発電所,水力,４号機,303000,計画停止,,,9999/03/06 23:59,あり,9999/03/06,,2021/03/04 14:38,removed,outages_20260917_132835.csv,outages_20260917_183953.csv,17/09/2026 13:28,17/09/2026 18:39
関西,関西電力株式会社,63D03,大河内発電所,水力,２号機,320000,計画停止,,,9999/10/24 23:59,あり,9999/10/24,,2021/02/26 09:42,removed,outages_20260917_132835.csv,outages_20260917_183953.csv,17/09/2026 13:28,17/09/2026 18:39
関西,関西電力株式会社,68E00,奥多々良木発電所,水力,４号機,303000,計画停止,,,9999/03/03 23:59,あり,9999/03/03,,2021/02/25 13:05,removed,outages_20260917_132835.csv,outages_20260917_183953.csv,17/09/2026 13:28,17/09/2026 18:39
関西,関西電力株式会社,68E00,奥多々良木発電所,水力,４号機,303000,計画停止,,,9999/03/05 23:59,あり,9999/03/05,,2021/02/25 13:04,removed,outages_20260917_132835.csv,outages_20260917_183953.csv,17/09/2026 13:28,17/09/2026 18:39
関西,関西電力株式会社,68E00,奥多々良木発電所,水力,４号機,303000,計画停止,,,9999/03/01 23:59,あり,9999/03/01,,2021/02/25 13:04,removed,outages_20260917_132835.csv,outages_20260917_183953.csv,17/09/2026 13:28,17/09/2026 18:39
関西,関西電力株式会社,68E00,奥多々良木発電所,水力,２号機,303000,計画停止,,,9999/03/05 23:59,あり,9999/03/09,,2021/02/25 11:54,removed,outages_20260917_132835.csv,outages_20260917_183953.csv,17/09/2026 13:28,17/09/2026 18:39
関西,関西電力株式会社,68E00,奥多々良木発電所,水力,２号機,303000,計画停止,,,9999/03/02 23:59,あり,9999/03/02,,2021/02/25 11:53,removed,outages_20260917_132835.csv,outages_20260917_183953.csv,17/09/2026 13:28,17/09/2026 18:39
関西,関西電力株式会社,68E00,奥多々良木発電所,水力,２号機,303000,計画停止,,,9999/03/03 23:59,あり,9999/03/03,,2021/02/25 11:52,removed,outages_20260917_132835.csv,outages_20260917_183953.csv,17/09/2026 13:28,17/09/2026 18:39
関西,関西電力株式会社,68E00,奥多々良木発電所,水力,２号機,303000,計画停止,,,9999/03/04 23:59,あり,9999/03/04,,2021/02/25 11:52,removed,outages_20260917_132835.csv,outages_20260917_183953.csv,17/09/2026 13:28,17/09/2026 18:39
関西,関西電力株式会社,68E00,奥多々良木発電所,水力,４号機,303000,計画停止,,,9999/03/02 23:59,あり,9999/03/02,,2021/02/25 11:51,removed,outages_20260917_132835.csv,outages_20260917_183953.csv,17/09/2026 13:28,17/09/2026 18:39
関西,関西電力株式会社,68E00,奥多々良木発電所,水力,１号機,303000,計画停止,,,9999/03/05 23:59,あり,9999/03/05,,2021/02/25 11:49,removed,outages_20260917_132835.csv,outages_20260917_183953.csv,17/09/2026 13:28,17/09/2026 18:39
関西,関西電力株式会社,65C00,奥吉野発電所,水力,２号機,201000,計画停止,,,9999/03/01 23:59,あり,9999/03/01,,2021/02/25 10:29,removed,outages_20260917_132835.csv,outages_20260917_183953.csv,17/09/2026 13:28,17/09/2026 18:39
関西,関西電力株式会社,63D03,大河内発電所,水力,４号機,320000,計画停止,,,9999/03/19 23:59,あり,9999/03/19,,2021/01/26 16:14,removed,outages_20260917_132835.csv,outages_20260917_183953.csv,17/09/2026 13:28,17/09/2026 18:39
関西,関西電力株式会社,67C43,御坊発電所,火力（石油）,３号機,600000,計画停止,,,9999/01/17 23:59,あり,9999/01/17,,2021/01/14 17:28,removed,outages_20260917_132835.csv,outages_20260917_183953.csv,17/09/2026 13:28,17/09/2026 18:39
関西,関西電力株式会社,63D03,大河内発電所,水力,２号機,320000,計画停止,,,9999/03/11 09:00,あり,9999/03/12,,2020/12/23 20:13,removed,outages_20260917_132835.csv,outages_20260917_183953.csv,17/09/2026 13:28,17/09/2026 18:39
関西,関西電力株式会社,63D41,舞鶴発電所,火力（石炭）,１号機,900000,計画停止,,,9999/03/26 00:00,あり,9999/03/26,,2020/12/23 19:57,removed,outages_20260917_132835.csv,outages_20260917_183953.csv,17/09/2026 13:28,17/09/2026 18:39
関西,関西電力株式会社,63D54,高浜発電所,原子力,４号機,870000,計画停止,,,9999/02/10 23:59,あり,9999/02/10,,2020/12/21 17:27,removed,outages_20260917_132835.csv,outages_20260917_183953.csv,17/09/2026 13:28,17/09/2026 18:39
関西,関西電力株式会社,63D53,高浜発電所,原子力,３号機,870000,計画停止,,,9999/12/22 23:59,あり,9999/12/22,,2020/12/15 18:17,removed,outages_20260917_132835.csv,outages_20260917_183953.csv,17/09/2026 13:28,17/09/2026 18:39
関西,関西電力株式会社,68E00,奥多々良木発電所,水力,１号機,303000,計画停止,,,9999/02/11 23:59,あり,9999/02/11,,2020/11/27 15:50,removed,outages_20260917_132835.csv,outages_20260917_183953.csv,17/09/2026 13:28,17/09/2026 18:39
関西,関西電力株式会社,63D54,高浜発電所,原子力,４号機,870000,計画停止,,,9999/01/25 23:59,あり,9999/01/25,,2020/11/27 15:48,removed,outages_20260917_132835.csv,outages_20260917_183953.csv,17/09/2026 13:28,17/09/2026 18:39
関西,関西電力株式会社,68E00,奥多々良木発電所,水力,１号機,303000,計画停止,,,9999/01/26 23:59,あり,9999/01/26,,2020/11/27 14:41,removed,outages_20260917_132835.csv,outages_20260917_183953.csv,17/09/2026 13:28,17/09/2026 18:39
関西,関西電力株式会社,68E00,奥多々良木発電所,水力,１号機,303000,計画停止,,,9999/01/26 23:59,あり,9999/01/26,,2020/11/27 14:39,removed,outages_20260917_132835.csv,outages_20260917_183953.csv,17/09/2026 13:28,17/09/2026 18:39
関西,関西電力株式会社,63D03,大河内発電所,水力,４号機,320000,計画停止,,,9999/01/26 23:59,あり,9999/01/26,,2020/11/27 14:39,removed,outages_20260917_132835.csv,outages_20260917_183953.csv,17/09/2026 13:28,17/09/2026 18:39
関西,関西電力株式会社,68E00,奥多々良木発電所,水力,２号機,303000,計画停止,,,9999/01/26 23:59,あり,9999/01/26,,2020/11/27 14:35,removed,outages_20260917_132835.csv,outages_20260917_183953.csv,17/09/2026 13:28,17/09/2026 18:39
関西,関西電力株式会社,68E00,奥多々良木発電所,水力,２号機,303000,計画停止,,,9999/01/26 23:59,あり,9999/01/26,,2020/11/27 14:34,removed,outages_20260917_132835.csv,outages_20260917_183953.csv,17/09/2026 13:28,17/09/2026 18:39
関西,関西電力株式会社,68E00,奥多々良木発電所,水力,２号機,303000,計画停止,,,9999/01/26 23:59,あり,9999/01/26,,2020/11/27 14:32,removed,outages_20260917_132835.csv,outages_20260917_183953.csv,17/09/2026 13:28,17/09/2026 18:39
関西,関西電力株式会社,68E00,奥多々良木発電所,水力,２号機,303000,計画停止,,,9999/01/26 23:59,あり,9999/01/26,,2020/11/27 14:30,removed,outages_20260917_132835.csv,outages_20260917_183953.csv,17/09/2026 13:28,17/09/2026 18:39
関西,関西電力株式会社,68E00,奥多々良木発電所,水力,２号機,303000,計画停止,,,9999/01/26 23:59,あり,9999/01/26,,2020/11/27 14:28,removed,outages_20260917_132835.csv,outages_20260917_183953.csv,17/09/2026 13:28,17/09/2026 18:39
関西,関西電力株式会社,68E00,奥多々良木発電所,水力,２号機,303000,計画停止,,,9999/01/26 23:59,あり,9999/01/26,,2020/11/27 14:27,removed,outages_20260917_132835.csv,outages_20260917_183953.csv,17/09/2026 13:28,17/09/2026 18:39
関西,関西電力株式会社,68E00,奥多々良木発電所,水力,２号機,303000,計画停止,,,9999/01/26 23:59,あり,9999/01/26,,2020/11/27 14:25,removed,outages_20260917_132835.csv,outages_20260917_183953.csv,17/09/2026 13:28,17/09/2026 18:39
関西,関西電力株式会社,65C00,奥吉野発電所,水力,２号機,201000,計画停止,,,9999/01/15 23:59,あり,9999/01/15,,2020/11/27 14:25,removed,outages_20260917_132835.csv,outages_20260917_183953.csv,17/09/2026 13:28,17/09/2026 18:39
関西,関西電力株式会社,63D03,大河内発電所,水力,４号機,320000,計画停止,,,9999/01/20 23:59,あり,9999/01/20,,2020/11/27 14:22,removed,outages_20260917_132835.csv,outages_20260917_183953.csv,17/09/2026 13:28,17/09/2026 18:39
関西,関西電力株式会社,63D03,大河内発電所,水力,２号機,320000,計画停止,,,9999/02/16 23:59,あり,9999/02/16,,2020/11/27 14:22,removed,outages_20260917_132835.csv,outages_20260917_183953.csv,17/09/2026 13:28,17/09/2026 18:39
関西,関西電力株式会社,63D03,大河内発電所,水力,１号機,320000,計画停止,,,9999/02/17 23:59,あり,9999/02/17,,2020/11/27 14:21,removed,outages_20260917_132835.csv,outages_20260917_183953.csv,17/09/2026 13:28,17/09/2026 18:39
関西,関西電力株式会社,63D03,大河内発電所,水力,１号機,320000,計画停止,,,9999/02/16 23:59,あり,9999/02/16,,2020/11/27 14:21,removed,outages_20260917_132835.csv,outages_20260917_183953.csv,17/09/2026 13:28,17/09/2026 18:39
