エリア,発電事業者,発電所コード,発電所名,発電形式,ユニット名,認可出力,停止区分,種別,低下量,停止日時,復旧見通し,復旧予定日,停止原因,最終更新日時,change_type,earlier_file,later_file,as_of_datetime,data_load_datetime
中国,中国電力株式会社,76301,玉島発電所第１号機,火力（ガス）,１号機,350000,計画停止,停止・定期検査等,,2026/03/01 00:00,なし,,定期点検,2026/07/03 17:32,added,outages_20260703_165847.csv,outages_20260703_181624.csv,03/07/2026 17:32,03/07/2026 18:16
中国,中国電力株式会社,76301,玉島発電所第１号機,火力（ガス）,１号機,350000,出力低下,低下・その他,284446,2099/07/06 12:00,あり,2099/07/14,定期点検試運転 最大低下量：350000kW 最小低下量：0kW,2026/07/03 17:32,added,outages_20260703_165847.csv,outages_20260703_181624.csv,03/07/2026 17:32,03/07/2026 18:16
関西,関西電力株式会社,68E00,奥多々良木発電所,水力,６号機,360000,計画停止,停止・その他,,2026/07/06 13:00,あり,2026/07/06,試運転,2026/07/03 17:32,added,outages_20260703_165847.csv,outages_20260703_181624.csv,03/07/2026 17:32,03/07/2026 18:16
中国,中国電力株式会社,76311,玉島発電所第２号機,火力（石油）,２号機,350000,計画停止,停止・その他,,2026/06/29 18:30,あり,2026/07/03,他号機試運転実施に伴う運用制約,2026/07/03 17:30,added,outages_20260703_165847.csv,outages_20260703_181624.csv,03/07/2026 17:30,03/07/2026 18:16
中国,中国電力株式会社,76310,玉島発電所第３号機,火力（石油）,３号機,500000,計画停止,停止・その他,,2026/06/29 18:30,あり,2026/07/03,他号機試運転実施に伴う運用制約,2026/07/03 17:27,added,outages_20260703_165847.csv,outages_20260703_181624.csv,03/07/2026 17:27,03/07/2026 18:16
東京,東京電力リニューアブルパワー株式会社,31203,神流川発電所,水力,2号機,470000,計画停止,停止・その他,,2028/12/01 09:00,あり,2028/12/01,試験に伴う出力指定,2026/07/03 17:17,added,outages_20260703_165847.csv,outages_20260703_181624.csv,03/07/2026 17:17,03/07/2026 18:16
東京,東京電力リニューアブルパワー株式会社,31203,神流川発電所,水力,2号機,470000,計画停止,停止・その他,,2028/11/12 09:00,あり,2028/12/01,機器点検,2026/07/03 17:17,added,outages_20260703_165847.csv,outages_20260703_181624.csv,03/07/2026 17:17,03/07/2026 18:16
東京,東京電力リニューアブルパワー株式会社,31203,神流川発電所,水力,2号機,470000,計画停止,停止・その他,,2028/11/01 09:00,あり,2028/11/30,送電線作業に伴う発電制約,2026/07/03 17:17,added,outages_20260703_165847.csv,outages_20260703_181624.csv,03/07/2026 17:17,03/07/2026 18:16
東京,東京電力リニューアブルパワー株式会社,31203,神流川発電所,水力,1号機,470000,計画停止,停止・その他,,2028/11/01 09:00,あり,2028/11/30,送電線作業に伴う発電制約,2026/07/03 17:17,added,outages_20260703_165847.csv,outages_20260703_181624.csv,03/07/2026 17:17,03/07/2026 18:16
東京,東京電力リニューアブルパワー株式会社,31203,神流川発電所,水力,2号機,470000,計画停止,停止・その他,,2028/05/22 09:00,あり,2028/05/26,機器点検,2026/07/03 17:17,added,outages_20260703_165847.csv,outages_20260703_181624.csv,03/07/2026 17:17,03/07/2026 18:16
東京,東京電力リニューアブルパワー株式会社,31203,神流川発電所,水力,1号機,470000,計画停止,停止・その他,,2028/05/22 09:00,あり,2028/05/26,機器点検,2026/07/03 17:17,added,outages_20260703_165847.csv,outages_20260703_181624.csv,03/07/2026 17:17,03/07/2026 18:16
東京,東京電力リニューアブルパワー株式会社,31203,神流川発電所,水力,1号機,470000,計画停止,停止・その他,,2028/04/01 09:00,あり,2028/04/23,他号機試験に伴う停止,2026/07/03 17:17,added,outages_20260703_165847.csv,outages_20260703_181624.csv,03/07/2026 17:17,03/07/2026 18:16
東京,東京電力リニューアブルパワー株式会社,31203,神流川発電所,水力,2号機,470000,計画停止,停止・その他,,2028/03/09 09:00,あり,2028/04/23,試験に伴う出力指定,2026/07/03 17:17,added,outages_20260703_165847.csv,outages_20260703_181624.csv,03/07/2026 17:17,03/07/2026 18:16
東京,東京電力リニューアブルパワー株式会社,31203,神流川発電所,水力,1号機,470000,計画停止,停止・その他,,2028/03/09 09:00,あり,2028/04/23,試験に伴う出力指定,2026/07/03 17:17,added,outages_20260703_165847.csv,outages_20260703_181624.csv,03/07/2026 17:17,03/07/2026 18:16
東京,東京電力リニューアブルパワー株式会社,31203,神流川発電所,水力,1号機,470000,計画停止,停止・その他,,2028/01/30 09:00,あり,2028/01/30,試験に伴う出力指定,2026/07/03 17:17,added,outages_20260703_165847.csv,outages_20260703_181624.csv,03/07/2026 17:17,03/07/2026 18:16
東京,東京電力リニューアブルパワー株式会社,31203,神流川発電所,水力,2号機,470000,計画停止,停止・その他,,2027/12/01 09:00,あり,2028/01/30,機器点検,2026/07/03 17:17,added,outages_20260703_165847.csv,outages_20260703_181624.csv,03/07/2026 17:17,03/07/2026 18:16
東京,東京電力リニューアブルパワー株式会社,31203,神流川発電所,水力,1号機,470000,計画停止,停止・その他,,2027/12/01 09:00,あり,2028/01/30,機器点検,2026/07/03 17:17,added,outages_20260703_165847.csv,outages_20260703_181624.csv,03/07/2026 17:17,03/07/2026 18:16
東京,東京電力リニューアブルパワー株式会社,31203,神流川発電所,水力,1号機,470000,計画停止,停止・その他,,2027/12/01 09:00,あり,2028/01/30,機器点検,2026/07/03 17:17,added,outages_20260703_165847.csv,outages_20260703_181624.csv,03/07/2026 17:17,03/07/2026 18:16
東京,東京電力リニューアブルパワー株式会社,31203,神流川発電所,水力,2号機,470000,計画停止,停止・その他,,2027/12/01 09:00,あり,2028/03/09,機器取替・修理,2026/07/03 17:17,added,outages_20260703_165847.csv,outages_20260703_181624.csv,03/07/2026 17:17,03/07/2026 18:16
東京,東京電力リニューアブルパワー株式会社,31203,神流川発電所,水力,2号機,470000,計画停止,停止・その他,,2027/05/17 09:00,あり,2027/05/21,機器点検,2026/07/03 17:17,added,outages_20260703_165847.csv,outages_20260703_181624.csv,03/07/2026 17:17,03/07/2026 18:16
東京,東京電力リニューアブルパワー株式会社,31203,神流川発電所,水力,1号機,470000,計画停止,停止・その他,,2027/05/17 09:00,あり,2027/05/21,機器点検,2026/07/03 17:17,added,outages_20260703_165847.csv,outages_20260703_181624.csv,03/07/2026 17:17,03/07/2026 18:16
東京,東京電力リニューアブルパワー株式会社,31301,新高瀬川発電所,水力,4号機,320000,計画停止,停止・その他,,2029/03/21 09:00,あり,2029/03/29,変電所作業に伴う運用停止,2026/07/03 17:15,added,outages_20260703_165847.csv,outages_20260703_181624.csv,03/07/2026 17:15,03/07/2026 18:16
東京,東京電力リニューアブルパワー株式会社,31301,新高瀬川発電所,水力,3号機,320000,計画停止,停止・その他,,2029/03/21 09:00,あり,2029/03/29,変電所作業に伴う運用停止,2026/07/03 17:15,added,outages_20260703_165847.csv,outages_20260703_181624.csv,03/07/2026 17:15,03/07/2026 18:16
東京,東京電力リニューアブルパワー株式会社,31301,新高瀬川発電所,水力,2号機,320000,計画停止,停止・その他,,2029/02/20 09:00,あり,2029/03/07,変電所作業に伴う運用停止,2026/07/03 17:15,added,outages_20260703_165847.csv,outages_20260703_181624.csv,03/07/2026 17:15,03/07/2026 18:16
東京,東京電力リニューアブルパワー株式会社,31301,新高瀬川発電所,水力,1号機,320000,計画停止,停止・その他,,2029/02/20 09:00,あり,2029/03/07,変電所作業に伴う運用停止,2026/07/03 17:15,added,outages_20260703_165847.csv,outages_20260703_181624.csv,03/07/2026 17:15,03/07/2026 18:16
東京,東京電力リニューアブルパワー株式会社,31301,新高瀬川発電所,水力,4号機,320000,計画停止,停止・その他,,2028/12/05 09:30,あり,2028/12/05,試験に伴う停止,2026/07/03 17:15,added,outages_20260703_165847.csv,outages_20260703_181624.csv,03/07/2026 17:15,03/07/2026 18:16
東京,東京電力リニューアブルパワー株式会社,31301,新高瀬川発電所,水力,3号機,320000,計画停止,停止・その他,,2028/12/05 09:30,あり,2028/12/05,試験に伴う停止,2026/07/03 17:15,added,outages_20260703_165847.csv,outages_20260703_181624.csv,03/07/2026 17:15,03/07/2026 18:16
東京,東京電力リニューアブルパワー株式会社,31301,新高瀬川発電所,水力,2号機,320000,計画停止,停止・その他,,2028/12/05 09:30,あり,2028/12/05,試験に伴う停止,2026/07/03 17:15,added,outages_20260703_165847.csv,outages_20260703_181624.csv,03/07/2026 17:15,03/07/2026 18:16
東京,東京電力リニューアブルパワー株式会社,31301,新高瀬川発電所,水力,1号機,320000,計画停止,停止・その他,,2028/12/05 09:30,あり,2028/12/05,試験に伴う停止,2026/07/03 17:15,added,outages_20260703_165847.csv,outages_20260703_181624.csv,03/07/2026 17:15,03/07/2026 18:16
東京,東京電力リニューアブルパワー株式会社,31301,新高瀬川発電所,水力,1号機,320000,計画停止,停止・その他,,2028/11/17 09:00,あり,2028/11/17,機器点検・修理,2026/07/03 17:15,added,outages_20260703_165847.csv,outages_20260703_181624.csv,03/07/2026 17:15,03/07/2026 18:16
東京,東京電力リニューアブルパワー株式会社,31301,新高瀬川発電所,水力,4号機,320000,計画停止,停止・その他,,2028/11/15 09:00,あり,2028/11/17,他号機停止に伴う停止,2026/07/03 17:15,added,outages_20260703_165847.csv,outages_20260703_181624.csv,03/07/2026 17:15,03/07/2026 18:16
東京,東京電力リニューアブルパワー株式会社,31301,新高瀬川発電所,水力,3号機,320000,計画停止,停止・その他,,2028/11/15 09:00,あり,2028/11/17,他号機停止に伴う停止,2026/07/03 17:15,added,outages_20260703_165847.csv,outages_20260703_181624.csv,03/07/2026 17:15,03/07/2026 18:16
東京,東京電力リニューアブルパワー株式会社,31301,新高瀬川発電所,水力,1号機,320000,計画停止,停止・その他,,2028/11/15 09:00,あり,2028/11/17,他号機停止に伴う停止,2026/07/03 17:15,added,outages_20260703_165847.csv,outages_20260703_181624.csv,03/07/2026 17:15,03/07/2026 18:16
東京,東京電力リニューアブルパワー株式会社,31301,新高瀬川発電所,水力,3号機,320000,計画停止,停止・その他,,2028/11/15 09:00,あり,2028/11/15,機器点検・修理,2026/07/03 17:15,added,outages_20260703_165847.csv,outages_20260703_181624.csv,03/07/2026 17:15,03/07/2026 18:16
東京,東京電力リニューアブルパワー株式会社,31301,新高瀬川発電所,水力,4号機,320000,計画停止,停止・その他,,2028/11/15 09:00,あり,2028/11/16,機器点検・修理,2026/07/03 17:15,added,outages_20260703_165847.csv,outages_20260703_181624.csv,03/07/2026 17:15,03/07/2026 18:16
東京,東京電力リニューアブルパワー株式会社,31301,新高瀬川発電所,水力,4号機,320000,計画停止,停止・その他,,2028/11/14 22:00,あり,2028/11/14,所内切替,2026/07/03 17:15,added,outages_20260703_165847.csv,outages_20260703_181624.csv,03/07/2026 17:15,03/07/2026 18:16
東京,東京電力リニューアブルパワー株式会社,31301,新高瀬川発電所,水力,3号機,320000,計画停止,停止・その他,,2028/11/14 22:00,あり,2028/11/14,所内切替,2026/07/03 17:15,added,outages_20260703_165847.csv,outages_20260703_181624.csv,03/07/2026 17:15,03/07/2026 18:16
東京,東京電力リニューアブルパワー株式会社,31301,新高瀬川発電所,水力,2号機,320000,計画停止,停止・その他,,2028/11/14 22:00,あり,2028/11/14,所内切替,2026/07/03 17:15,added,outages_20260703_165847.csv,outages_20260703_181624.csv,03/07/2026 17:15,03/07/2026 18:16
東京,東京電力リニューアブルパワー株式会社,31301,新高瀬川発電所,水力,1号機,320000,計画停止,停止・その他,,2028/11/14 22:00,あり,2028/11/14,所内切替,2026/07/03 17:15,added,outages_20260703_165847.csv,outages_20260703_181624.csv,03/07/2026 17:15,03/07/2026 18:16
東京,東京電力リニューアブルパワー株式会社,31301,新高瀬川発電所,水力,4号機,320000,計画停止,停止・その他,,2028/11/14 06:00,あり,2028/11/14,所内切替,2026/07/03 17:15,added,outages_20260703_165847.csv,outages_20260703_181624.csv,03/07/2026 17:15,03/07/2026 18:16
東京,東京電力リニューアブルパワー株式会社,31301,新高瀬川発電所,水力,3号機,320000,計画停止,停止・その他,,2028/11/14 06:00,あり,2028/11/14,所内切替,2026/07/03 17:15,added,outages_20260703_165847.csv,outages_20260703_181624.csv,03/07/2026 17:15,03/07/2026 18:16
東京,東京電力リニューアブルパワー株式会社,31301,新高瀬川発電所,水力,2号機,320000,計画停止,停止・その他,,2028/11/14 06:00,あり,2028/11/14,所内切替,2026/07/03 17:15,added,outages_20260703_165847.csv,outages_20260703_181624.csv,03/07/2026 17:15,03/07/2026 18:16
東京,東京電力リニューアブルパワー株式会社,31301,新高瀬川発電所,水力,1号機,320000,計画停止,停止・その他,,2028/11/14 06:00,あり,2028/11/14,所内切替,2026/07/03 17:15,added,outages_20260703_165847.csv,outages_20260703_181624.csv,03/07/2026 17:15,03/07/2026 18:16
東京,東京電力リニューアブルパワー株式会社,31301,新高瀬川発電所,水力,4号機,320000,計画停止,停止・その他,,2028/09/29 09:00,あり,2028/10/01,他号機停止に伴う停止,2026/07/03 17:15,added,outages_20260703_165847.csv,outages_20260703_181624.csv,03/07/2026 17:15,03/07/2026 18:16
東京,東京電力リニューアブルパワー株式会社,31301,新高瀬川発電所,水力,3号機,320000,計画停止,停止・その他,,2028/09/29 09:00,あり,2028/10/01,他号機停止に伴う停止,2026/07/03 17:15,added,outages_20260703_165847.csv,outages_20260703_181624.csv,03/07/2026 17:15,03/07/2026 18:16
東京,東京電力リニューアブルパワー株式会社,31301,新高瀬川発電所,水力,1号機,320000,計画停止,停止・その他,,2028/09/29 09:00,あり,2028/10/01,他号機停止に伴う停止,2026/07/03 17:15,added,outages_20260703_165847.csv,outages_20260703_181624.csv,03/07/2026 17:15,03/07/2026 18:16
東京,東京電力リニューアブルパワー株式会社,31301,新高瀬川発電所,水力,2号機,320000,計画停止,停止・その他,,2028/09/29 09:00,あり,2028/11/30,機器修理,2026/07/03 17:15,added,outages_20260703_165847.csv,outages_20260703_181624.csv,03/07/2026 17:15,03/07/2026 18:16
東京,東京電力リニューアブルパワー株式会社,31301,新高瀬川発電所,水力,4号機,320000,計画停止,停止・その他,,2028/06/05 09:30,あり,2028/06/05,試験に伴う停止,2026/07/03 17:15,added,outages_20260703_165847.csv,outages_20260703_181624.csv,03/07/2026 17:15,03/07/2026 18:16
東京,東京電力リニューアブルパワー株式会社,31301,新高瀬川発電所,水力,3号機,320000,計画停止,停止・その他,,2028/06/05 09:30,あり,2028/06/05,試験に伴う停止,2026/07/03 17:15,added,outages_20260703_165847.csv,outages_20260703_181624.csv,03/07/2026 17:15,03/07/2026 18:16
東京,東京電力リニューアブルパワー株式会社,31301,新高瀬川発電所,水力,2号機,320000,計画停止,停止・その他,,2028/06/05 09:30,あり,2028/06/05,試験に伴う停止,2026/07/03 17:15,added,outages_20260703_165847.csv,outages_20260703_181624.csv,03/07/2026 17:15,03/07/2026 18:16
東京,東京電力リニューアブルパワー株式会社,31301,新高瀬川発電所,水力,1号機,320000,計画停止,停止・その他,,2028/06/05 09:30,あり,2028/06/05,試験に伴う停止,2026/07/03 17:15,added,outages_20260703_165847.csv,outages_20260703_181624.csv,03/07/2026 17:15,03/07/2026 18:16
東京,東京電力リニューアブルパワー株式会社,31301,新高瀬川発電所,水力,4号機,320000,計画停止,停止・その他,,2028/05/15 12:00,あり,2028/05/15,他号機停止に伴う停止,2026/07/03 17:15,added,outages_20260703_165847.csv,outages_20260703_181624.csv,03/07/2026 17:15,03/07/2026 18:16
東京,東京電力リニューアブルパワー株式会社,31301,新高瀬川発電所,水力,3号機,320000,計画停止,停止・その他,,2028/05/15 12:00,あり,2028/05/15,他号機停止に伴う停止,2026/07/03 17:15,added,outages_20260703_165847.csv,outages_20260703_181624.csv,03/07/2026 17:15,03/07/2026 18:16
東京,東京電力リニューアブルパワー株式会社,31301,新高瀬川発電所,水力,2号機,320000,計画停止,停止・その他,,2028/05/15 12:00,あり,2028/05/15,他号機停止に伴う停止,2026/07/03 17:15,added,outages_20260703_165847.csv,outages_20260703_181624.csv,03/07/2026 17:15,03/07/2026 18:16
東京,東京電力リニューアブルパワー株式会社,31301,新高瀬川発電所,水力,1号機,320000,計画停止,停止・その他,,2028/05/15 12:00,あり,2028/05/15,他号機停止に伴う停止,2026/07/03 17:15,added,outages_20260703_165847.csv,outages_20260703_181624.csv,03/07/2026 17:15,03/07/2026 18:16
東京,東京電力リニューアブルパワー株式会社,31301,新高瀬川発電所,水力,4号機,320000,計画停止,停止・その他,,2028/05/09 22:00,あり,2028/05/09,所内切替,2026/07/03 17:15,added,outages_20260703_165847.csv,outages_20260703_181624.csv,03/07/2026 17:15,03/07/2026 18:16
東京,東京電力リニューアブルパワー株式会社,31301,新高瀬川発電所,水力,3号機,320000,計画停止,停止・その他,,2028/05/09 22:00,あり,2028/05/09,所内切替,2026/07/03 17:15,added,outages_20260703_165847.csv,outages_20260703_181624.csv,03/07/2026 17:15,03/07/2026 18:16
東京,東京電力リニューアブルパワー株式会社,31301,新高瀬川発電所,水力,2号機,320000,計画停止,停止・その他,,2028/05/09 22:00,あり,2028/05/09,所内切替,2026/07/03 17:15,added,outages_20260703_165847.csv,outages_20260703_181624.csv,03/07/2026 17:15,03/07/2026 18:16
東京,東京電力リニューアブルパワー株式会社,31301,新高瀬川発電所,水力,1号機,320000,計画停止,停止・その他,,2028/05/09 22:00,あり,2028/05/09,所内切替,2026/07/03 17:15,added,outages_20260703_165847.csv,outages_20260703_181624.csv,03/07/2026 17:15,03/07/2026 18:16
東京,東京電力リニューアブルパワー株式会社,31301,新高瀬川発電所,水力,2号機,320000,計画停止,停止・その他,,2028/04/20 09:00,あり,2028/04/20,機器点検,2026/07/03 17:15,added,outages_20260703_165847.csv,outages_20260703_181624.csv,03/07/2026 17:15,03/07/2026 18:16
東京,東京電力リニューアブルパワー株式会社,31301,新高瀬川発電所,水力,1号機,320000,計画停止,停止・その他,,2028/04/19 09:00,あり,2028/04/19,機器点検・修理,2026/07/03 17:15,added,outages_20260703_165847.csv,outages_20260703_181624.csv,03/07/2026 17:15,03/07/2026 18:16
東京,東京電力リニューアブルパワー株式会社,31301,新高瀬川発電所,水力,4号機,320000,計画停止,停止・その他,,2028/04/03 06:00,あり,2028/04/03,所内切替,2026/07/03 17:15,added,outages_20260703_165847.csv,outages_20260703_181624.csv,03/07/2026 17:15,03/07/2026 18:16
東京,東京電力リニューアブルパワー株式会社,31301,新高瀬川発電所,水力,3号機,320000,計画停止,停止・その他,,2028/04/03 06:00,あり,2028/04/03,所内切替,2026/07/03 17:15,added,outages_20260703_165847.csv,outages_20260703_181624.csv,03/07/2026 17:15,03/07/2026 18:16
東京,東京電力リニューアブルパワー株式会社,31301,新高瀬川発電所,水力,2号機,320000,計画停止,停止・その他,,2028/04/03 06:00,あり,2028/04/03,所内切替,2026/07/03 17:15,added,outages_20260703_165847.csv,outages_20260703_181624.csv,03/07/2026 17:15,03/07/2026 18:16
東京,東京電力リニューアブルパワー株式会社,31301,新高瀬川発電所,水力,1号機,320000,計画停止,停止・その他,,2028/04/03 06:00,あり,2028/04/03,所内切替,2026/07/03 17:15,added,outages_20260703_165847.csv,outages_20260703_181624.csv,03/07/2026 17:15,03/07/2026 18:16
東京,東京電力リニューアブルパワー株式会社,31301,新高瀬川発電所,水力,4号機,320000,計画停止,停止・その他,,2028/04/03 09:00,あり,2028/05/13,機器取替・修理,2026/07/03 17:15,added,outages_20260703_165847.csv,outages_20260703_181624.csv,03/07/2026 17:15,03/07/2026 18:16
東京,東京電力リニューアブルパワー株式会社,31301,新高瀬川発電所,水力,3号機,320000,計画停止,停止・その他,,2028/04/03 09:00,あり,2028/05/13,機器取替・修理,2026/07/03 17:15,added,outages_20260703_165847.csv,outages_20260703_181624.csv,03/07/2026 17:15,03/07/2026 18:16
東京,東京電力リニューアブルパワー株式会社,31301,新高瀬川発電所,水力,4号機,320000,計画停止,停止・その他,,2028/04/02 12:00,あり,2028/04/02,他号機停止に伴う停止,2026/07/03 17:15,added,outages_20260703_165847.csv,outages_20260703_181624.csv,03/07/2026 17:15,03/07/2026 18:16
東京,東京電力リニューアブルパワー株式会社,31301,新高瀬川発電所,水力,3号機,320000,計画停止,停止・その他,,2028/04/02 12:00,あり,2028/04/02,他号機停止に伴う停止,2026/07/03 17:15,added,outages_20260703_165847.csv,outages_20260703_181624.csv,03/07/2026 17:15,03/07/2026 18:16
東京,東京電力リニューアブルパワー株式会社,31301,新高瀬川発電所,水力,2号機,320000,計画停止,停止・その他,,2028/04/02 12:00,あり,2028/04/02,他号機停止に伴う停止,2026/07/03 17:15,added,outages_20260703_165847.csv,outages_20260703_181624.csv,03/07/2026 17:15,03/07/2026 18:16
東京,東京電力リニューアブルパワー株式会社,31301,新高瀬川発電所,水力,1号機,320000,計画停止,停止・その他,,2028/04/02 12:00,あり,2028/04/02,他号機停止に伴う停止,2026/07/03 17:15,added,outages_20260703_165847.csv,outages_20260703_181624.csv,03/07/2026 17:15,03/07/2026 18:16
東京,東京電力リニューアブルパワー株式会社,31301,新高瀬川発電所,水力,4号機,320000,計画停止,停止・その他,,2028/03/10 12:00,あり,2028/03/10,他号機停止に伴う停止,2026/07/03 17:15,added,outages_20260703_165847.csv,outages_20260703_181624.csv,03/07/2026 17:15,03/07/2026 18:16
東京,東京電力リニューアブルパワー株式会社,31301,新高瀬川発電所,水力,3号機,320000,計画停止,停止・その他,,2028/03/10 12:00,あり,2028/03/10,他号機停止に伴う停止,2026/07/03 17:15,added,outages_20260703_165847.csv,outages_20260703_181624.csv,03/07/2026 17:15,03/07/2026 18:16
東京,東京電力リニューアブルパワー株式会社,31301,新高瀬川発電所,水力,2号機,320000,計画停止,停止・その他,,2028/03/10 12:00,あり,2028/03/10,他号機停止に伴う停止,2026/07/03 17:15,added,outages_20260703_165847.csv,outages_20260703_181624.csv,03/07/2026 17:15,03/07/2026 18:16
東京,東京電力リニューアブルパワー株式会社,31301,新高瀬川発電所,水力,1号機,320000,計画停止,停止・その他,,2028/03/10 12:00,あり,2028/03/10,他号機停止に伴う停止,2026/07/03 17:15,added,outages_20260703_165847.csv,outages_20260703_181624.csv,03/07/2026 17:15,03/07/2026 18:16
東京,東京電力リニューアブルパワー株式会社,31301,新高瀬川発電所,水力,4号機,320000,計画停止,停止・その他,,2028/02/17 00:00,あり,2028/03/06,他号機停止に伴う停止,2026/07/03 17:15,added,outages_20260703_165847.csv,outages_20260703_181624.csv,03/07/2026 17:15,03/07/2026 18:16
東京,東京電力リニューアブルパワー株式会社,31301,新高瀬川発電所,水力,3号機,320000,計画停止,停止・その他,,2028/02/17 00:00,あり,2028/03/06,他号機停止に伴う停止,2026/07/03 17:15,added,outages_20260703_165847.csv,outages_20260703_181624.csv,03/07/2026 17:15,03/07/2026 18:16
東京,東京電力リニューアブルパワー株式会社,31301,新高瀬川発電所,水力,1号機,320000,計画停止,停止・その他,,2028/02/17 00:00,あり,2028/03/06,他号機停止に伴う停止,2026/07/03 17:15,added,outages_20260703_165847.csv,outages_20260703_181624.csv,03/07/2026 17:15,03/07/2026 18:16
東京,東京電力リニューアブルパワー株式会社,31301,新高瀬川発電所,水力,4号機,320000,計画停止,停止・その他,,2028/01/10 04:00,あり,2028/02/17,他号機停止に伴う停止,2026/07/03 17:15,added,outages_20260703_165847.csv,outages_20260703_181624.csv,03/07/2026 17:15,03/07/2026 18:16
東京,東京電力リニューアブルパワー株式会社,31301,新高瀬川発電所,水力,3号機,320000,計画停止,停止・その他,,2028/01/10 04:00,あり,2028/02/17,他号機停止に伴う停止,2026/07/03 17:15,added,outages_20260703_165847.csv,outages_20260703_181624.csv,03/07/2026 17:15,03/07/2026 18:16
東京,東京電力リニューアブルパワー株式会社,31301,新高瀬川発電所,水力,1号機,320000,計画停止,停止・その他,,2028/01/10 04:00,あり,2028/02/17,他号機停止に伴う停止,2026/07/03 17:15,added,outages_20260703_165847.csv,outages_20260703_181624.csv,03/07/2026 17:15,03/07/2026 18:16
東京,東京電力リニューアブルパワー株式会社,31301,新高瀬川発電所,水力,2号機,320000,計画停止,停止・その他,,2028/01/10 04:00,あり,2028/03/06,機器修理,2026/07/03 17:15,added,outages_20260703_165847.csv,outages_20260703_181624.csv,03/07/2026 17:15,03/07/2026 18:16
東京,東京電力リニューアブルパワー株式会社,31301,新高瀬川発電所,水力,4号機,320000,計画停止,停止・その他,,2028/01/07 12:00,あり,2028/01/07,他号機停止に伴う停止,2026/07/03 17:15,added,outages_20260703_165847.csv,outages_20260703_181624.csv,03/07/2026 17:15,03/07/2026 18:16
東京,東京電力リニューアブルパワー株式会社,31301,新高瀬川発電所,水力,3号機,320000,計画停止,停止・その他,,2028/01/07 12:00,あり,2028/01/07,他号機停止に伴う停止,2026/07/03 17:15,added,outages_20260703_165847.csv,outages_20260703_181624.csv,03/07/2026 17:15,03/07/2026 18:16
東京,東京電力リニューアブルパワー株式会社,31301,新高瀬川発電所,水力,2号機,320000,計画停止,停止・その他,,2028/01/07 12:00,あり,2028/01/07,他号機停止に伴う停止,2026/07/03 17:15,added,outages_20260703_165847.csv,outages_20260703_181624.csv,03/07/2026 17:15,03/07/2026 18:16
東京,東京電力リニューアブルパワー株式会社,31301,新高瀬川発電所,水力,1号機,320000,計画停止,停止・その他,,2028/01/07 12:00,あり,2028/01/07,他号機停止に伴う停止,2026/07/03 17:15,added,outages_20260703_165847.csv,outages_20260703_181624.csv,03/07/2026 17:15,03/07/2026 18:16
東京,東京電力リニューアブルパワー株式会社,31301,新高瀬川発電所,水力,4号機,320000,計画停止,停止・その他,,2027/12/07 09:00,あり,2027/12/07,機器点検,2026/07/03 17:15,added,outages_20260703_165847.csv,outages_20260703_181624.csv,03/07/2026 17:15,03/07/2026 18:16
東京,東京電力リニューアブルパワー株式会社,31301,新高瀬川発電所,水力,3号機,320000,計画停止,停止・その他,,2027/12/06 09:00,あり,2027/12/06,機器点検,2026/07/03 17:15,added,outages_20260703_165847.csv,outages_20260703_181624.csv,03/07/2026 17:15,03/07/2026 18:16
東京,東京電力リニューアブルパワー株式会社,31301,新高瀬川発電所,水力,4号機,320000,計画停止,停止・その他,,2027/12/03 09:30,あり,2027/12/03,試験に伴う停止,2026/07/03 17:15,added,outages_20260703_165847.csv,outages_20260703_181624.csv,03/07/2026 17:15,03/07/2026 18:16
東京,東京電力リニューアブルパワー株式会社,31301,新高瀬川発電所,水力,3号機,320000,計画停止,停止・その他,,2027/12/03 09:30,あり,2027/12/03,試験に伴う停止,2026/07/03 17:15,added,outages_20260703_165847.csv,outages_20260703_181624.csv,03/07/2026 17:15,03/07/2026 18:16
東京,東京電力リニューアブルパワー株式会社,31301,新高瀬川発電所,水力,2号機,320000,計画停止,停止・その他,,2027/12/03 09:30,あり,2027/12/03,試験に伴う停止,2026/07/03 17:15,added,outages_20260703_165847.csv,outages_20260703_181624.csv,03/07/2026 17:15,03/07/2026 18:16
東京,東京電力リニューアブルパワー株式会社,31301,新高瀬川発電所,水力,1号機,320000,計画停止,停止・その他,,2027/12/03 09:30,あり,2027/12/03,試験に伴う停止,2026/07/03 17:15,added,outages_20260703_165847.csv,outages_20260703_181624.csv,03/07/2026 17:15,03/07/2026 18:16
東京,東京電力リニューアブルパワー株式会社,31301,新高瀬川発電所,水力,4号機,320000,計画停止,停止・その他,,2027/10/14 22:00,あり,2027/10/14,所内切替,2026/07/03 17:15,added,outages_20260703_165847.csv,outages_20260703_181624.csv,03/07/2026 17:15,03/07/2026 18:16
東京,東京電力リニューアブルパワー株式会社,31301,新高瀬川発電所,水力,3号機,320000,計画停止,停止・その他,,2027/10/14 22:00,あり,2027/10/14,所内切替,2026/07/03 17:15,added,outages_20260703_165847.csv,outages_20260703_181624.csv,03/07/2026 17:15,03/07/2026 18:16
東京,東京電力リニューアブルパワー株式会社,31301,新高瀬川発電所,水力,2号機,320000,計画停止,停止・その他,,2027/10/14 22:00,あり,2027/10/14,所内切替,2026/07/03 17:15,added,outages_20260703_165847.csv,outages_20260703_181624.csv,03/07/2026 17:15,03/07/2026 18:16
東京,東京電力リニューアブルパワー株式会社,31301,新高瀬川発電所,水力,1号機,320000,計画停止,停止・その他,,2027/10/14 22:00,あり,2027/10/14,所内切替,2026/07/03 17:15,added,outages_20260703_165847.csv,outages_20260703_181624.csv,03/07/2026 17:15,03/07/2026 18:16
東京,東京電力リニューアブルパワー株式会社,31301,新高瀬川発電所,水力,2号機,320000,計画停止,停止・その他,,2027/09/14 09:00,あり,2027/10/27,送電線作業に伴う発電制約,2026/07/03 17:15,added,outages_20260703_165847.csv,outages_20260703_181624.csv,03/07/2026 17:15,03/07/2026 18:16
東京,東京電力リニューアブルパワー株式会社,31301,新高瀬川発電所,水力,1号機,320000,計画停止,停止・その他,,2027/09/14 09:00,あり,2027/10/27,送電線作業に伴う発電制約,2026/07/03 17:15,added,outages_20260703_165847.csv,outages_20260703_181624.csv,03/07/2026 17:15,03/07/2026 18:16
東京,東京電力リニューアブルパワー株式会社,31301,新高瀬川発電所,水力,4号機,320000,計画停止,停止・その他,,2027/09/01 06:00,あり,2027/09/01,所内切替,2026/07/03 17:15,added,outages_20260703_165847.csv,outages_20260703_181624.csv,03/07/2026 17:15,03/07/2026 18:16
東京,東京電力リニューアブルパワー株式会社,31301,新高瀬川発電所,水力,3号機,320000,計画停止,停止・その他,,2027/09/01 06:00,あり,2027/09/01,所内切替,2026/07/03 17:15,added,outages_20260703_165847.csv,outages_20260703_181624.csv,03/07/2026 17:15,03/07/2026 18:16
東京,東京電力リニューアブルパワー株式会社,31301,新高瀬川発電所,水力,2号機,320000,計画停止,停止・その他,,2027/09/01 06:00,あり,2027/09/01,所内切替,2026/07/03 17:15,added,outages_20260703_165847.csv,outages_20260703_181624.csv,03/07/2026 17:15,03/07/2026 18:16
東京,東京電力リニューアブルパワー株式会社,31301,新高瀬川発電所,水力,1号機,320000,計画停止,停止・その他,,2027/09/01 06:00,あり,2027/09/01,所内切替,2026/07/03 17:15,added,outages_20260703_165847.csv,outages_20260703_181624.csv,03/07/2026 17:15,03/07/2026 18:16
東京,東京電力リニューアブルパワー株式会社,31301,新高瀬川発電所,水力,2号機,320000,計画停止,停止・その他,,2027/09/01 09:00,あり,2027/10/14,機器点検・修理,2026/07/03 17:15,added,outages_20260703_165847.csv,outages_20260703_181624.csv,03/07/2026 17:15,03/07/2026 18:16
東京,東京電力リニューアブルパワー株式会社,31301,新高瀬川発電所,水力,1号機,320000,計画停止,停止・その他,,2027/09/01 09:00,あり,2027/10/29,機器点検・修理,2026/07/03 17:15,added,outages_20260703_165847.csv,outages_20260703_181624.csv,03/07/2026 17:15,03/07/2026 18:16
東京,東京電力リニューアブルパワー株式会社,31301,新高瀬川発電所,水力,2号機,320000,計画停止,停止・その他,,2027/08/28 09:00,あり,2027/08/29,機器点検,2026/07/03 17:15,added,outages_20260703_165847.csv,outages_20260703_181624.csv,03/07/2026 17:15,03/07/2026 18:16
東京,東京電力リニューアブルパワー株式会社,31301,新高瀬川発電所,水力,4号機,320000,計画停止,停止・その他,,2027/07/08 09:30,あり,2027/07/08,試験に伴う停止,2026/07/03 17:15,added,outages_20260703_165847.csv,outages_20260703_181624.csv,03/07/2026 17:15,03/07/2026 18:16
東京,東京電力リニューアブルパワー株式会社,31301,新高瀬川発電所,水力,3号機,320000,計画停止,停止・その他,,2027/07/08 09:30,あり,2027/07/08,試験に伴う停止,2026/07/03 17:15,added,outages_20260703_165847.csv,outages_20260703_181624.csv,03/07/2026 17:15,03/07/2026 18:16
東京,東京電力リニューアブルパワー株式会社,31301,新高瀬川発電所,水力,2号機,320000,計画停止,停止・その他,,2027/07/08 09:30,あり,2027/07/08,試験に伴う停止,2026/07/03 17:15,added,outages_20260703_165847.csv,outages_20260703_181624.csv,03/07/2026 17:15,03/07/2026 18:16
東京,東京電力リニューアブルパワー株式会社,31301,新高瀬川発電所,水力,1号機,320000,計画停止,停止・その他,,2027/07/08 09:30,あり,2027/07/08,試験に伴う停止,2026/07/03 17:15,added,outages_20260703_165847.csv,outages_20260703_181624.csv,03/07/2026 17:15,03/07/2026 18:16
東京,東京電力リニューアブルパワー株式会社,31301,新高瀬川発電所,水力,2号機,320000,計画停止,停止・その他,,2027/05/20 09:00,あり,2027/05/21,機器点検,2026/07/03 17:15,added,outages_20260703_165847.csv,outages_20260703_181624.csv,03/07/2026 17:15,03/07/2026 18:16
東京,東京電力リニューアブルパワー株式会社,31301,新高瀬川発電所,水力,2号機,320000,計画停止,停止・その他,,2027/05/12 09:00,あり,2027/05/12,機器点検,2026/07/03 17:15,added,outages_20260703_165847.csv,outages_20260703_181624.csv,03/07/2026 17:15,03/07/2026 18:16
東京,東京電力リニューアブルパワー株式会社,31301,新高瀬川発電所,水力,1号機,320000,計画停止,停止・その他,,2027/05/11 09:00,あり,2027/05/11,機器点検,2026/07/03 17:15,added,outages_20260703_165847.csv,outages_20260703_181624.csv,03/07/2026 17:15,03/07/2026 18:16
東京,東京電力リニューアブルパワー株式会社,31301,新高瀬川発電所,水力,4号機,320000,計画停止,停止・その他,,2027/04/28 22:00,あり,2027/04/28,所内切替,2026/07/03 17:15,added,outages_20260703_165847.csv,outages_20260703_181624.csv,03/07/2026 17:15,03/07/2026 18:16
東京,東京電力リニューアブルパワー株式会社,31301,新高瀬川発電所,水力,3号機,320000,計画停止,停止・その他,,2027/04/28 22:00,あり,2027/04/28,所内切替,2026/07/03 17:15,added,outages_20260703_165847.csv,outages_20260703_181624.csv,03/07/2026 17:15,03/07/2026 18:16
東京,東京電力リニューアブルパワー株式会社,31301,新高瀬川発電所,水力,2号機,320000,計画停止,停止・その他,,2027/04/28 22:00,あり,2027/04/28,所内切替,2026/07/03 17:15,added,outages_20260703_165847.csv,outages_20260703_181624.csv,03/07/2026 17:15,03/07/2026 18:16
東京,東京電力リニューアブルパワー株式会社,31301,新高瀬川発電所,水力,1号機,320000,計画停止,停止・その他,,2027/04/28 22:00,あり,2027/04/28,所内切替,2026/07/03 17:15,added,outages_20260703_165847.csv,outages_20260703_181624.csv,03/07/2026 17:15,03/07/2026 18:16
東京,東京電力リニューアブルパワー株式会社,31301,新高瀬川発電所,水力,4号機,320000,計画停止,停止・その他,,2027/04/05 09:00,あり,2027/04/28,送電線作業に伴う発電制約,2026/07/03 17:15,added,outages_20260703_165847.csv,outages_20260703_181624.csv,03/07/2026 17:15,03/07/2026 18:16
東京,東京電力リニューアブルパワー株式会社,31301,新高瀬川発電所,水力,3号機,320000,計画停止,停止・その他,,2027/04/05 09:00,あり,2027/04/28,送電線作業に伴う発電制約,2026/07/03 17:15,added,outages_20260703_165847.csv,outages_20260703_181624.csv,03/07/2026 17:15,03/07/2026 18:16
東京,東京電力リニューアブルパワー株式会社,31301,新高瀬川発電所,水力,4号機,320000,計画停止,停止・その他,,2027/04/05 06:00,あり,2027/04/05,所内切替,2026/07/03 17:15,added,outages_20260703_165847.csv,outages_20260703_181624.csv,03/07/2026 17:15,03/07/2026 18:16
東京,東京電力リニューアブルパワー株式会社,31301,新高瀬川発電所,水力,3号機,320000,計画停止,停止・その他,,2027/04/05 06:00,あり,2027/04/05,所内切替,2026/07/03 17:15,added,outages_20260703_165847.csv,outages_20260703_181624.csv,03/07/2026 17:15,03/07/2026 18:16
東京,東京電力リニューアブルパワー株式会社,31301,新高瀬川発電所,水力,2号機,320000,計画停止,停止・その他,,2027/04/05 06:00,あり,2027/04/05,所内切替,2026/07/03 17:15,added,outages_20260703_165847.csv,outages_20260703_181624.csv,03/07/2026 17:15,03/07/2026 18:16
東京,東京電力リニューアブルパワー株式会社,31301,新高瀬川発電所,水力,1号機,320000,計画停止,停止・その他,,2027/04/05 06:00,あり,2027/04/05,所内切替,2026/07/03 17:15,added,outages_20260703_165847.csv,outages_20260703_181624.csv,03/07/2026 17:15,03/07/2026 18:16
東京,東京電力リニューアブルパワー株式会社,31301,新高瀬川発電所,水力,4号機,320000,計画停止,停止・その他,,2027/04/05 09:00,あり,2027/04/28,機器点検,2026/07/03 17:15,added,outages_20260703_165847.csv,outages_20260703_181624.csv,03/07/2026 17:15,03/07/2026 18:16
東京,東京電力リニューアブルパワー株式会社,30203,今市発電所,水力,3号機,350000,計画停止,停止・その他,,2029/02/26 09:00,あり,2029/05/24,機器点検,2026/07/03 17:14,added,outages_20260703_165847.csv,outages_20260703_181624.csv,03/07/2026 17:14,03/07/2026 18:16
東京,東京電力リニューアブルパワー株式会社,30203,今市発電所,水力,2号機,350000,計画停止,停止・その他,,2029/02/26 09:00,あり,2029/08/24,機器点検,2026/07/03 17:14,added,outages_20260703_165847.csv,outages_20260703_181624.csv,03/07/2026 17:14,03/07/2026 18:16
東京,東京電力リニューアブルパワー株式会社,30203,今市発電所,水力,3号機,350000,計画停止,停止・その他,,2029/02/08 10:00,あり,2029/02/08,試験に伴う停止,2026/07/03 17:14,added,outages_20260703_165847.csv,outages_20260703_181624.csv,03/07/2026 17:14,03/07/2026 18:16
東京,東京電力リニューアブルパワー株式会社,30203,今市発電所,水力,2号機,350000,計画停止,停止・その他,,2029/02/08 10:00,あり,2029/02/08,試験に伴う停止,2026/07/03 17:14,added,outages_20260703_165847.csv,outages_20260703_181624.csv,03/07/2026 17:14,03/07/2026 18:16
東京,東京電力リニューアブルパワー株式会社,30203,今市発電所,水力,1号機,350000,計画停止,停止・その他,,2029/02/08 10:00,あり,2029/02/08,試験に伴う停止,2026/07/03 17:14,added,outages_20260703_165847.csv,outages_20260703_181624.csv,03/07/2026 17:14,03/07/2026 18:16
東京,東京電力リニューアブルパワー株式会社,30203,今市発電所,水力,3号機,350000,計画停止,停止・その他,,2028/09/21 10:00,あり,2028/09/21,試験に伴う停止,2026/07/03 17:14,added,outages_20260703_165847.csv,outages_20260703_181624.csv,03/07/2026 17:14,03/07/2026 18:16
東京,東京電力リニューアブルパワー株式会社,30203,今市発電所,水力,2号機,350000,計画停止,停止・その他,,2028/09/21 10:00,あり,2028/09/21,試験に伴う停止,2026/07/03 17:14,added,outages_20260703_165847.csv,outages_20260703_181624.csv,03/07/2026 17:14,03/07/2026 18:16
東京,東京電力リニューアブルパワー株式会社,30203,今市発電所,水力,1号機,350000,計画停止,停止・その他,,2028/09/21 10:00,あり,2028/09/21,試験に伴う停止,2026/07/03 17:14,added,outages_20260703_165847.csv,outages_20260703_181624.csv,03/07/2026 17:14,03/07/2026 18:16
東京,東京電力リニューアブルパワー株式会社,30203,今市発電所,水力,3号機,350000,計画停止,停止・その他,,2028/07/10 09:00,あり,2028/10/17,機器取替・修理,2026/07/03 17:14,added,outages_20260703_165847.csv,outages_20260703_181624.csv,03/07/2026 17:14,03/07/2026 18:16
東京,東京電力リニューアブルパワー株式会社,30203,今市発電所,水力,3号機,350000,計画停止,停止・その他,,2028/07/10 09:00,あり,2028/09/15,他号機停止に伴う停止,2026/07/03 17:14,added,outages_20260703_165847.csv,outages_20260703_181624.csv,03/07/2026 17:14,03/07/2026 18:16
東京,東京電力リニューアブルパワー株式会社,30203,今市発電所,水力,2号機,350000,計画停止,停止・その他,,2028/07/10 09:00,あり,2028/09/15,他号機停止に伴う停止,2026/07/03 17:14,added,outages_20260703_165847.csv,outages_20260703_181624.csv,03/07/2026 17:14,03/07/2026 18:16
東京,東京電力リニューアブルパワー株式会社,30203,今市発電所,水力,3号機,350000,計画停止,停止・その他,,2028/03/27 09:00,あり,2028/05/16,他号機停止に伴う停止,2026/07/03 17:14,added,outages_20260703_165847.csv,outages_20260703_181624.csv,03/07/2026 17:14,03/07/2026 18:16
東京,東京電力リニューアブルパワー株式会社,30203,今市発電所,水力,2号機,350000,計画停止,停止・その他,,2028/03/27 09:00,あり,2028/05/16,他号機停止に伴う停止,2026/07/03 17:14,added,outages_20260703_165847.csv,outages_20260703_181624.csv,03/07/2026 17:14,03/07/2026 18:16
東京,東京電力リニューアブルパワー株式会社,30203,今市発電所,水力,1号機,350000,計画停止,停止・その他,,2028/03/27 09:00,あり,2028/09/15,機器点検,2026/07/03 17:14,added,outages_20260703_165847.csv,outages_20260703_181624.csv,03/07/2026 17:14,03/07/2026 18:16
東京,東京電力リニューアブルパワー株式会社,30203,今市発電所,水力,3号機,350000,計画停止,停止・その他,,2028/02/17 10:00,あり,2028/02/17,試験に伴う停止,2026/07/03 17:14,added,outages_20260703_165847.csv,outages_20260703_181624.csv,03/07/2026 17:14,03/07/2026 18:16
東京,東京電力リニューアブルパワー株式会社,30203,今市発電所,水力,2号機,350000,計画停止,停止・その他,,2028/02/17 10:00,あり,2028/02/17,試験に伴う停止,2026/07/03 17:14,added,outages_20260703_165847.csv,outages_20260703_181624.csv,03/07/2026 17:14,03/07/2026 18:16
東京,東京電力リニューアブルパワー株式会社,30203,今市発電所,水力,1号機,350000,計画停止,停止・その他,,2028/02/17 10:00,あり,2028/02/17,試験に伴う停止,2026/07/03 17:14,added,outages_20260703_165847.csv,outages_20260703_181624.csv,03/07/2026 17:14,03/07/2026 18:16
東京,東京電力リニューアブルパワー株式会社,30203,今市発電所,水力,3号機,350000,計画停止,停止・その他,,2027/09/16 10:00,あり,2027/09/16,試験に伴う停止,2026/07/03 17:14,added,outages_20260703_165847.csv,outages_20260703_181624.csv,03/07/2026 17:14,03/07/2026 18:16
東京,東京電力リニューアブルパワー株式会社,30203,今市発電所,水力,2号機,350000,計画停止,停止・その他,,2027/09/16 10:00,あり,2027/09/16,試験に伴う停止,2026/07/03 17:14,added,outages_20260703_165847.csv,outages_20260703_181624.csv,03/07/2026 17:14,03/07/2026 18:16
東京,東京電力リニューアブルパワー株式会社,30203,今市発電所,水力,1号機,350000,計画停止,停止・その他,,2027/09/16 10:00,あり,2027/09/16,試験に伴う停止,2026/07/03 17:14,added,outages_20260703_165847.csv,outages_20260703_181624.csv,03/07/2026 17:14,03/07/2026 18:16
東京,東京電力リニューアブルパワー株式会社,30203,今市発電所,水力,3号機,350000,計画停止,停止・その他,,2027/08/16 09:00,あり,2027/08/22,他号機停止に伴う停止,2026/07/03 17:14,added,outages_20260703_165847.csv,outages_20260703_181624.csv,03/07/2026 17:14,03/07/2026 18:16
東京,東京電力リニューアブルパワー株式会社,30203,今市発電所,水力,2号機,350000,計画停止,停止・その他,,2027/08/16 09:00,あり,2027/08/22,他号機停止に伴う停止,2026/07/03 17:14,added,outages_20260703_165847.csv,outages_20260703_181624.csv,03/07/2026 17:14,03/07/2026 18:16
東京,東京電力リニューアブルパワー株式会社,30203,今市発電所,水力,3号機,350000,計画停止,停止・その他,,2027/08/09 09:00,あり,2027/08/10,他号機停止に伴う停止,2026/07/03 17:14,added,outages_20260703_165847.csv,outages_20260703_181624.csv,03/07/2026 17:14,03/07/2026 18:16
東京,東京電力リニューアブルパワー株式会社,30203,今市発電所,水力,2号機,350000,計画停止,停止・その他,,2027/08/09 09:00,あり,2027/08/10,他号機停止に伴う停止,2026/07/03 17:14,added,outages_20260703_165847.csv,outages_20260703_181624.csv,03/07/2026 17:14,03/07/2026 18:16
東京,東京電力リニューアブルパワー株式会社,30203,今市発電所,水力,3号機,350000,計画停止,停止・その他,,2027/08/02 09:00,あり,2027/08/06,他号機停止に伴う停止,2026/07/03 17:14,added,outages_20260703_165847.csv,outages_20260703_181624.csv,03/07/2026 17:14,03/07/2026 18:16
東京,東京電力リニューアブルパワー株式会社,30203,今市発電所,水力,2号機,350000,計画停止,停止・その他,,2027/08/02 09:00,あり,2027/08/06,他号機停止に伴う停止,2026/07/03 17:14,added,outages_20260703_165847.csv,outages_20260703_181624.csv,03/07/2026 17:14,03/07/2026 18:16
東京,東京電力リニューアブルパワー株式会社,30203,今市発電所,水力,3号機,350000,計画停止,停止・その他,,2027/06/21 09:00,あり,2027/06/21,他号機停止に伴う停止,2026/07/03 17:14,added,outages_20260703_165847.csv,outages_20260703_181624.csv,03/07/2026 17:14,03/07/2026 18:16
東京,東京電力リニューアブルパワー株式会社,30203,今市発電所,水力,2号機,350000,計画停止,停止・その他,,2027/06/21 09:00,あり,2027/06/21,他号機停止に伴う停止,2026/07/03 17:14,added,outages_20260703_165847.csv,outages_20260703_181624.csv,03/07/2026 17:14,03/07/2026 18:16
東京,東京電力リニューアブルパワー株式会社,30203,今市発電所,水力,3号機,350000,計画停止,停止・その他,,2027/06/10 09:00,あり,2027/06/11,他号機停止に伴う停止,2026/07/03 17:14,added,outages_20260703_165847.csv,outages_20260703_181624.csv,03/07/2026 17:14,03/07/2026 18:16
東京,東京電力リニューアブルパワー株式会社,30203,今市発電所,水力,2号機,350000,計画停止,停止・その他,,2027/06/10 09:00,あり,2027/06/11,他号機停止に伴う停止,2026/07/03 17:14,added,outages_20260703_165847.csv,outages_20260703_181624.csv,03/07/2026 17:14,03/07/2026 18:16
東京,東京電力リニューアブルパワー株式会社,30203,今市発電所,水力,3号機,350000,計画停止,停止・その他,,2027/04/24 09:00,あり,2027/04/24,機器点検,2026/07/03 17:14,added,outages_20260703_165847.csv,outages_20260703_181624.csv,03/07/2026 17:14,03/07/2026 18:16
東京,東京電力リニューアブルパワー株式会社,30203,今市発電所,水力,2号機,350000,計画停止,停止・その他,,2027/04/24 09:00,あり,2027/04/24,機器点検,2026/07/03 17:14,added,outages_20260703_165847.csv,outages_20260703_181624.csv,03/07/2026 17:14,03/07/2026 18:16
東京,東京電力リニューアブルパワー株式会社,30203,今市発電所,水力,1号機,350000,計画停止,停止・その他,,2027/04/24 09:00,あり,2027/04/24,機器点検,2026/07/03 17:14,added,outages_20260703_165847.csv,outages_20260703_181624.csv,03/07/2026 17:14,03/07/2026 18:16
東京,東京電力リニューアブルパワー株式会社,30203,今市発電所,水力,3号機,350000,計画停止,停止・その他,,2027/04/19 09:00,あり,2027/04/23,他号機停止に伴う停止,2026/07/03 17:14,added,outages_20260703_165847.csv,outages_20260703_181624.csv,03/07/2026 17:14,03/07/2026 18:16
東京,東京電力リニューアブルパワー株式会社,30203,今市発電所,水力,2号機,350000,計画停止,停止・その他,,2027/04/19 09:00,あり,2027/04/23,他号機停止に伴う停止,2026/07/03 17:14,added,outages_20260703_165847.csv,outages_20260703_181624.csv,03/07/2026 17:14,03/07/2026 18:16
東京,東京電力リニューアブルパワー株式会社,30203,今市発電所,水力,3号機,350000,計画停止,停止・その他,,2027/04/17 09:00,あり,2027/04/17,機器点検,2026/07/03 17:14,added,outages_20260703_165847.csv,outages_20260703_181624.csv,03/07/2026 17:14,03/07/2026 18:16
東京,東京電力リニューアブルパワー株式会社,30203,今市発電所,水力,2号機,350000,計画停止,停止・その他,,2027/04/17 09:00,あり,2027/04/17,機器点検,2026/07/03 17:14,added,outages_20260703_165847.csv,outages_20260703_181624.csv,03/07/2026 17:14,03/07/2026 18:16
東京,東京電力リニューアブルパワー株式会社,30203,今市発電所,水力,1号機,350000,計画停止,停止・その他,,2027/04/17 09:00,あり,2027/04/17,機器点検,2026/07/03 17:14,added,outages_20260703_165847.csv,outages_20260703_181624.csv,03/07/2026 17:14,03/07/2026 18:16
東京,東京電力リニューアブルパワー株式会社,30203,今市発電所,水力,3号機,350000,計画停止,停止・その他,,2027/04/12 09:00,あり,2027/04/16,他号機停止に伴う停止,2026/07/03 17:14,added,outages_20260703_165847.csv,outages_20260703_181624.csv,03/07/2026 17:14,03/07/2026 18:16
東京,東京電力リニューアブルパワー株式会社,30203,今市発電所,水力,2号機,350000,計画停止,停止・その他,,2027/04/12 09:00,あり,2027/04/16,他号機停止に伴う停止,2026/07/03 17:14,added,outages_20260703_165847.csv,outages_20260703_181624.csv,03/07/2026 17:14,03/07/2026 18:16
東京,東京電力リニューアブルパワー株式会社,30203,今市発電所,水力,3号機,350000,計画停止,停止・その他,,2027/04/04 09:00,あり,2027/04/05,他号機停止に伴う停止,2026/07/03 17:14,added,outages_20260703_165847.csv,outages_20260703_181624.csv,03/07/2026 17:14,03/07/2026 18:16
東京,東京電力リニューアブルパワー株式会社,30203,今市発電所,水力,2号機,350000,計画停止,停止・その他,,2027/04/04 09:00,あり,2027/04/05,他号機停止に伴う停止,2026/07/03 17:14,added,outages_20260703_165847.csv,outages_20260703_181624.csv,03/07/2026 17:14,03/07/2026 18:16
東京,東京電力リニューアブルパワー株式会社,30203,今市発電所,水力,3号機,350000,計画停止,停止・その他,,2027/04/01 09:00,あり,2027/04/02,他号機停止に伴う停止,2026/07/03 17:14,added,outages_20260703_165847.csv,outages_20260703_181624.csv,03/07/2026 17:14,03/07/2026 18:16
東京,東京電力リニューアブルパワー株式会社,30203,今市発電所,水力,2号機,350000,計画停止,停止・その他,,2027/04/01 09:00,あり,2027/04/02,他号機停止に伴う停止,2026/07/03 17:14,added,outages_20260703_165847.csv,outages_20260703_181624.csv,03/07/2026 17:14,03/07/2026 18:16
東京,東京電力リニューアブルパワー株式会社,31007,玉原発電所,水力,4号機,300000,計画停止,停止・その他,,2029/03/24 09:00,あり,2029/03/24,試験に伴う停止,2026/07/03 17:13,added,outages_20260703_165847.csv,outages_20260703_181624.csv,03/07/2026 17:13,03/07/2026 18:16
東京,東京電力リニューアブルパワー株式会社,31007,玉原発電所,水力,3号機,300000,計画停止,停止・その他,,2029/03/24 09:00,あり,2029/03/24,試験に伴う停止,2026/07/03 17:13,added,outages_20260703_165847.csv,outages_20260703_181624.csv,03/07/2026 17:13,03/07/2026 18:16
東京,東京電力リニューアブルパワー株式会社,31007,玉原発電所,水力,2号機,300000,計画停止,停止・その他,,2029/03/24 09:00,あり,2029/03/24,試験に伴う停止,2026/07/03 17:13,added,outages_20260703_165847.csv,outages_20260703_181624.csv,03/07/2026 17:13,03/07/2026 18:16
東京,東京電力リニューアブルパワー株式会社,31007,玉原発電所,水力,1号機,300000,計画停止,停止・その他,,2029/03/24 09:00,あり,2029/03/24,試験に伴う停止,2026/07/03 17:13,added,outages_20260703_165847.csv,outages_20260703_181624.csv,03/07/2026 17:13,03/07/2026 18:16
東京,東京電力リニューアブルパワー株式会社,31007,玉原発電所,水力,3号機,300000,計画停止,停止・その他,,2029/02/05 10:00,あり,2029/06/20,機器取替・修理,2026/07/03 17:13,added,outages_20260703_165847.csv,outages_20260703_181624.csv,03/07/2026 17:13,03/07/2026 18:16
東京,東京電力リニューアブルパワー株式会社,31007,玉原発電所,水力,4号機,300000,計画停止,停止・その他,,2028/09/16 09:00,あり,2028/09/16,試験に伴う停止,2026/07/03 17:13,added,outages_20260703_165847.csv,outages_20260703_181624.csv,03/07/2026 17:13,03/07/2026 18:16
東京,東京電力リニューアブルパワー株式会社,31007,玉原発電所,水力,3号機,300000,計画停止,停止・その他,,2028/09/16 09:00,あり,2028/09/16,試験に伴う停止,2026/07/03 17:13,added,outages_20260703_165847.csv,outages_20260703_181624.csv,03/07/2026 17:13,03/07/2026 18:16
東京,東京電力リニューアブルパワー株式会社,31007,玉原発電所,水力,2号機,300000,計画停止,停止・その他,,2028/09/16 09:00,あり,2028/09/16,試験に伴う停止,2026/07/03 17:13,added,outages_20260703_165847.csv,outages_20260703_181624.csv,03/07/2026 17:13,03/07/2026 18:16
東京,東京電力リニューアブルパワー株式会社,31007,玉原発電所,水力,1号機,300000,計画停止,停止・その他,,2028/09/16 09:00,あり,2028/09/16,試験に伴う停止,2026/07/03 17:13,added,outages_20260703_165847.csv,outages_20260703_181624.csv,03/07/2026 17:13,03/07/2026 18:16
東京,東京電力リニューアブルパワー株式会社,31007,玉原発電所,水力,4号機,300000,計画停止,停止・その他,,2028/06/21 21:00,あり,2028/06/21,所内切替,2026/07/03 17:13,added,outages_20260703_165847.csv,outages_20260703_181624.csv,03/07/2026 17:13,03/07/2026 18:16
東京,東京電力リニューアブルパワー株式会社,31007,玉原発電所,水力,3号機,300000,計画停止,停止・その他,,2028/06/21 21:00,あり,2028/06/21,所内切替,2026/07/03 17:13,added,outages_20260703_165847.csv,outages_20260703_181624.csv,03/07/2026 17:13,03/07/2026 18:16
東京,東京電力リニューアブルパワー株式会社,31007,玉原発電所,水力,2号機,300000,計画停止,停止・その他,,2028/06/21 21:00,あり,2028/06/21,所内切替,2026/07/03 17:13,added,outages_20260703_165847.csv,outages_20260703_181624.csv,03/07/2026 17:13,03/07/2026 18:16
東京,東京電力リニューアブルパワー株式会社,31007,玉原発電所,水力,1号機,300000,計画停止,停止・その他,,2028/06/21 21:00,あり,2028/06/21,所内切替,2026/07/03 17:13,added,outages_20260703_165847.csv,outages_20260703_181624.csv,03/07/2026 17:13,03/07/2026 18:16
東京,東京電力リニューアブルパワー株式会社,31007,玉原発電所,水力,4号機,300000,計画停止,停止・その他,,2028/06/12 07:00,あり,2028/06/12,所内切替,2026/07/03 17:13,added,outages_20260703_165847.csv,outages_20260703_181624.csv,03/07/2026 17:13,03/07/2026 18:16
東京,東京電力リニューアブルパワー株式会社,31007,玉原発電所,水力,3号機,300000,計画停止,停止・その他,,2028/06/12 07:00,あり,2028/06/12,所内切替,2026/07/03 17:13,added,outages_20260703_165847.csv,outages_20260703_181624.csv,03/07/2026 17:13,03/07/2026 18:16
東京,東京電力リニューアブルパワー株式会社,31007,玉原発電所,水力,2号機,300000,計画停止,停止・その他,,2028/06/12 07:00,あり,2028/06/12,所内切替,2026/07/03 17:13,added,outages_20260703_165847.csv,outages_20260703_181624.csv,03/07/2026 17:13,03/07/2026 18:16
東京,東京電力リニューアブルパワー株式会社,31007,玉原発電所,水力,1号機,300000,計画停止,停止・その他,,2028/06/12 07:00,あり,2028/06/12,所内切替,2026/07/03 17:13,added,outages_20260703_165847.csv,outages_20260703_181624.csv,03/07/2026 17:13,03/07/2026 18:16
東京,東京電力リニューアブルパワー株式会社,31007,玉原発電所,水力,4号機,300000,計画停止,停止・その他,,2028/06/12 10:00,あり,2028/06/21,機器点検,2026/07/03 17:13,added,outages_20260703_165847.csv,outages_20260703_181624.csv,03/07/2026 17:13,03/07/2026 18:16
東京,東京電力リニューアブルパワー株式会社,31007,玉原発電所,水力,3号機,300000,計画停止,停止・その他,,2028/06/12 10:00,あり,2028/06/21,機器点検,2026/07/03 17:13,added,outages_20260703_165847.csv,outages_20260703_181624.csv,03/07/2026 17:13,03/07/2026 18:16
東京,東京電力リニューアブルパワー株式会社,31007,玉原発電所,水力,2号機,300000,計画停止,停止・その他,,2028/06/12 10:00,あり,2028/06/21,機器点検,2026/07/03 17:13,added,outages_20260703_165847.csv,outages_20260703_181624.csv,03/07/2026 17:13,03/07/2026 18:16
東京,東京電力リニューアブルパワー株式会社,31007,玉原発電所,水力,1号機,300000,計画停止,停止・その他,,2028/06/12 10:00,あり,2028/06/21,機器点検,2026/07/03 17:13,added,outages_20260703_165847.csv,outages_20260703_181624.csv,03/07/2026 17:13,03/07/2026 18:16
東京,東京電力リニューアブルパワー株式会社,31007,玉原発電所,水力,4号機,300000,計画停止,停止・その他,,2028/03/31 09:00,あり,2028/03/31,送電線作業に伴う発電制約,2026/07/03 17:13,added,outages_20260703_165847.csv,outages_20260703_181624.csv,03/07/2026 17:13,03/07/2026 18:16
東京,東京電力リニューアブルパワー株式会社,31007,玉原発電所,水力,3号機,300000,計画停止,停止・その他,,2028/03/31 09:00,あり,2028/03/31,送電線作業に伴う発電制約,2026/07/03 17:13,added,outages_20260703_165847.csv,outages_20260703_181624.csv,03/07/2026 17:13,03/07/2026 18:16
東京,東京電力リニューアブルパワー株式会社,31007,玉原発電所,水力,2号機,300000,計画停止,停止・その他,,2028/03/31 09:00,あり,2028/03/31,送電線作業に伴う発電制約,2026/07/03 17:13,added,outages_20260703_165847.csv,outages_20260703_181624.csv,03/07/2026 17:13,03/07/2026 18:16
東京,東京電力リニューアブルパワー株式会社,31007,玉原発電所,水力,1号機,300000,計画停止,停止・その他,,2028/03/31 09:00,あり,2028/03/31,送電線作業に伴う発電制約,2026/07/03 17:13,added,outages_20260703_165847.csv,outages_20260703_181624.csv,03/07/2026 17:13,03/07/2026 18:16
東京,東京電力リニューアブルパワー株式会社,31007,玉原発電所,水力,4号機,300000,計画停止,停止・その他,,2028/03/25 09:00,あり,2028/03/25,試験に伴う停止,2026/07/03 17:13,added,outages_20260703_165847.csv,outages_20260703_181624.csv,03/07/2026 17:13,03/07/2026 18:16
東京,東京電力リニューアブルパワー株式会社,31007,玉原発電所,水力,3号機,300000,計画停止,停止・その他,,2028/03/25 09:00,あり,2028/03/25,試験に伴う停止,2026/07/03 17:13,added,outages_20260703_165847.csv,outages_20260703_181624.csv,03/07/2026 17:13,03/07/2026 18:16
東京,東京電力リニューアブルパワー株式会社,31007,玉原発電所,水力,2号機,300000,計画停止,停止・その他,,2028/03/25 09:00,あり,2028/03/25,試験に伴う停止,2026/07/03 17:13,added,outages_20260703_165847.csv,outages_20260703_181624.csv,03/07/2026 17:13,03/07/2026 18:16
東京,東京電力リニューアブルパワー株式会社,31007,玉原発電所,水力,1号機,300000,計画停止,停止・その他,,2028/03/25 09:00,あり,2028/03/25,試験に伴う停止,2026/07/03 17:13,added,outages_20260703_165847.csv,outages_20260703_181624.csv,03/07/2026 17:13,03/07/2026 18:16
東京,東京電力リニューアブルパワー株式会社,31007,玉原発電所,水力,4号機,300000,計画停止,停止・その他,,2028/03/11 09:00,あり,2028/03/11,送電線作業に伴う発電制約,2026/07/03 17:13,added,outages_20260703_165847.csv,outages_20260703_181624.csv,03/07/2026 17:13,03/07/2026 18:16
東京,東京電力リニューアブルパワー株式会社,31007,玉原発電所,水力,3号機,300000,計画停止,停止・その他,,2028/03/11 09:00,あり,2028/03/11,送電線作業に伴う発電制約,2026/07/03 17:13,added,outages_20260703_165847.csv,outages_20260703_181624.csv,03/07/2026 17:13,03/07/2026 18:16
東京,東京電力リニューアブルパワー株式会社,31007,玉原発電所,水力,2号機,300000,計画停止,停止・その他,,2028/03/11 09:00,あり,2028/03/11,送電線作業に伴う発電制約,2026/07/03 17:13,added,outages_20260703_165847.csv,outages_20260703_181624.csv,03/07/2026 17:13,03/07/2026 18:16
東京,東京電力リニューアブルパワー株式会社,31007,玉原発電所,水力,1号機,300000,計画停止,停止・その他,,2028/03/11 09:00,あり,2028/03/11,送電線作業に伴う発電制約,2026/07/03 17:13,added,outages_20260703_165847.csv,outages_20260703_181624.csv,03/07/2026 17:13,03/07/2026 18:16
東京,東京電力リニューアブルパワー株式会社,31007,玉原発電所,水力,4号機,300000,計画停止,停止・その他,,2028/03/10 13:00,あり,2028/03/10,変電所作業に伴う発電制約,2026/07/03 17:13,added,outages_20260703_165847.csv,outages_20260703_181624.csv,03/07/2026 17:13,03/07/2026 18:16
東京,東京電力リニューアブルパワー株式会社,31007,玉原発電所,水力,3号機,300000,計画停止,停止・その他,,2028/03/10 13:00,あり,2028/03/10,変電所作業に伴う発電制約,2026/07/03 17:13,added,outages_20260703_165847.csv,outages_20260703_181624.csv,03/07/2026 17:13,03/07/2026 18:16
東京,東京電力リニューアブルパワー株式会社,31007,玉原発電所,水力,2号機,300000,計画停止,停止・その他,,2028/03/10 13:00,あり,2028/03/10,変電所作業に伴う発電制約,2026/07/03 17:13,added,outages_20260703_165847.csv,outages_20260703_181624.csv,03/07/2026 17:13,03/07/2026 18:16
東京,東京電力リニューアブルパワー株式会社,31007,玉原発電所,水力,1号機,300000,計画停止,停止・その他,,2028/03/10 13:00,あり,2028/03/10,変電所作業に伴う発電制約,2026/07/03 17:13,added,outages_20260703_165847.csv,outages_20260703_181624.csv,03/07/2026 17:13,03/07/2026 18:16
東京,東京電力リニューアブルパワー株式会社,31007,玉原発電所,水力,4号機,300000,計画停止,停止・その他,,2028/03/10 09:00,あり,2028/03/10,変電所作業に伴う発電制約,2026/07/03 17:13,added,outages_20260703_165847.csv,outages_20260703_181624.csv,03/07/2026 17:13,03/07/2026 18:16
東京,東京電力リニューアブルパワー株式会社,31007,玉原発電所,水力,3号機,300000,計画停止,停止・その他,,2028/03/10 09:00,あり,2028/03/10,変電所作業に伴う発電制約,2026/07/03 17:13,added,outages_20260703_165847.csv,outages_20260703_181624.csv,03/07/2026 17:13,03/07/2026 18:16
東京,東京電力リニューアブルパワー株式会社,31007,玉原発電所,水力,2号機,300000,計画停止,停止・その他,,2028/03/10 09:00,あり,2028/03/10,変電所作業に伴う発電制約,2026/07/03 17:13,added,outages_20260703_165847.csv,outages_20260703_181624.csv,03/07/2026 17:13,03/07/2026 18:16
東京,東京電力リニューアブルパワー株式会社,31007,玉原発電所,水力,1号機,300000,計画停止,停止・その他,,2028/03/10 09:00,あり,2028/03/10,変電所作業に伴う発電制約,2026/07/03 17:13,added,outages_20260703_165847.csv,outages_20260703_181624.csv,03/07/2026 17:13,03/07/2026 18:16
東京,東京電力リニューアブルパワー株式会社,31007,玉原発電所,水力,4号機,300000,計画停止,停止・その他,,2028/03/03 08:00,あり,2028/03/03,変電所作業に伴う発電制約,2026/07/03 17:13,added,outages_20260703_165847.csv,outages_20260703_181624.csv,03/07/2026 17:13,03/07/2026 18:16
東京,東京電力リニューアブルパワー株式会社,31007,玉原発電所,水力,3号機,300000,計画停止,停止・その他,,2028/03/03 08:00,あり,2028/03/03,変電所作業に伴う発電制約,2026/07/03 17:13,added,outages_20260703_165847.csv,outages_20260703_181624.csv,03/07/2026 17:13,03/07/2026 18:16
東京,東京電力リニューアブルパワー株式会社,31007,玉原発電所,水力,2号機,300000,計画停止,停止・その他,,2028/03/03 08:00,あり,2028/03/03,変電所作業に伴う発電制約,2026/07/03 17:13,added,outages_20260703_165847.csv,outages_20260703_181624.csv,03/07/2026 17:13,03/07/2026 18:16
東京,東京電力リニューアブルパワー株式会社,31007,玉原発電所,水力,1号機,300000,計画停止,停止・その他,,2028/03/03 08:00,あり,2028/03/03,変電所作業に伴う発電制約,2026/07/03 17:13,added,outages_20260703_165847.csv,outages_20260703_181624.csv,03/07/2026 17:13,03/07/2026 18:16
東京,東京電力リニューアブルパワー株式会社,31007,玉原発電所,水力,4号機,300000,計画停止,停止・その他,,2028/03/02 08:00,あり,2028/03/02,変電所作業に伴う発電制約,2026/07/03 17:13,added,outages_20260703_165847.csv,outages_20260703_181624.csv,03/07/2026 17:13,03/07/2026 18:16
東京,東京電力リニューアブルパワー株式会社,31007,玉原発電所,水力,3号機,300000,計画停止,停止・その他,,2028/03/02 08:00,あり,2028/03/02,変電所作業に伴う発電制約,2026/07/03 17:13,added,outages_20260703_165847.csv,outages_20260703_181624.csv,03/07/2026 17:13,03/07/2026 18:16
東京,東京電力リニューアブルパワー株式会社,31007,玉原発電所,水力,2号機,300000,計画停止,停止・その他,,2028/03/02 08:00,あり,2028/03/02,変電所作業に伴う発電制約,2026/07/03 17:13,added,outages_20260703_165847.csv,outages_20260703_181624.csv,03/07/2026 17:13,03/07/2026 18:16
東京,東京電力リニューアブルパワー株式会社,31007,玉原発電所,水力,1号機,300000,計画停止,停止・その他,,2028/03/02 08:00,あり,2028/03/02,変電所作業に伴う発電制約,2026/07/03 17:13,added,outages_20260703_165847.csv,outages_20260703_181624.csv,03/07/2026 17:13,03/07/2026 18:16
東京,東京電力リニューアブルパワー株式会社,31007,玉原発電所,水力,4号機,300000,計画停止,停止・その他,,2027/12/16 09:00,あり,2027/12/17,変電所作業に伴う発電制約,2026/07/03 17:13,added,outages_20260703_165847.csv,outages_20260703_181624.csv,03/07/2026 17:13,03/07/2026 18:16
東京,東京電力リニューアブルパワー株式会社,31007,玉原発電所,水力,3号機,300000,計画停止,停止・その他,,2027/12/16 09:00,あり,2027/12/17,変電所作業に伴う発電制約,2026/07/03 17:13,added,outages_20260703_165847.csv,outages_20260703_181624.csv,03/07/2026 17:13,03/07/2026 18:16
東京,東京電力リニューアブルパワー株式会社,31007,玉原発電所,水力,2号機,300000,計画停止,停止・その他,,2027/12/16 09:00,あり,2027/12/17,変電所作業に伴う発電制約,2026/07/03 17:13,added,outages_20260703_165847.csv,outages_20260703_181624.csv,03/07/2026 17:13,03/07/2026 18:16
東京,東京電力リニューアブルパワー株式会社,31007,玉原発電所,水力,1号機,300000,計画停止,停止・その他,,2027/12/16 09:00,あり,2027/12/17,変電所作業に伴う発電制約,2026/07/03 17:13,added,outages_20260703_165847.csv,outages_20260703_181624.csv,03/07/2026 17:13,03/07/2026 18:16
東京,東京電力リニューアブルパワー株式会社,31007,玉原発電所,水力,4号機,300000,計画停止,停止・その他,,2027/12/14 09:00,あり,2027/12/15,変電所作業に伴う発電制約,2026/07/03 17:13,added,outages_20260703_165847.csv,outages_20260703_181624.csv,03/07/2026 17:13,03/07/2026 18:16
東京,東京電力リニューアブルパワー株式会社,31007,玉原発電所,水力,3号機,300000,計画停止,停止・その他,,2027/12/14 09:00,あり,2027/12/15,変電所作業に伴う発電制約,2026/07/03 17:13,added,outages_20260703_165847.csv,outages_20260703_181624.csv,03/07/2026 17:13,03/07/2026 18:16
東京,東京電力リニューアブルパワー株式会社,31007,玉原発電所,水力,2号機,300000,計画停止,停止・その他,,2027/12/14 09:00,あり,2027/12/15,変電所作業に伴う発電制約,2026/07/03 17:13,added,outages_20260703_165847.csv,outages_20260703_181624.csv,03/07/2026 17:13,03/07/2026 18:16
東京,東京電力リニューアブルパワー株式会社,31007,玉原発電所,水力,1号機,300000,計画停止,停止・その他,,2027/12/14 09:00,あり,2027/12/15,変電所作業に伴う発電制約,2026/07/03 17:13,added,outages_20260703_165847.csv,outages_20260703_181624.csv,03/07/2026 17:13,03/07/2026 18:16
東京,東京電力リニューアブルパワー株式会社,31007,玉原発電所,水力,4号機,300000,計画停止,停止・その他,,2027/12/14 09:00,あり,2027/12/17,変電所作業に伴う発電制約,2026/07/03 17:13,added,outages_20260703_165847.csv,outages_20260703_181624.csv,03/07/2026 17:13,03/07/2026 18:16
東京,東京電力リニューアブルパワー株式会社,31007,玉原発電所,水力,3号機,300000,計画停止,停止・その他,,2027/12/14 09:00,あり,2027/12/17,変電所作業に伴う発電制約,2026/07/03 17:13,added,outages_20260703_165847.csv,outages_20260703_181624.csv,03/07/2026 17:13,03/07/2026 18:16
東京,東京電力リニューアブルパワー株式会社,31007,玉原発電所,水力,2号機,300000,計画停止,停止・その他,,2027/12/14 09:00,あり,2027/12/17,変電所作業に伴う発電制約,2026/07/03 17:13,added,outages_20260703_165847.csv,outages_20260703_181624.csv,03/07/2026 17:13,03/07/2026 18:16
東京,東京電力リニューアブルパワー株式会社,31007,玉原発電所,水力,1号機,300000,計画停止,停止・その他,,2027/12/14 09:00,あり,2027/12/17,変電所作業に伴う発電制約,2026/07/03 17:13,added,outages_20260703_165847.csv,outages_20260703_181624.csv,03/07/2026 17:13,03/07/2026 18:16
東京,東京電力リニューアブルパワー株式会社,31007,玉原発電所,水力,4号機,300000,計画停止,停止・その他,,2027/10/29 21:00,あり,2027/10/29,所内切替,2026/07/03 17:13,added,outages_20260703_165847.csv,outages_20260703_181624.csv,03/07/2026 17:13,03/07/2026 18:16
東京,東京電力リニューアブルパワー株式会社,31007,玉原発電所,水力,3号機,300000,計画停止,停止・その他,,2027/10/29 21:00,あり,2027/10/29,所内切替,2026/07/03 17:13,added,outages_20260703_165847.csv,outages_20260703_181624.csv,03/07/2026 17:13,03/07/2026 18:16
東京,東京電力リニューアブルパワー株式会社,31007,玉原発電所,水力,2号機,300000,計画停止,停止・その他,,2027/10/29 21:00,あり,2027/10/29,所内切替,2026/07/03 17:13,added,outages_20260703_165847.csv,outages_20260703_181624.csv,03/07/2026 17:13,03/07/2026 18:16
東京,東京電力リニューアブルパワー株式会社,31007,玉原発電所,水力,1号機,300000,計画停止,停止・その他,,2027/10/29 21:00,あり,2027/10/29,所内切替,2026/07/03 17:13,added,outages_20260703_165847.csv,outages_20260703_181624.csv,03/07/2026 17:13,03/07/2026 18:16
東京,東京電力リニューアブルパワー株式会社,31007,玉原発電所,水力,4号機,300000,計画停止,停止・その他,,2027/10/29 09:00,あり,2027/10/29,機器点検,2026/07/03 17:13,added,outages_20260703_165847.csv,outages_20260703_181624.csv,03/07/2026 17:13,03/07/2026 18:16
東京,東京電力リニューアブルパワー株式会社,31007,玉原発電所,水力,3号機,300000,計画停止,停止・その他,,2027/10/29 09:00,あり,2027/10/29,機器点検,2026/07/03 17:13,added,outages_20260703_165847.csv,outages_20260703_181624.csv,03/07/2026 17:13,03/07/2026 18:16
東京,東京電力リニューアブルパワー株式会社,31007,玉原発電所,水力,4号機,300000,計画停止,停止・その他,,2027/10/20 10:00,あり,2027/10/22,機器取替・修理,2026/07/03 17:13,added,outages_20260703_165847.csv,outages_20260703_181624.csv,03/07/2026 17:13,03/07/2026 18:16
東京,東京電力リニューアブルパワー株式会社,31007,玉原発電所,水力,3号機,300000,計画停止,停止・その他,,2027/10/20 10:00,あり,2027/10/22,機器取替・修理,2026/07/03 17:13,added,outages_20260703_165847.csv,outages_20260703_181624.csv,03/07/2026 17:13,03/07/2026 18:16
東京,東京電力リニューアブルパワー株式会社,31007,玉原発電所,水力,2号機,300000,計画停止,停止・その他,,2027/10/20 10:00,あり,2027/10/22,機器取替・修理,2026/07/03 17:13,added,outages_20260703_165847.csv,outages_20260703_181624.csv,03/07/2026 17:13,03/07/2026 18:16
東京,東京電力リニューアブルパワー株式会社,31007,玉原発電所,水力,1号機,300000,計画停止,停止・その他,,2027/10/20 10:00,あり,2027/10/22,機器取替・修理,2026/07/03 17:13,added,outages_20260703_165847.csv,outages_20260703_181624.csv,03/07/2026 17:13,03/07/2026 18:16
東京,東京電力リニューアブルパワー株式会社,31007,玉原発電所,水力,3号機,300000,計画停止,停止・その他,,2027/10/20 10:00,あり,2027/10/29,機器点検,2026/07/03 17:13,added,outages_20260703_165847.csv,outages_20260703_181624.csv,03/07/2026 17:13,03/07/2026 18:16
東京,東京電力リニューアブルパワー株式会社,31007,玉原発電所,水力,4号機,300000,計画停止,停止・その他,,2027/10/14 10:00,あり,2027/10/14,送電線作業に伴う運用停止,2026/07/03 17:13,added,outages_20260703_165847.csv,outages_20260703_181624.csv,03/07/2026 17:13,03/07/2026 18:16
東京,東京電力リニューアブルパワー株式会社,31007,玉原発電所,水力,3号機,300000,計画停止,停止・その他,,2027/10/14 10:00,あり,2027/10/14,送電線作業に伴う運用停止,2026/07/03 17:13,added,outages_20260703_165847.csv,outages_20260703_181624.csv,03/07/2026 17:13,03/07/2026 18:16
東京,東京電力リニューアブルパワー株式会社,31007,玉原発電所,水力,4号機,300000,計画停止,停止・その他,,2027/10/05 10:00,あり,2027/10/05,機器取替・修理,2026/07/03 17:13,added,outages_20260703_165847.csv,outages_20260703_181624.csv,03/07/2026 17:13,03/07/2026 18:16
東京,東京電力リニューアブルパワー株式会社,31007,玉原発電所,水力,3号機,300000,計画停止,停止・その他,,2027/10/05 10:00,あり,2027/10/05,機器取替・修理,2026/07/03 17:13,added,outages_20260703_165847.csv,outages_20260703_181624.csv,03/07/2026 17:13,03/07/2026 18:16
東京,東京電力リニューアブルパワー株式会社,31007,玉原発電所,水力,2号機,300000,計画停止,停止・その他,,2027/10/05 10:00,あり,2027/10/22,機器取替・修理,2026/07/03 17:13,added,outages_20260703_165847.csv,outages_20260703_181624.csv,03/07/2026 17:13,03/07/2026 18:16
東京,東京電力リニューアブルパワー株式会社,31007,玉原発電所,水力,1号機,300000,計画停止,停止・その他,,2027/10/05 10:00,あり,2027/10/22,機器取替・修理,2026/07/03 17:13,added,outages_20260703_165847.csv,outages_20260703_181624.csv,03/07/2026 17:13,03/07/2026 18:16
東京,東京電力リニューアブルパワー株式会社,31007,玉原発電所,水力,4号機,300000,計画停止,停止・その他,,2027/10/04 00:30,あり,2027/10/08,送電線作業に伴う運用停止,2026/07/03 17:13,added,outages_20260703_165847.csv,outages_20260703_181624.csv,03/07/2026 17:13,03/07/2026 18:16
東京,東京電力リニューアブルパワー株式会社,31007,玉原発電所,水力,3号機,300000,計画停止,停止・その他,,2027/10/04 00:30,あり,2027/10/08,送電線作業に伴う運用停止,2026/07/03 17:13,added,outages_20260703_165847.csv,outages_20260703_181624.csv,03/07/2026 17:13,03/07/2026 18:16
東京,東京電力リニューアブルパワー株式会社,31007,玉原発電所,水力,4号機,300000,計画停止,停止・その他,,2027/10/03 20:00,あり,2027/10/03,所内切替,2026/07/03 17:13,added,outages_20260703_165847.csv,outages_20260703_181624.csv,03/07/2026 17:13,03/07/2026 18:16
東京,東京電力リニューアブルパワー株式会社,31007,玉原発電所,水力,3号機,300000,計画停止,停止・その他,,2027/10/03 20:00,あり,2027/10/03,所内切替,2026/07/03 17:13,added,outages_20260703_165847.csv,outages_20260703_181624.csv,03/07/2026 17:13,03/07/2026 18:16
東京,東京電力リニューアブルパワー株式会社,31007,玉原発電所,水力,2号機,300000,計画停止,停止・その他,,2027/10/03 20:00,あり,2027/10/03,所内切替,2026/07/03 17:13,added,outages_20260703_165847.csv,outages_20260703_181624.csv,03/07/2026 17:13,03/07/2026 18:16
東京,東京電力リニューアブルパワー株式会社,31007,玉原発電所,水力,1号機,300000,計画停止,停止・その他,,2027/10/03 20:00,あり,2027/10/03,所内切替,2026/07/03 17:13,added,outages_20260703_165847.csv,outages_20260703_181624.csv,03/07/2026 17:13,03/07/2026 18:16
東京,東京電力リニューアブルパワー株式会社,31007,玉原発電所,水力,2号機,300000,計画停止,停止・その他,,2027/10/02 10:00,あり,2027/10/22,機器取替・修理,2026/07/03 17:13,added,outages_20260703_165847.csv,outages_20260703_181624.csv,03/07/2026 17:13,03/07/2026 18:16
東京,東京電力リニューアブルパワー株式会社,31007,玉原発電所,水力,3号機,300000,計画停止,停止・その他,,2027/10/01 10:00,あり,2027/10/01,他号機試験に伴う停止,2026/07/03 17:13,added,outages_20260703_165847.csv,outages_20260703_181624.csv,03/07/2026 17:13,03/07/2026 18:16
東京,東京電力リニューアブルパワー株式会社,31007,玉原発電所,水力,4号機,300000,計画停止,停止・その他,,2027/10/01 09:00,あり,2027/10/01,試験に伴う停止,2026/07/03 17:13,added,outages_20260703_165847.csv,outages_20260703_181624.csv,03/07/2026 17:13,03/07/2026 18:16
東京,東京電力リニューアブルパワー株式会社,31007,玉原発電所,水力,3号機,300000,計画停止,停止・その他,,2027/10/01 09:00,あり,2027/10/01,試験に伴う停止,2026/07/03 17:13,added,outages_20260703_165847.csv,outages_20260703_181624.csv,03/07/2026 17:13,03/07/2026 18:16
東京,東京電力リニューアブルパワー株式会社,31007,玉原発電所,水力,2号機,300000,計画停止,停止・その他,,2027/10/01 09:00,あり,2027/10/01,試験に伴う停止,2026/07/03 17:13,added,outages_20260703_165847.csv,outages_20260703_181624.csv,03/07/2026 17:13,03/07/2026 18:16
東京,東京電力リニューアブルパワー株式会社,31007,玉原発電所,水力,1号機,300000,計画停止,停止・その他,,2027/10/01 09:00,あり,2027/10/01,試験に伴う停止,2026/07/03 17:13,added,outages_20260703_165847.csv,outages_20260703_181624.csv,03/07/2026 17:13,03/07/2026 18:16
東京,東京電力リニューアブルパワー株式会社,31007,玉原発電所,水力,3号機,300000,計画停止,停止・その他,,2027/09/30 10:00,あり,2027/09/30,他号機試験に伴う停止,2026/07/03 17:13,added,outages_20260703_165847.csv,outages_20260703_181624.csv,03/07/2026 17:13,03/07/2026 18:16
東京,東京電力リニューアブルパワー株式会社,31007,玉原発電所,水力,3号機,300000,計画停止,停止・その他,,2027/09/29 10:00,あり,2027/09/29,他号機試験に伴う停止,2026/07/03 17:13,added,outages_20260703_165847.csv,outages_20260703_181624.csv,03/07/2026 17:13,03/07/2026 18:16
東京,東京電力リニューアブルパワー株式会社,31007,玉原発電所,水力,3号機,300000,計画停止,停止・その他,,2027/09/28 10:00,あり,2027/09/28,他号機試験に伴う停止,2026/07/03 17:13,added,outages_20260703_165847.csv,outages_20260703_181624.csv,03/07/2026 17:13,03/07/2026 18:16
東京,東京電力リニューアブルパワー株式会社,31007,玉原発電所,水力,3号機,300000,計画停止,停止・その他,,2027/09/27 10:00,あり,2027/09/27,他号機試験に伴う停止,2026/07/03 17:13,added,outages_20260703_165847.csv,outages_20260703_181624.csv,03/07/2026 17:13,03/07/2026 18:16
東京,東京電力リニューアブルパワー株式会社,31007,玉原発電所,水力,3号機,300000,計画停止,停止・その他,,2027/09/26 10:00,あり,2027/09/26,他号機試験に伴う停止,2026/07/03 17:13,added,outages_20260703_165847.csv,outages_20260703_181624.csv,03/07/2026 17:13,03/07/2026 18:16
東京,東京電力リニューアブルパワー株式会社,31007,玉原発電所,水力,3号機,300000,計画停止,停止・その他,,2027/09/25 10:00,あり,2027/09/25,他号機試験に伴う停止,2026/07/03 17:13,added,outages_20260703_165847.csv,outages_20260703_181624.csv,03/07/2026 17:13,03/07/2026 18:16
東京,東京電力リニューアブルパワー株式会社,31007,玉原発電所,水力,3号機,300000,計画停止,停止・その他,,2027/09/24 10:00,あり,2027/09/24,他号機試験に伴う停止,2026/07/03 17:13,added,outages_20260703_165847.csv,outages_20260703_181624.csv,03/07/2026 17:13,03/07/2026 18:16
東京,東京電力リニューアブルパワー株式会社,31007,玉原発電所,水力,3号機,300000,計画停止,停止・その他,,2027/09/23 10:00,あり,2027/09/23,他号機試験に伴う停止,2026/07/03 17:13,added,outages_20260703_165847.csv,outages_20260703_181624.csv,03/07/2026 17:13,03/07/2026 18:16
東京,東京電力リニューアブルパワー株式会社,31007,玉原発電所,水力,3号機,300000,計画停止,停止・その他,,2027/09/22 10:00,あり,2027/09/22,他号機試験に伴う停止,2026/07/03 17:13,added,outages_20260703_165847.csv,outages_20260703_181624.csv,03/07/2026 17:13,03/07/2026 18:16
東京,東京電力リニューアブルパワー株式会社,31007,玉原発電所,水力,3号機,300000,計画停止,停止・その他,,2027/09/21 10:00,あり,2027/09/21,他号機試験に伴う停止,2026/07/03 17:13,added,outages_20260703_165847.csv,outages_20260703_181624.csv,03/07/2026 17:13,03/07/2026 18:16
東京,東京電力リニューアブルパワー株式会社,31007,玉原発電所,水力,3号機,300000,計画停止,停止・その他,,2027/09/20 10:00,あり,2027/09/20,他号機試験に伴う停止,2026/07/03 17:13,added,outages_20260703_165847.csv,outages_20260703_181624.csv,03/07/2026 17:13,03/07/2026 18:16
東京,東京電力リニューアブルパワー株式会社,31007,玉原発電所,水力,4号機,300000,計画停止,停止・その他,,2027/09/20 10:00,あり,2027/10/01,試験に伴う出力指定,2026/07/03 17:13,added,outages_20260703_165847.csv,outages_20260703_181624.csv,03/07/2026 17:13,03/07/2026 18:16
東京,東京電力リニューアブルパワー株式会社,31007,玉原発電所,水力,4号機,300000,計画停止,停止・その他,,2027/09/20 07:00,あり,2027/09/20,所内切替,2026/07/03 17:13,added,outages_20260703_165847.csv,outages_20260703_181624.csv,03/07/2026 17:13,03/07/2026 18:16
東京,東京電力リニューアブルパワー株式会社,31007,玉原発電所,水力,3号機,300000,計画停止,停止・その他,,2027/09/20 07:00,あり,2027/09/20,所内切替,2026/07/03 17:13,added,outages_20260703_165847.csv,outages_20260703_181624.csv,03/07/2026 17:13,03/07/2026 18:16
東京,東京電力リニューアブルパワー株式会社,31007,玉原発電所,水力,2号機,300000,計画停止,停止・その他,,2027/09/20 07:00,あり,2027/09/20,所内切替,2026/07/03 17:13,added,outages_20260703_165847.csv,outages_20260703_181624.csv,03/07/2026 17:13,03/07/2026 18:16
東京,東京電力リニューアブルパワー株式会社,31007,玉原発電所,水力,1号機,300000,計画停止,停止・その他,,2027/09/20 07:00,あり,2027/09/20,所内切替,2026/07/03 17:13,added,outages_20260703_165847.csv,outages_20260703_181624.csv,03/07/2026 17:13,03/07/2026 18:16
東京,東京電力リニューアブルパワー株式会社,31007,玉原発電所,水力,3号機,300000,計画停止,停止・その他,,2027/09/16 10:00,あり,2027/09/16,他号機停止に伴う停止,2026/07/03 17:13,added,outages_20260703_165847.csv,outages_20260703_181624.csv,03/07/2026 17:13,03/07/2026 18:16
東京,東京電力リニューアブルパワー株式会社,31007,玉原発電所,水力,3号機,300000,計画停止,停止・その他,,2027/09/16 10:00,あり,2027/09/16,他号機停止に伴う停止,2026/07/03 17:13,added,outages_20260703_165847.csv,outages_20260703_181624.csv,03/07/2026 17:13,03/07/2026 18:16
東京,東京電力リニューアブルパワー株式会社,31007,玉原発電所,水力,2号機,300000,計画停止,停止・その他,,2027/09/16 10:00,あり,2027/09/16,他号機停止に伴う停止,2026/07/03 17:13,added,outages_20260703_165847.csv,outages_20260703_181624.csv,03/07/2026 17:13,03/07/2026 18:16
東京,東京電力リニューアブルパワー株式会社,31007,玉原発電所,水力,1号機,300000,計画停止,停止・その他,,2027/09/16 10:00,あり,2027/09/16,他号機停止に伴う停止,2026/07/03 17:13,added,outages_20260703_165847.csv,outages_20260703_181624.csv,03/07/2026 17:13,03/07/2026 18:16
東京,東京電力リニューアブルパワー株式会社,31007,玉原発電所,水力,3号機,300000,計画停止,停止・その他,,2027/09/15 10:00,あり,2027/09/15,他号機停止に伴う停止,2026/07/03 17:13,added,outages_20260703_165847.csv,outages_20260703_181624.csv,03/07/2026 17:13,03/07/2026 18:16
東京,東京電力リニューアブルパワー株式会社,31007,玉原発電所,水力,3号機,300000,計画停止,停止・その他,,2027/09/14 10:00,あり,2027/09/14,他号機停止に伴う停止,2026/07/03 17:13,added,outages_20260703_165847.csv,outages_20260703_181624.csv,03/07/2026 17:13,03/07/2026 18:16
東京,東京電力リニューアブルパワー株式会社,31007,玉原発電所,水力,3号機,300000,計画停止,停止・その他,,2027/09/13 10:00,あり,2027/09/13,他号機停止に伴う停止,2026/07/03 17:13,added,outages_20260703_165847.csv,outages_20260703_181624.csv,03/07/2026 17:13,03/07/2026 18:16
東京,東京電力リニューアブルパワー株式会社,31007,玉原発電所,水力,3号機,300000,計画停止,停止・その他,,2027/08/20 10:00,あり,2027/08/20,他号機停止に伴う停止,2026/07/03 17:13,added,outages_20260703_165847.csv,outages_20260703_181624.csv,03/07/2026 17:13,03/07/2026 18:16
東京,東京電力リニューアブルパワー株式会社,31007,玉原発電所,水力,2号機,300000,計画停止,停止・その他,,2027/08/20 10:00,あり,2027/08/20,他号機停止に伴う停止,2026/07/03 17:13,added,outages_20260703_165847.csv,outages_20260703_181624.csv,03/07/2026 17:13,03/07/2026 18:16
東京,東京電力リニューアブルパワー株式会社,31007,玉原発電所,水力,1号機,300000,計画停止,停止・その他,,2027/08/20 10:00,あり,2027/08/20,他号機停止に伴う停止,2026/07/03 17:13,added,outages_20260703_165847.csv,outages_20260703_181624.csv,03/07/2026 17:13,03/07/2026 18:16
東京,東京電力リニューアブルパワー株式会社,31007,玉原発電所,水力,3号機,300000,計画停止,停止・その他,,2027/08/19 10:00,あり,2027/08/19,他号機停止に伴う停止,2026/07/03 17:13,added,outages_20260703_165847.csv,outages_20260703_181624.csv,03/07/2026 17:13,03/07/2026 18:16
東京,東京電力リニューアブルパワー株式会社,31007,玉原発電所,水力,2号機,300000,計画停止,停止・その他,,2027/08/19 10:00,あり,2027/08/19,他号機停止に伴う停止,2026/07/03 17:13,added,outages_20260703_165847.csv,outages_20260703_181624.csv,03/07/2026 17:13,03/07/2026 18:16
東京,東京電力リニューアブルパワー株式会社,31007,玉原発電所,水力,1号機,300000,計画停止,停止・その他,,2027/08/19 10:00,あり,2027/08/19,他号機停止に伴う停止,2026/07/03 17:13,added,outages_20260703_165847.csv,outages_20260703_181624.csv,03/07/2026 17:13,03/07/2026 18:16
東京,東京電力リニューアブルパワー株式会社,31007,玉原発電所,水力,3号機,300000,計画停止,停止・その他,,2027/08/18 10:00,あり,2027/08/18,他号機停止に伴う停止,2026/07/03 17:13,added,outages_20260703_165847.csv,outages_20260703_181624.csv,03/07/2026 17:13,03/07/2026 18:16
東京,東京電力リニューアブルパワー株式会社,31007,玉原発電所,水力,2号機,300000,計画停止,停止・その他,,2027/08/18 10:00,あり,2027/08/18,他号機停止に伴う停止,2026/07/03 17:13,added,outages_20260703_165847.csv,outages_20260703_181624.csv,03/07/2026 17:13,03/07/2026 18:16
東京,東京電力リニューアブルパワー株式会社,31007,玉原発電所,水力,1号機,300000,計画停止,停止・その他,,2027/08/18 10:00,あり,2027/08/18,他号機停止に伴う停止,2026/07/03 17:13,added,outages_20260703_165847.csv,outages_20260703_181624.csv,03/07/2026 17:13,03/07/2026 18:16
東京,東京電力リニューアブルパワー株式会社,31007,玉原発電所,水力,3号機,300000,計画停止,停止・その他,,2027/08/17 10:00,あり,2027/08/17,他号機停止に伴う停止,2026/07/03 17:13,added,outages_20260703_165847.csv,outages_20260703_181624.csv,03/07/2026 17:13,03/07/2026 18:16
東京,東京電力リニューアブルパワー株式会社,31007,玉原発電所,水力,2号機,300000,計画停止,停止・その他,,2027/08/17 10:00,あり,2027/08/17,他号機停止に伴う停止,2026/07/03 17:13,added,outages_20260703_165847.csv,outages_20260703_181624.csv,03/07/2026 17:13,03/07/2026 18:16
東京,東京電力リニューアブルパワー株式会社,31007,玉原発電所,水力,1号機,300000,計画停止,停止・その他,,2027/08/17 10:00,あり,2027/08/17,他号機停止に伴う停止,2026/07/03 17:13,added,outages_20260703_165847.csv,outages_20260703_181624.csv,03/07/2026 17:13,03/07/2026 18:16
東京,東京電力リニューアブルパワー株式会社,31007,玉原発電所,水力,3号機,300000,計画停止,停止・その他,,2027/08/16 10:00,あり,2027/08/16,他号機停止に伴う停止,2026/07/03 17:13,added,outages_20260703_165847.csv,outages_20260703_181624.csv,03/07/2026 17:13,03/07/2026 18:16
東京,東京電力リニューアブルパワー株式会社,31007,玉原発電所,水力,2号機,300000,計画停止,停止・その他,,2027/08/16 10:00,あり,2027/08/16,他号機停止に伴う停止,2026/07/03 17:13,added,outages_20260703_165847.csv,outages_20260703_181624.csv,03/07/2026 17:13,03/07/2026 18:16
東京,東京電力リニューアブルパワー株式会社,31007,玉原発電所,水力,1号機,300000,計画停止,停止・その他,,2027/08/16 10:00,あり,2027/08/16,他号機停止に伴う停止,2026/07/03 17:13,added,outages_20260703_165847.csv,outages_20260703_181624.csv,03/07/2026 17:13,03/07/2026 18:16
東京,東京電力リニューアブルパワー株式会社,31007,玉原発電所,水力,3号機,300000,計画停止,停止・その他,,2027/07/21 09:00,あり,2027/07/21,他号機停止に伴う停止,2026/07/03 17:13,added,outages_20260703_165847.csv,outages_20260703_181624.csv,03/07/2026 17:13,03/07/2026 18:16
東京,東京電力リニューアブルパワー株式会社,31007,玉原発電所,水力,3号機,300000,計画停止,停止・その他,,2027/07/20 09:00,あり,2027/07/20,他号機停止に伴う停止,2026/07/03 17:13,added,outages_20260703_165847.csv,outages_20260703_181624.csv,03/07/2026 17:13,03/07/2026 18:16
東京,東京電力リニューアブルパワー株式会社,31007,玉原発電所,水力,2号機,300000,計画停止,停止・その他,,2027/07/20 09:00,あり,2027/07/20,他号機停止に伴う停止,2026/07/03 17:13,added,outages_20260703_165847.csv,outages_20260703_181624.csv,03/07/2026 17:13,03/07/2026 18:16
東京,東京電力リニューアブルパワー株式会社,31007,玉原発電所,水力,1号機,300000,計画停止,停止・その他,,2027/07/20 09:00,あり,2027/07/20,他号機停止に伴う停止,2026/07/03 17:13,added,outages_20260703_165847.csv,outages_20260703_181624.csv,03/07/2026 17:13,03/07/2026 18:16
東京,東京電力リニューアブルパワー株式会社,31007,玉原発電所,水力,3号機,300000,計画停止,停止・その他,,2027/06/22 10:00,あり,2027/06/22,他号機停止に伴う停止,2026/07/03 17:13,added,outages_20260703_165847.csv,outages_20260703_181624.csv,03/07/2026 17:13,03/07/2026 18:16
東京,東京電力リニューアブルパワー株式会社,31007,玉原発電所,水力,3号機,300000,計画停止,停止・その他,,2027/06/21 09:00,あり,2027/06/21,他号機停止に伴う停止,2026/07/03 17:13,added,outages_20260703_165847.csv,outages_20260703_181624.csv,03/07/2026 17:13,03/07/2026 18:16
東京,東京電力リニューアブルパワー株式会社,31007,玉原発電所,水力,2号機,300000,計画停止,停止・その他,,2027/06/21 09:00,あり,2027/06/21,他号機停止に伴う停止,2026/07/03 17:13,added,outages_20260703_165847.csv,outages_20260703_181624.csv,03/07/2026 17:13,03/07/2026 18:16
東京,東京電力リニューアブルパワー株式会社,31007,玉原発電所,水力,1号機,300000,計画停止,停止・その他,,2027/06/21 09:00,あり,2027/06/21,他号機停止に伴う停止,2026/07/03 17:13,added,outages_20260703_165847.csv,outages_20260703_181624.csv,03/07/2026 17:13,03/07/2026 18:16
東京,東京電力リニューアブルパワー株式会社,31007,玉原発電所,水力,2号機,300000,計画停止,停止・その他,,2027/05/31 09:00,あり,2027/06/27,送電線作業に伴う発電制約,2026/07/03 17:13,added,outages_20260703_165847.csv,outages_20260703_181624.csv,03/07/2026 17:13,03/07/2026 18:16
東京,東京電力リニューアブルパワー株式会社,31007,玉原発電所,水力,1号機,300000,計画停止,停止・その他,,2027/05/31 09:00,あり,2027/06/27,送電線作業に伴う発電制約,2026/07/03 17:13,added,outages_20260703_165847.csv,outages_20260703_181624.csv,03/07/2026 17:13,03/07/2026 18:16
東京,東京電力リニューアブルパワー株式会社,31007,玉原発電所,水力,4号機,300000,計画停止,停止・その他,,2027/05/31 09:00,あり,2027/06/27,送電線作業に伴う運用停止,2026/07/03 17:13,added,outages_20260703_165847.csv,outages_20260703_181624.csv,03/07/2026 17:13,03/07/2026 18:16
東京,東京電力リニューアブルパワー株式会社,31007,玉原発電所,水力,3号機,300000,計画停止,停止・その他,,2027/05/31 09:00,あり,2027/06/27,送電線作業に伴う運用停止,2026/07/03 17:13,added,outages_20260703_165847.csv,outages_20260703_181624.csv,03/07/2026 17:13,03/07/2026 18:16
東京,東京電力リニューアブルパワー株式会社,31007,玉原発電所,水力,4号機,300000,計画停止,停止・その他,,2027/05/28 08:00,あり,2027/05/29,送電線作業に伴う発電制約,2026/07/03 17:13,added,outages_20260703_165847.csv,outages_20260703_181624.csv,03/07/2026 17:13,03/07/2026 18:16
東京,東京電力リニューアブルパワー株式会社,31007,玉原発電所,水力,3号機,300000,計画停止,停止・その他,,2027/05/28 08:00,あり,2027/05/29,送電線作業に伴う発電制約,2026/07/03 17:13,added,outages_20260703_165847.csv,outages_20260703_181624.csv,03/07/2026 17:13,03/07/2026 18:16
東京,東京電力リニューアブルパワー株式会社,31007,玉原発電所,水力,2号機,300000,計画停止,停止・その他,,2027/05/28 08:00,あり,2027/05/29,送電線作業に伴う発電制約,2026/07/03 17:13,added,outages_20260703_165847.csv,outages_20260703_181624.csv,03/07/2026 17:13,03/07/2026 18:16
東京,東京電力リニューアブルパワー株式会社,31007,玉原発電所,水力,1号機,300000,計画停止,停止・その他,,2027/05/28 08:00,あり,2027/05/29,送電線作業に伴う発電制約,2026/07/03 17:13,added,outages_20260703_165847.csv,outages_20260703_181624.csv,03/07/2026 17:13,03/07/2026 18:16
東京,東京電力リニューアブルパワー株式会社,31007,玉原発電所,水力,3号機,300000,計画停止,停止・その他,,2027/05/27 17:00,あり,2027/05/27,試験に伴う出力指定,2026/07/03 17:13,added,outages_20260703_165847.csv,outages_20260703_181624.csv,03/07/2026 17:13,03/07/2026 18:16
東京,東京電力リニューアブルパワー株式会社,31007,玉原発電所,水力,3号機,300000,計画停止,停止・その他,,2027/05/26 10:00,あり,2027/05/27,機器点検,2026/07/03 17:13,added,outages_20260703_165847.csv,outages_20260703_181624.csv,03/07/2026 17:13,03/07/2026 18:16
東京,東京電力リニューアブルパワー株式会社,31007,玉原発電所,水力,2号機,300000,計画停止,停止・その他,,2027/05/25 17:00,あり,2027/05/25,試験に伴う出力指定,2026/07/03 17:13,added,outages_20260703_165847.csv,outages_20260703_181624.csv,03/07/2026 17:13,03/07/2026 18:16
東京,東京電力リニューアブルパワー株式会社,31007,玉原発電所,水力,2号機,300000,計画停止,停止・その他,,2027/05/25 10:00,あり,2027/05/25,機器点検,2026/07/03 17:13,added,outages_20260703_165847.csv,outages_20260703_181624.csv,03/07/2026 17:13,03/07/2026 18:16
東京,東京電力リニューアブルパワー株式会社,31007,玉原発電所,水力,1号機,300000,計画停止,停止・その他,,2027/05/24 17:00,あり,2027/05/24,試験に伴う出力指定,2026/07/03 17:13,added,outages_20260703_165847.csv,outages_20260703_181624.csv,03/07/2026 17:13,03/07/2026 18:16
東京,東京電力リニューアブルパワー株式会社,31007,玉原発電所,水力,4号機,300000,計画停止,停止・その他,,2027/05/24 09:00,あり,2027/05/24,変電所作業に伴う発電制約,2026/07/03 17:13,added,outages_20260703_165847.csv,outages_20260703_181624.csv,03/07/2026 17:13,03/07/2026 18:16
東京,東京電力リニューアブルパワー株式会社,31007,玉原発電所,水力,3号機,300000,計画停止,停止・その他,,2027/05/24 09:00,あり,2027/05/24,変電所作業に伴う発電制約,2026/07/03 17:13,added,outages_20260703_165847.csv,outages_20260703_181624.csv,03/07/2026 17:13,03/07/2026 18:16
東京,東京電力リニューアブルパワー株式会社,31007,玉原発電所,水力,2号機,300000,計画停止,停止・その他,,2027/05/24 09:00,あり,2027/05/24,変電所作業に伴う発電制約,2026/07/03 17:13,added,outages_20260703_165847.csv,outages_20260703_181624.csv,03/07/2026 17:13,03/07/2026 18:16
東京,東京電力リニューアブルパワー株式会社,31007,玉原発電所,水力,1号機,300000,計画停止,停止・その他,,2027/05/24 09:00,あり,2027/05/24,変電所作業に伴う発電制約,2026/07/03 17:13,added,outages_20260703_165847.csv,outages_20260703_181624.csv,03/07/2026 17:13,03/07/2026 18:16
東京,東京電力リニューアブルパワー株式会社,31007,玉原発電所,水力,1号機,300000,計画停止,停止・その他,,2027/05/24 10:00,あり,2027/05/24,機器点検,2026/07/03 17:13,added,outages_20260703_165847.csv,outages_20260703_181624.csv,03/07/2026 17:13,03/07/2026 18:16
東京,東京電力リニューアブルパワー株式会社,31007,玉原発電所,水力,4号機,300000,計画停止,停止・その他,,2027/05/23 10:00,あり,2027/05/23,変電所作業に伴う発電制約,2026/07/03 17:13,added,outages_20260703_165847.csv,outages_20260703_181624.csv,03/07/2026 17:13,03/07/2026 18:16
東京,東京電力リニューアブルパワー株式会社,31007,玉原発電所,水力,3号機,300000,計画停止,停止・その他,,2027/05/23 10:00,あり,2027/05/23,変電所作業に伴う発電制約,2026/07/03 17:13,added,outages_20260703_165847.csv,outages_20260703_181624.csv,03/07/2026 17:13,03/07/2026 18:16
東京,東京電力リニューアブルパワー株式会社,31007,玉原発電所,水力,2号機,300000,計画停止,停止・その他,,2027/05/23 10:00,あり,2027/05/23,変電所作業に伴う発電制約,2026/07/03 17:13,added,outages_20260703_165847.csv,outages_20260703_181624.csv,03/07/2026 17:13,03/07/2026 18:16
東京,東京電力リニューアブルパワー株式会社,31007,玉原発電所,水力,1号機,300000,計画停止,停止・その他,,2027/05/23 10:00,あり,2027/05/23,変電所作業に伴う発電制約,2026/07/03 17:13,added,outages_20260703_165847.csv,outages_20260703_181624.csv,03/07/2026 17:13,03/07/2026 18:16
東京,東京電力リニューアブルパワー株式会社,31007,玉原発電所,水力,4号機,300000,計画停止,停止・その他,,2027/05/22 10:00,あり,2027/05/22,変電所作業に伴う発電制約,2026/07/03 17:13,added,outages_20260703_165847.csv,outages_20260703_181624.csv,03/07/2026 17:13,03/07/2026 18:16
東京,東京電力リニューアブルパワー株式会社,31007,玉原発電所,水力,3号機,300000,計画停止,停止・その他,,2027/05/22 10:00,あり,2027/05/22,変電所作業に伴う発電制約,2026/07/03 17:13,added,outages_20260703_165847.csv,outages_20260703_181624.csv,03/07/2026 17:13,03/07/2026 18:16
東京,東京電力リニューアブルパワー株式会社,31007,玉原発電所,水力,2号機,300000,計画停止,停止・その他,,2027/05/22 10:00,あり,2027/05/22,変電所作業に伴う発電制約,2026/07/03 17:13,added,outages_20260703_165847.csv,outages_20260703_181624.csv,03/07/2026 17:13,03/07/2026 18:16
東京,東京電力リニューアブルパワー株式会社,31007,玉原発電所,水力,1号機,300000,計画停止,停止・その他,,2027/05/22 10:00,あり,2027/05/22,変電所作業に伴う発電制約,2026/07/03 17:13,added,outages_20260703_165847.csv,outages_20260703_181624.csv,03/07/2026 17:13,03/07/2026 18:16
東京,東京電力リニューアブルパワー株式会社,31007,玉原発電所,水力,4号機,300000,計画停止,停止・その他,,2027/05/06 10:00,あり,2027/09/20,機器点検,2026/07/03 17:13,added,outages_20260703_165847.csv,outages_20260703_181624.csv,03/07/2026 17:13,03/07/2026 18:16
東京,東京電力リニューアブルパワー株式会社,31007,玉原発電所,水力,2号機,300000,計画停止,停止・その他,,2027/04/22 09:00,あり,2027/05/21,送電線作業に伴う運用停止,2026/07/03 17:13,added,outages_20260703_165847.csv,outages_20260703_181624.csv,03/07/2026 17:13,03/07/2026 18:16
東京,東京電力リニューアブルパワー株式会社,31007,玉原発電所,水力,1号機,300000,計画停止,停止・その他,,2027/04/22 09:00,あり,2027/05/21,送電線作業に伴う運用停止,2026/07/03 17:13,added,outages_20260703_165847.csv,outages_20260703_181624.csv,03/07/2026 17:13,03/07/2026 18:16
東京,東京電力リニューアブルパワー株式会社,31007,玉原発電所,水力,4号機,300000,計画停止,停止・その他,,2027/04/22 07:00,あり,2027/04/22,所内切替,2026/07/03 17:13,added,outages_20260703_165847.csv,outages_20260703_181624.csv,03/07/2026 17:13,03/07/2026 18:16
東京,東京電力リニューアブルパワー株式会社,31007,玉原発電所,水力,3号機,300000,計画停止,停止・その他,,2027/04/22 07:00,あり,2027/04/22,所内切替,2026/07/03 17:13,added,outages_20260703_165847.csv,outages_20260703_181624.csv,03/07/2026 17:13,03/07/2026 18:16
東京,東京電力リニューアブルパワー株式会社,31007,玉原発電所,水力,2号機,300000,計画停止,停止・その他,,2027/04/22 07:00,あり,2027/04/22,所内切替,2026/07/03 17:13,added,outages_20260703_165847.csv,outages_20260703_181624.csv,03/07/2026 17:13,03/07/2026 18:16
東京,東京電力リニューアブルパワー株式会社,31007,玉原発電所,水力,1号機,300000,計画停止,停止・その他,,2027/04/22 07:00,あり,2027/04/22,所内切替,2026/07/03 17:13,added,outages_20260703_165847.csv,outages_20260703_181624.csv,03/07/2026 17:13,03/07/2026 18:16
東京,東京電力リニューアブルパワー株式会社,31007,玉原発電所,水力,4号機,300000,計画停止,停止・その他,,2027/04/17 09:00,あり,2027/04/21,送電線作業に伴う発電制約,2026/07/03 17:13,added,outages_20260703_165847.csv,outages_20260703_181624.csv,03/07/2026 17:13,03/07/2026 18:16
東京,東京電力リニューアブルパワー株式会社,31007,玉原発電所,水力,3号機,300000,計画停止,停止・その他,,2027/04/17 09:00,あり,2027/04/21,送電線作業に伴う発電制約,2026/07/03 17:13,added,outages_20260703_165847.csv,outages_20260703_181624.csv,03/07/2026 17:13,03/07/2026 18:16
東京,東京電力リニューアブルパワー株式会社,31007,玉原発電所,水力,2号機,300000,計画停止,停止・その他,,2027/04/17 09:00,あり,2027/04/21,送電線作業に伴う発電制約,2026/07/03 17:13,added,outages_20260703_165847.csv,outages_20260703_181624.csv,03/07/2026 17:13,03/07/2026 18:16
東京,東京電力リニューアブルパワー株式会社,31007,玉原発電所,水力,1号機,300000,計画停止,停止・その他,,2027/04/17 09:00,あり,2027/04/21,送電線作業に伴う発電制約,2026/07/03 17:13,added,outages_20260703_165847.csv,outages_20260703_181624.csv,03/07/2026 17:13,03/07/2026 18:16
東京,東京電力リニューアブルパワー株式会社,31007,玉原発電所,水力,4号機,300000,計画停止,停止・その他,,2027/04/12 09:00,あり,2027/04/14,送電線作業に伴う発電制約,2026/07/03 17:13,added,outages_20260703_165847.csv,outages_20260703_181624.csv,03/07/2026 17:13,03/07/2026 18:16
東京,東京電力リニューアブルパワー株式会社,31007,玉原発電所,水力,3号機,300000,計画停止,停止・その他,,2027/04/12 09:00,あり,2027/04/14,送電線作業に伴う発電制約,2026/07/03 17:13,added,outages_20260703_165847.csv,outages_20260703_181624.csv,03/07/2026 17:13,03/07/2026 18:16
東京,東京電力リニューアブルパワー株式会社,31007,玉原発電所,水力,2号機,300000,計画停止,停止・その他,,2027/04/12 09:00,あり,2027/04/14,送電線作業に伴う発電制約,2026/07/03 17:13,added,outages_20260703_165847.csv,outages_20260703_181624.csv,03/07/2026 17:13,03/07/2026 18:16
東京,東京電力リニューアブルパワー株式会社,31007,玉原発電所,水力,1号機,300000,計画停止,停止・その他,,2027/04/12 09:00,あり,2027/04/14,送電線作業に伴う発電制約,2026/07/03 17:13,added,outages_20260703_165847.csv,outages_20260703_181624.csv,03/07/2026 17:13,03/07/2026 18:16
東京,東京電力リニューアブルパワー株式会社,31007,玉原発電所,水力,4号機,300000,計画停止,停止・その他,,2027/04/08 09:00,あり,2027/04/11,送電線作業に伴う発電制約,2026/07/03 17:13,added,outages_20260703_165847.csv,outages_20260703_181624.csv,03/07/2026 17:13,03/07/2026 18:16
東京,東京電力リニューアブルパワー株式会社,31007,玉原発電所,水力,3号機,300000,計画停止,停止・その他,,2027/04/08 09:00,あり,2027/04/11,送電線作業に伴う発電制約,2026/07/03 17:13,added,outages_20260703_165847.csv,outages_20260703_181624.csv,03/07/2026 17:13,03/07/2026 18:16
東京,東京電力リニューアブルパワー株式会社,31007,玉原発電所,水力,2号機,300000,計画停止,停止・その他,,2027/04/08 09:00,あり,2027/04/11,送電線作業に伴う発電制約,2026/07/03 17:13,added,outages_20260703_165847.csv,outages_20260703_181624.csv,03/07/2026 17:13,03/07/2026 18:16
東京,東京電力リニューアブルパワー株式会社,31007,玉原発電所,水力,1号機,300000,計画停止,停止・その他,,2027/04/08 09:00,あり,2027/04/11,送電線作業に伴う発電制約,2026/07/03 17:13,added,outages_20260703_165847.csv,outages_20260703_181624.csv,03/07/2026 17:13,03/07/2026 18:16
東京,東京電力リニューアブルパワー株式会社,31007,玉原発電所,水力,4号機,300000,計画停止,停止・その他,,2027/04/02 09:00,あり,2027/04/05,送電線作業に伴う発電制約,2026/07/03 17:13,added,outages_20260703_165847.csv,outages_20260703_181624.csv,03/07/2026 17:13,03/07/2026 18:16
東京,東京電力リニューアブルパワー株式会社,31007,玉原発電所,水力,3号機,300000,計画停止,停止・その他,,2027/04/02 09:00,あり,2027/04/05,送電線作業に伴う発電制約,2026/07/03 17:13,added,outages_20260703_165847.csv,outages_20260703_181624.csv,03/07/2026 17:13,03/07/2026 18:16
東京,東京電力リニューアブルパワー株式会社,31007,玉原発電所,水力,2号機,300000,計画停止,停止・その他,,2027/04/02 09:00,あり,2027/04/05,送電線作業に伴う発電制約,2026/07/03 17:13,added,outages_20260703_165847.csv,outages_20260703_181624.csv,03/07/2026 17:13,03/07/2026 18:16
東京,東京電力リニューアブルパワー株式会社,31007,玉原発電所,水力,1号機,300000,計画停止,停止・その他,,2027/04/02 09:00,あり,2027/04/05,送電線作業に伴う発電制約,2026/07/03 17:13,added,outages_20260703_165847.csv,outages_20260703_181624.csv,03/07/2026 17:13,03/07/2026 18:16
東京,東京電力リニューアブルパワー株式会社,32201,葛野川発電所,水力,4号機,400000,計画停止,停止・その他,,2029/03/14 11:00,あり,2029/03/14,試験に伴う停止,2026/07/03 17:11,added,outages_20260703_165847.csv,outages_20260703_181624.csv,03/07/2026 17:11,03/07/2026 18:16
東京,東京電力リニューアブルパワー株式会社,32201,葛野川発電所,水力,2号機,400000,計画停止,停止・その他,,2029/03/14 11:00,あり,2029/03/14,試験に伴う停止,2026/07/03 17:11,added,outages_20260703_165847.csv,outages_20260703_181624.csv,03/07/2026 17:11,03/07/2026 18:16
東京,東京電力リニューアブルパワー株式会社,32201,葛野川発電所,水力,1号機,400000,計画停止,停止・その他,,2029/03/14 11:00,あり,2029/03/14,試験に伴う停止,2026/07/03 17:11,added,outages_20260703_165847.csv,outages_20260703_181624.csv,03/07/2026 17:11,03/07/2026 18:16
東京,東京電力リニューアブルパワー株式会社,32201,葛野川発電所,水力,4号機,400000,計画停止,停止・その他,,2028/10/11 09:00,あり,2028/10/11,機器点検,2026/07/03 17:11,added,outages_20260703_165847.csv,outages_20260703_181624.csv,03/07/2026 17:11,03/07/2026 18:16
東京,東京電力リニューアブルパワー株式会社,32201,葛野川発電所,水力,2号機,400000,計画停止,停止・その他,,2028/10/11 09:00,あり,2028/10/11,機器点検,2026/07/03 17:11,added,outages_20260703_165847.csv,outages_20260703_181624.csv,03/07/2026 17:11,03/07/2026 18:16
東京,東京電力リニューアブルパワー株式会社,32201,葛野川発電所,水力,1号機,400000,計画停止,停止・その他,,2028/10/10 09:00,あり,2028/10/10,機器点検,2026/07/03 17:11,added,outages_20260703_165847.csv,outages_20260703_181624.csv,03/07/2026 17:11,03/07/2026 18:16
東京,東京電力リニューアブルパワー株式会社,32201,葛野川発電所,水力,4号機,400000,計画停止,停止・その他,,2028/06/19 09:00,あり,2028/06/23,機器取替・修理,2026/07/03 17:11,added,outages_20260703_165847.csv,outages_20260703_181624.csv,03/07/2026 17:11,03/07/2026 18:16
東京,東京電力リニューアブルパワー株式会社,32201,葛野川発電所,水力,4号機,400000,計画停止,停止・その他,,2028/06/09 17:00,あり,2028/06/09,所内切替,2026/07/03 17:11,added,outages_20260703_165847.csv,outages_20260703_181624.csv,03/07/2026 17:11,03/07/2026 18:16
東京,東京電力リニューアブルパワー株式会社,32201,葛野川発電所,水力,2号機,400000,計画停止,停止・その他,,2028/06/09 17:00,あり,2028/06/09,所内切替,2026/07/03 17:11,added,outages_20260703_165847.csv,outages_20260703_181624.csv,03/07/2026 17:11,03/07/2026 18:16
東京,東京電力リニューアブルパワー株式会社,32201,葛野川発電所,水力,1号機,400000,計画停止,停止・その他,,2028/06/09 17:00,あり,2028/06/09,所内切替,2026/07/03 17:11,added,outages_20260703_165847.csv,outages_20260703_181624.csv,03/07/2026 17:11,03/07/2026 18:16
東京,東京電力リニューアブルパワー株式会社,32201,葛野川発電所,水力,1号機,400000,計画停止,停止・その他,,2028/06/06 09:00,あり,2028/06/06,機器点検,2026/07/03 17:11,added,outages_20260703_165847.csv,outages_20260703_181624.csv,03/07/2026 17:11,03/07/2026 18:16
東京,東京電力リニューアブルパワー株式会社,32201,葛野川発電所,水力,4号機,400000,計画停止,停止・その他,,2028/06/05 09:00,あり,2028/06/05,所内切替,2026/07/03 17:11,added,outages_20260703_165847.csv,outages_20260703_181624.csv,03/07/2026 17:11,03/07/2026 18:16
東京,東京電力リニューアブルパワー株式会社,32201,葛野川発電所,水力,2号機,400000,計画停止,停止・その他,,2028/06/05 09:00,あり,2028/06/05,所内切替,2026/07/03 17:11,added,outages_20260703_165847.csv,outages_20260703_181624.csv,03/07/2026 17:11,03/07/2026 18:16
東京,東京電力リニューアブルパワー株式会社,32201,葛野川発電所,水力,1号機,400000,計画停止,停止・その他,,2028/06/05 09:00,あり,2028/06/05,所内切替,2026/07/03 17:11,added,outages_20260703_165847.csv,outages_20260703_181624.csv,03/07/2026 17:11,03/07/2026 18:16
東京,東京電力リニューアブルパワー株式会社,32201,葛野川発電所,水力,2号機,400000,計画停止,停止・その他,,2028/06/05 09:00,あり,2028/06/09,機器取替・修理,2026/07/03 17:11,added,outages_20260703_165847.csv,outages_20260703_181624.csv,03/07/2026 17:11,03/07/2026 18:16
東京,東京電力リニューアブルパワー株式会社,32201,葛野川発電所,水力,1号機,400000,計画停止,停止・その他,,2028/06/05 09:00,あり,2028/06/09,機器取替・修理,2026/07/03 17:11,added,outages_20260703_165847.csv,outages_20260703_181624.csv,03/07/2026 17:11,03/07/2026 18:16
東京,東京電力リニューアブルパワー株式会社,32201,葛野川発電所,水力,2号機,400000,計画停止,停止・その他,,2028/06/05 09:00,あり,2028/06/16,機器点検,2026/07/03 17:11,added,outages_20260703_165847.csv,outages_20260703_181624.csv,03/07/2026 17:11,03/07/2026 18:16
東京,東京電力リニューアブルパワー株式会社,32201,葛野川発電所,水力,1号機,400000,計画停止,停止・その他,,2028/06/05 09:00,あり,2028/06/16,機器点検,2026/07/03 17:11,added,outages_20260703_165847.csv,outages_20260703_181624.csv,03/07/2026 17:11,03/07/2026 18:16
東京,東京電力リニューアブルパワー株式会社,32201,葛野川発電所,水力,4号機,400000,計画停止,停止・その他,,2028/05/19 10:00,あり,2028/05/19,試験に伴う停止,2026/07/03 17:11,added,outages_20260703_165847.csv,outages_20260703_181624.csv,03/07/2026 17:11,03/07/2026 18:16
東京,東京電力リニューアブルパワー株式会社,32201,葛野川発電所,水力,2号機,400000,計画停止,停止・その他,,2028/05/19 10:00,あり,2028/05/19,試験に伴う停止,2026/07/03 17:11,added,outages_20260703_165847.csv,outages_20260703_181624.csv,03/07/2026 17:11,03/07/2026 18:16
東京,東京電力リニューアブルパワー株式会社,32201,葛野川発電所,水力,1号機,400000,計画停止,停止・その他,,2028/05/19 10:00,あり,2028/05/19,試験に伴う停止,2026/07/03 17:11,added,outages_20260703_165847.csv,outages_20260703_181624.csv,03/07/2026 17:11,03/07/2026 18:16
東京,東京電力リニューアブルパワー株式会社,32201,葛野川発電所,水力,2号機,400000,計画停止,停止・その他,,2028/04/14 09:00,あり,2028/04/14,機器点検,2026/07/03 17:11,added,outages_20260703_165847.csv,outages_20260703_181624.csv,03/07/2026 17:11,03/07/2026 18:16
東京,東京電力リニューアブルパワー株式会社,32201,葛野川発電所,水力,4号機,400000,計画停止,停止・その他,,2028/04/14 09:00,あり,2028/04/14,機器点検,2026/07/03 17:11,added,outages_20260703_165847.csv,outages_20260703_181624.csv,03/07/2026 17:11,03/07/2026 18:16
東京,東京電力リニューアブルパワー株式会社,32201,葛野川発電所,水力,4号機,400000,計画停止,停止・その他,,2028/03/14 11:00,あり,2028/03/14,試験に伴う停止,2026/07/03 17:11,added,outages_20260703_165847.csv,outages_20260703_181624.csv,03/07/2026 17:11,03/07/2026 18:16
東京,東京電力リニューアブルパワー株式会社,32201,葛野川発電所,水力,2号機,400000,計画停止,停止・その他,,2028/03/14 11:00,あり,2028/03/14,試験に伴う停止,2026/07/03 17:11,added,outages_20260703_165847.csv,outages_20260703_181624.csv,03/07/2026 17:11,03/07/2026 18:16
東京,東京電力リニューアブルパワー株式会社,32201,葛野川発電所,水力,1号機,400000,計画停止,停止・その他,,2028/03/14 11:00,あり,2028/03/14,試験に伴う停止,2026/07/03 17:11,added,outages_20260703_165847.csv,outages_20260703_181624.csv,03/07/2026 17:11,03/07/2026 18:16
東京,東京電力リニューアブルパワー株式会社,32201,葛野川発電所,水力,1号機,400000,計画停止,停止・その他,,2028/01/17 09:00,あり,2028/01/17,機器点検,2026/07/03 17:11,added,outages_20260703_165847.csv,outages_20260703_181624.csv,03/07/2026 17:11,03/07/2026 18:16
東京,東京電力リニューアブルパワー株式会社,32201,葛野川発電所,水力,2号機,400000,計画停止,停止・その他,,2027/10/26 09:00,あり,2027/10/26,機器点検,2026/07/03 17:11,added,outages_20260703_165847.csv,outages_20260703_181624.csv,03/07/2026 17:11,03/07/2026 18:16
東京,東京電力リニューアブルパワー株式会社,32201,葛野川発電所,水力,4号機,400000,計画停止,停止・その他,,2027/10/26 09:00,あり,2027/10/26,機器点検,2026/07/03 17:11,added,outages_20260703_165847.csv,outages_20260703_181624.csv,03/07/2026 17:11,03/07/2026 18:16
東京,東京電力リニューアブルパワー株式会社,32201,葛野川発電所,水力,4号機,400000,計画停止,停止・その他,,2027/09/27 10:00,あり,2027/09/27,試験に伴う停止,2026/07/03 17:11,added,outages_20260703_165847.csv,outages_20260703_181624.csv,03/07/2026 17:11,03/07/2026 18:16
東京,東京電力リニューアブルパワー株式会社,32201,葛野川発電所,水力,2号機,400000,計画停止,停止・その他,,2027/09/27 10:00,あり,2027/09/27,試験に伴う停止,2026/07/03 17:11,added,outages_20260703_165847.csv,outages_20260703_181624.csv,03/07/2026 17:11,03/07/2026 18:16
東京,東京電力リニューアブルパワー株式会社,32201,葛野川発電所,水力,1号機,400000,計画停止,停止・その他,,2027/09/27 10:00,あり,2027/09/27,試験に伴う停止,2026/07/03 17:11,added,outages_20260703_165847.csv,outages_20260703_181624.csv,03/07/2026 17:11,03/07/2026 18:16
東京,東京電力リニューアブルパワー株式会社,32201,葛野川発電所,水力,4号機,400000,計画停止,停止・その他,,2027/06/23 17:00,あり,2027/07/16,試験に伴う出力指定,2026/07/03 17:11,added,outages_20260703_165847.csv,outages_20260703_181624.csv,03/07/2026 17:11,03/07/2026 18:16
東京,東京電力リニューアブルパワー株式会社,32201,葛野川発電所,水力,2号機,400000,計画停止,停止・その他,,2027/06/23 17:00,あり,2027/07/16,試験に伴う出力指定,2026/07/03 17:11,added,outages_20260703_165847.csv,outages_20260703_181624.csv,03/07/2026 17:11,03/07/2026 18:16
東京,東京電力リニューアブルパワー株式会社,32201,葛野川発電所,水力,1号機,400000,計画停止,停止・その他,,2027/06/23 17:00,あり,2027/07/16,試験に伴う出力指定,2026/07/03 17:11,added,outages_20260703_165847.csv,outages_20260703_181624.csv,03/07/2026 17:11,03/07/2026 18:16
東京,東京電力リニューアブルパワー株式会社,32201,葛野川発電所,水力,2号機,400000,計画停止,停止・その他,,2027/06/15 09:00,あり,2027/06/18,機器点検,2026/07/03 17:11,added,outages_20260703_165847.csv,outages_20260703_181624.csv,03/07/2026 17:11,03/07/2026 18:16
東京,東京電力リニューアブルパワー株式会社,32201,葛野川発電所,水力,4号機,400000,計画停止,停止・その他,,2027/06/07 09:00,あり,2027/06/23,機器取替・修理,2026/07/03 17:11,added,outages_20260703_165847.csv,outages_20260703_181624.csv,03/07/2026 17:11,03/07/2026 18:16
東京,東京電力リニューアブルパワー株式会社,32201,葛野川発電所,水力,2号機,400000,計画停止,停止・その他,,2027/06/07 09:00,あり,2027/06/23,機器取替・修理,2026/07/03 17:11,added,outages_20260703_165847.csv,outages_20260703_181624.csv,03/07/2026 17:11,03/07/2026 18:16
東京,東京電力リニューアブルパワー株式会社,32201,葛野川発電所,水力,1号機,400000,計画停止,停止・その他,,2027/06/07 09:00,あり,2027/06/23,機器取替・修理,2026/07/03 17:11,added,outages_20260703_165847.csv,outages_20260703_181624.csv,03/07/2026 17:11,03/07/2026 18:16
東京,東京電力リニューアブルパワー株式会社,32201,葛野川発電所,水力,2号機,400000,計画停止,停止・その他,,2027/06/07 09:00,あり,2027/07/16,機器取替・修理,2026/07/03 17:11,added,outages_20260703_165847.csv,outages_20260703_181624.csv,03/07/2026 17:11,03/07/2026 18:16
東京,東京電力リニューアブルパワー株式会社,32201,葛野川発電所,水力,1号機,400000,計画停止,停止・その他,,2027/06/07 09:00,あり,2027/07/16,機器取替・修理,2026/07/03 17:11,added,outages_20260703_165847.csv,outages_20260703_181624.csv,03/07/2026 17:11,03/07/2026 18:16
東京,東京電力リニューアブルパワー株式会社,32201,葛野川発電所,水力,2号機,400000,計画停止,停止・その他,,2027/05/24 09:00,あり,2027/06/23,機器取替・修理,2026/07/03 17:11,added,outages_20260703_165847.csv,outages_20260703_181624.csv,03/07/2026 17:11,03/07/2026 18:16
東京,東京電力リニューアブルパワー株式会社,32201,葛野川発電所,水力,4号機,400000,計画停止,停止・その他,,2027/04/27 09:00,あり,2027/04/27,機器点検,2026/07/03 17:11,added,outages_20260703_165847.csv,outages_20260703_181624.csv,03/07/2026 17:11,03/07/2026 18:16
東京,東京電力リニューアブルパワー株式会社,32201,葛野川発電所,水力,2号機,400000,計画停止,停止・その他,,2027/04/27 09:00,あり,2027/04/27,機器点検,2026/07/03 17:11,added,outages_20260703_165847.csv,outages_20260703_181624.csv,03/07/2026 17:11,03/07/2026 18:16
東京,東京電力リニューアブルパワー株式会社,30202,塩原発電所,水力,1号機,300000,計画停止,停止・その他,,2029/02/19 09:00,あり,2029/02/19,機器点検,2026/07/03 17:10,added,outages_20260703_165847.csv,outages_20260703_181624.csv,03/07/2026 17:10,03/07/2026 18:16
東京,東京電力リニューアブルパワー株式会社,30202,塩原発電所,水力,1号機,300000,計画停止,停止・その他,,2029/02/19 08:00,あり,2029/02/19,機器点検,2026/07/03 17:10,added,outages_20260703_165847.csv,outages_20260703_181624.csv,03/07/2026 17:10,03/07/2026 18:16
東京,東京電力リニューアブルパワー株式会社,30202,塩原発電所,水力,3号機,300000,計画停止,停止・その他,,2028/11/21 09:00,あり,2028/11/21,機器点検,2026/07/03 17:10,added,outages_20260703_165847.csv,outages_20260703_181624.csv,03/07/2026 17:10,03/07/2026 18:16
東京,東京電力リニューアブルパワー株式会社,30202,塩原発電所,水力,1号機,300000,計画停止,停止・その他,,2028/11/20 08:00,あり,2028/11/20,機器点検,2026/07/03 17:10,added,outages_20260703_165847.csv,outages_20260703_181624.csv,03/07/2026 17:10,03/07/2026 18:16
東京,東京電力リニューアブルパワー株式会社,30202,塩原発電所,水力,1号機,300000,計画停止,停止・その他,,2028/11/20 09:00,あり,2028/11/20,機器点検,2026/07/03 17:10,added,outages_20260703_165847.csv,outages_20260703_181624.csv,03/07/2026 17:10,03/07/2026 18:16
東京,東京電力リニューアブルパワー株式会社,30202,塩原発電所,水力,2号機,300000,計画停止,停止・その他,,2028/10/02 09:00,あり,2029/06/08,機器点検,2026/07/03 17:10,added,outages_20260703_165847.csv,outages_20260703_181624.csv,03/07/2026 17:10,03/07/2026 18:16
東京,東京電力リニューアブルパワー株式会社,30202,塩原発電所,水力,3号機,300000,計画停止,停止・その他,,2028/10/02 08:30,あり,2028/10/02,所内切替,2026/07/03 17:10,added,outages_20260703_165847.csv,outages_20260703_181624.csv,03/07/2026 17:10,03/07/2026 18:16
東京,東京電力リニューアブルパワー株式会社,30202,塩原発電所,水力,2号機,300000,計画停止,停止・その他,,2028/10/02 08:30,あり,2028/10/02,所内切替,2026/07/03 17:10,added,outages_20260703_165847.csv,outages_20260703_181624.csv,03/07/2026 17:10,03/07/2026 18:16
東京,東京電力リニューアブルパワー株式会社,30202,塩原発電所,水力,1号機,300000,計画停止,停止・その他,,2028/10/02 08:30,あり,2028/10/02,所内切替,2026/07/03 17:10,added,outages_20260703_165847.csv,outages_20260703_181624.csv,03/07/2026 17:10,03/07/2026 18:16
東京,東京電力リニューアブルパワー株式会社,30202,塩原発電所,水力,1号機,300000,計画停止,停止・その他,,2028/09/19 08:00,あり,2028/09/19,機器点検,2026/07/03 17:10,added,outages_20260703_165847.csv,outages_20260703_181624.csv,03/07/2026 17:10,03/07/2026 18:16
東京,東京電力リニューアブルパワー株式会社,30202,塩原発電所,水力,1号機,300000,計画停止,停止・その他,,2028/09/19 09:00,あり,2028/09/19,機器点検,2026/07/03 17:10,added,outages_20260703_165847.csv,outages_20260703_181624.csv,03/07/2026 17:10,03/07/2026 18:16
東京,東京電力リニューアブルパワー株式会社,30202,塩原発電所,水力,3号機,300000,計画停止,停止・その他,,2028/08/01 09:00,あり,2028/08/18,他号機試験に伴う停止,2026/07/03 17:10,added,outages_20260703_165847.csv,outages_20260703_181624.csv,03/07/2026 17:10,03/07/2026 18:16
東京,東京電力リニューアブルパワー株式会社,30202,塩原発電所,水力,2号機,300000,計画停止,停止・その他,,2028/08/01 09:00,あり,2028/08/18,他号機試験に伴う停止,2026/07/03 17:10,added,outages_20260703_165847.csv,outages_20260703_181624.csv,03/07/2026 17:10,03/07/2026 18:16
東京,東京電力リニューアブルパワー株式会社,30202,塩原発電所,水力,1号機,300000,計画停止,停止・その他,,2028/08/01 09:00,あり,2028/08/18,試験に伴う出力指定,2026/07/03 17:10,added,outages_20260703_165847.csv,outages_20260703_181624.csv,03/07/2026 17:10,03/07/2026 18:16
東京,東京電力リニューアブルパワー株式会社,30202,塩原発電所,水力,3号機,300000,計画停止,停止・その他,,2028/05/23 09:00,あり,2028/05/23,機器点検,2026/07/03 17:10,added,outages_20260703_165847.csv,outages_20260703_181624.csv,03/07/2026 17:10,03/07/2026 18:16
東京,東京電力リニューアブルパワー株式会社,30202,塩原発電所,水力,1号機,300000,計画停止,停止・その他,,2027/12/01 09:00,あり,2028/08/01,機器点検,2026/07/03 17:10,added,outages_20260703_165847.csv,outages_20260703_181624.csv,03/07/2026 17:10,03/07/2026 18:16
東京,東京電力リニューアブルパワー株式会社,30202,塩原発電所,水力,3号機,300000,計画停止,停止・その他,,2027/09/12 17:00,あり,2027/09/12,所内切替,2026/07/03 17:10,added,outages_20260703_165847.csv,outages_20260703_181624.csv,03/07/2026 17:10,03/07/2026 18:16
東京,東京電力リニューアブルパワー株式会社,30202,塩原発電所,水力,2号機,300000,計画停止,停止・その他,,2027/09/12 17:00,あり,2027/09/12,所内切替,2026/07/03 17:10,added,outages_20260703_165847.csv,outages_20260703_181624.csv,03/07/2026 17:10,03/07/2026 18:16
東京,東京電力リニューアブルパワー株式会社,30202,塩原発電所,水力,1号機,300000,計画停止,停止・その他,,2027/09/12 17:00,あり,2027/09/12,所内切替,2026/07/03 17:10,added,outages_20260703_165847.csv,outages_20260703_181624.csv,03/07/2026 17:10,03/07/2026 18:16
東京,東京電力リニューアブルパワー株式会社,30202,塩原発電所,水力,3号機,300000,計画停止,停止・その他,,2027/08/19 08:00,あり,2027/09/15,送電線作業に伴う運用停止,2026/07/03 17:10,added,outages_20260703_165847.csv,outages_20260703_181624.csv,03/07/2026 17:10,03/07/2026 18:16
東京,東京電力リニューアブルパワー株式会社,30202,塩原発電所,水力,2号機,300000,計画停止,停止・その他,,2027/08/19 08:00,あり,2027/09/15,送電線作業に伴う運用停止,2026/07/03 17:10,added,outages_20260703_165847.csv,outages_20260703_181624.csv,03/07/2026 17:10,03/07/2026 18:16
東京,東京電力リニューアブルパワー株式会社,30202,塩原発電所,水力,1号機,300000,計画停止,停止・その他,,2027/08/19 08:00,あり,2027/09/15,送電線作業に伴う運用停止,2026/07/03 17:10,added,outages_20260703_165847.csv,outages_20260703_181624.csv,03/07/2026 17:10,03/07/2026 18:16
東京,東京電力リニューアブルパワー株式会社,30202,塩原発電所,水力,3号機,300000,計画停止,停止・その他,,2027/08/19 08:30,あり,2027/08/19,所内切替,2026/07/03 17:10,added,outages_20260703_165847.csv,outages_20260703_181624.csv,03/07/2026 17:10,03/07/2026 18:16
東京,東京電力リニューアブルパワー株式会社,30202,塩原発電所,水力,2号機,300000,計画停止,停止・その他,,2027/08/19 08:30,あり,2027/08/19,所内切替,2026/07/03 17:10,added,outages_20260703_165847.csv,outages_20260703_181624.csv,03/07/2026 17:10,03/07/2026 18:16
東京,東京電力リニューアブルパワー株式会社,30202,塩原発電所,水力,1号機,300000,計画停止,停止・その他,,2027/08/19 08:30,あり,2027/08/19,所内切替,2026/07/03 17:10,added,outages_20260703_165847.csv,outages_20260703_181624.csv,03/07/2026 17:10,03/07/2026 18:16
東京,東京電力リニューアブルパワー株式会社,30202,塩原発電所,水力,3号機,300000,計画停止,停止・その他,,2027/08/19 09:00,あり,2027/09/12,機器点検・修理,2026/07/03 17:10,added,outages_20260703_165847.csv,outages_20260703_181624.csv,03/07/2026 17:10,03/07/2026 18:16
東京,東京電力リニューアブルパワー株式会社,30202,塩原発電所,水力,2号機,300000,計画停止,停止・その他,,2027/08/19 09:00,あり,2027/09/12,機器点検・修理,2026/07/03 17:10,added,outages_20260703_165847.csv,outages_20260703_181624.csv,03/07/2026 17:10,03/07/2026 18:16
東京,東京電力リニューアブルパワー株式会社,30202,塩原発電所,水力,1号機,300000,計画停止,停止・その他,,2027/08/19 09:00,あり,2027/09/12,機器点検・修理,2026/07/03 17:10,added,outages_20260703_165847.csv,outages_20260703_181624.csv,03/07/2026 17:10,03/07/2026 18:16
東京,東京電力リニューアブルパワー株式会社,30202,塩原発電所,水力,3号機,300000,計画停止,停止・その他,,2027/05/25 09:00,あり,2027/05/25,機器点検,2026/07/03 17:10,added,outages_20260703_165847.csv,outages_20260703_181624.csv,03/07/2026 17:10,03/07/2026 18:16
東京,東京電力リニューアブルパワー株式会社,30202,塩原発電所,水力,3号機,300000,計画停止,停止・その他,,2027/05/25 08:00,あり,2027/05/25,機器点検,2026/07/03 17:10,added,outages_20260703_165847.csv,outages_20260703_181624.csv,03/07/2026 17:10,03/07/2026 18:16
東京,東京電力リニューアブルパワー株式会社,31302,安曇発電所,水力,1号機,105500,計画停止,停止・その他,,2029/03/02 07:00,あり,2029/03/02,試験に伴う出力指定,2026/07/03 17:08,added,outages_20260703_165847.csv,outages_20260703_181624.csv,03/07/2026 17:08,03/07/2026 18:16
東京,東京電力リニューアブルパワー株式会社,31302,安曇発電所,水力,6号機,103000,計画停止,停止・その他,,2028/11/16 08:00,あり,2029/02/28,機器点検・修理,2026/07/03 17:08,added,outages_20260703_165847.csv,outages_20260703_181624.csv,03/07/2026 17:08,03/07/2026 18:16
東京,東京電力リニューアブルパワー株式会社,31302,安曇発電所,水力,5号機,103000,計画停止,停止・その他,,2028/11/16 08:00,あり,2029/02/28,機器点検・修理,2026/07/03 17:08,added,outages_20260703_165847.csv,outages_20260703_181624.csv,03/07/2026 17:08,03/07/2026 18:16
東京,東京電力リニューアブルパワー株式会社,31302,安曇発電所,水力,4号機,103000,計画停止,停止・その他,,2028/11/16 08:00,あり,2029/02/28,機器点検・修理,2026/07/03 17:08,added,outages_20260703_165847.csv,outages_20260703_181624.csv,03/07/2026 17:08,03/07/2026 18:16
東京,東京電力リニューアブルパワー株式会社,31302,安曇発電所,水力,3号機,103000,計画停止,停止・その他,,2028/11/16 08:00,あり,2029/02/28,機器点検・修理,2026/07/03 17:08,added,outages_20260703_165847.csv,outages_20260703_181624.csv,03/07/2026 17:08,03/07/2026 18:16
東京,東京電力リニューアブルパワー株式会社,31302,安曇発電所,水力,2号機,105500,計画停止,停止・その他,,2028/11/16 08:00,あり,2029/02/28,機器点検・修理,2026/07/03 17:08,added,outages_20260703_165847.csv,outages_20260703_181624.csv,03/07/2026 17:08,03/07/2026 18:16
東京,東京電力リニューアブルパワー株式会社,31302,安曇発電所,水力,1号機,105500,計画停止,停止・その他,,2028/11/16 08:00,あり,2029/02/28,機器点検・修理,2026/07/03 17:08,added,outages_20260703_165847.csv,outages_20260703_181624.csv,03/07/2026 17:08,03/07/2026 18:16
東京,東京電力リニューアブルパワー株式会社,31302,安曇発電所,水力,6号機,103000,計画停止,停止・その他,,2028/11/14 09:00,あり,2028/11/14,他号機停止に伴う停止,2026/07/03 17:08,added,outages_20260703_165847.csv,outages_20260703_181624.csv,03/07/2026 17:08,03/07/2026 18:16
東京,東京電力リニューアブルパワー株式会社,31302,安曇発電所,水力,5号機,103000,計画停止,停止・その他,,2028/11/14 09:00,あり,2028/11/14,他号機停止に伴う停止,2026/07/03 17:08,added,outages_20260703_165847.csv,outages_20260703_181624.csv,03/07/2026 17:08,03/07/2026 18:16
東京,東京電力リニューアブルパワー株式会社,31302,安曇発電所,水力,3号機,103000,計画停止,停止・その他,,2028/11/14 09:00,あり,2028/11/14,他号機停止に伴う停止,2026/07/03 17:08,added,outages_20260703_165847.csv,outages_20260703_181624.csv,03/07/2026 17:08,03/07/2026 18:16
東京,東京電力リニューアブルパワー株式会社,31302,安曇発電所,水力,2号機,105500,計画停止,停止・その他,,2028/11/14 09:00,あり,2028/11/14,他号機停止に伴う停止,2026/07/03 17:08,added,outages_20260703_165847.csv,outages_20260703_181624.csv,03/07/2026 17:08,03/07/2026 18:16
東京,東京電力リニューアブルパワー株式会社,31302,安曇発電所,水力,1号機,105500,計画停止,停止・その他,,2028/11/14 09:00,あり,2028/11/14,他号機停止に伴う停止,2026/07/03 17:08,added,outages_20260703_165847.csv,outages_20260703_181624.csv,03/07/2026 17:08,03/07/2026 18:16
東京,東京電力リニューアブルパワー株式会社,31302,安曇発電所,水力,4号機,103000,計画停止,停止・その他,,2028/11/14 08:30,あり,2028/11/14,機器点検,2026/07/03 17:08,added,outages_20260703_165847.csv,outages_20260703_181624.csv,03/07/2026 17:08,03/07/2026 18:16
東京,東京電力リニューアブルパワー株式会社,31302,安曇発電所,水力,4号機,103000,計画停止,停止・その他,,2028/11/14 09:00,あり,2029/03/02,機器点検,2026/07/03 17:08,added,outages_20260703_165847.csv,outages_20260703_181624.csv,03/07/2026 17:08,03/07/2026 18:16
東京,東京電力リニューアブルパワー株式会社,31302,安曇発電所,水力,6号機,103000,計画停止,停止・その他,,2028/06/01 08:30,あり,2028/06/01,機器点検,2026/07/03 17:08,added,outages_20260703_165847.csv,outages_20260703_181624.csv,03/07/2026 17:08,03/07/2026 18:16
東京,東京電力リニューアブルパワー株式会社,31302,安曇発電所,水力,5号機,103000,計画停止,停止・その他,,2028/06/01 09:00,あり,2028/06/01,他号機停止に伴う停止,2026/07/03 17:08,added,outages_20260703_165847.csv,outages_20260703_181624.csv,03/07/2026 17:08,03/07/2026 18:16
東京,東京電力リニューアブルパワー株式会社,31302,安曇発電所,水力,4号機,103000,計画停止,停止・その他,,2028/06/01 09:00,あり,2028/06/01,他号機停止に伴う停止,2026/07/03 17:08,added,outages_20260703_165847.csv,outages_20260703_181624.csv,03/07/2026 17:08,03/07/2026 18:16
東京,東京電力リニューアブルパワー株式会社,31302,安曇発電所,水力,3号機,103000,計画停止,停止・その他,,2028/06/01 09:00,あり,2028/06/01,他号機停止に伴う停止,2026/07/03 17:08,added,outages_20260703_165847.csv,outages_20260703_181624.csv,03/07/2026 17:08,03/07/2026 18:16
東京,東京電力リニューアブルパワー株式会社,31302,安曇発電所,水力,2号機,105500,計画停止,停止・その他,,2028/06/01 09:00,あり,2028/06/01,他号機停止に伴う停止,2026/07/03 17:08,added,outages_20260703_165847.csv,outages_20260703_181624.csv,03/07/2026 17:08,03/07/2026 18:16
東京,東京電力リニューアブルパワー株式会社,31302,安曇発電所,水力,1号機,105500,計画停止,停止・その他,,2028/06/01 09:00,あり,2028/06/01,他号機停止に伴う停止,2026/07/03 17:08,added,outages_20260703_165847.csv,outages_20260703_181624.csv,03/07/2026 17:08,03/07/2026 18:16
東京,東京電力リニューアブルパワー株式会社,31302,安曇発電所,水力,6号機,103000,計画停止,停止・その他,,2028/06/01 09:00,あり,2028/07/28,機器点検・修理,2026/07/03 17:08,added,outages_20260703_165847.csv,outages_20260703_181624.csv,03/07/2026 17:08,03/07/2026 18:16
東京,東京電力リニューアブルパワー株式会社,31302,安曇発電所,水力,1号機,105500,計画停止,停止・その他,,2028/04/26 09:00,あり,2028/04/26,機器点検,2026/07/03 17:08,added,outages_20260703_165847.csv,outages_20260703_181624.csv,03/07/2026 17:08,03/07/2026 18:16
東京,東京電力リニューアブルパワー株式会社,31302,安曇発電所,水力,5号機,103000,計画停止,停止・その他,,2028/04/20 08:30,あり,2028/04/20,機器点検,2026/07/03 17:08,added,outages_20260703_165847.csv,outages_20260703_181624.csv,03/07/2026 17:08,03/07/2026 18:16
東京,東京電力リニューアブルパワー株式会社,31302,安曇発電所,水力,6号機,103000,計画停止,停止・その他,,2028/04/20 09:00,あり,2028/04/20,他号機停止に伴う停止,2026/07/03 17:08,added,outages_20260703_165847.csv,outages_20260703_181624.csv,03/07/2026 17:08,03/07/2026 18:16
東京,東京電力リニューアブルパワー株式会社,31302,安曇発電所,水力,4号機,103000,計画停止,停止・その他,,2028/04/20 09:00,あり,2028/04/20,他号機停止に伴う停止,2026/07/03 17:08,added,outages_20260703_165847.csv,outages_20260703_181624.csv,03/07/2026 17:08,03/07/2026 18:16
東京,東京電力リニューアブルパワー株式会社,31302,安曇発電所,水力,3号機,103000,計画停止,停止・その他,,2028/04/20 09:00,あり,2028/04/20,他号機停止に伴う停止,2026/07/03 17:08,added,outages_20260703_165847.csv,outages_20260703_181624.csv,03/07/2026 17:08,03/07/2026 18:16
東京,東京電力リニューアブルパワー株式会社,31302,安曇発電所,水力,2号機,105500,計画停止,停止・その他,,2028/04/20 09:00,あり,2028/04/20,他号機停止に伴う停止,2026/07/03 17:08,added,outages_20260703_165847.csv,outages_20260703_181624.csv,03/07/2026 17:08,03/07/2026 18:16
東京,東京電力リニューアブルパワー株式会社,31302,安曇発電所,水力,1号機,105500,計画停止,停止・その他,,2028/04/20 09:00,あり,2028/04/20,他号機停止に伴う停止,2026/07/03 17:08,added,outages_20260703_165847.csv,outages_20260703_181624.csv,03/07/2026 17:08,03/07/2026 18:16
東京,東京電力リニューアブルパワー株式会社,31302,安曇発電所,水力,5号機,103000,計画停止,停止・その他,,2028/04/20 09:00,あり,2028/05/31,機器点検・修理,2026/07/03 17:08,added,outages_20260703_165847.csv,outages_20260703_181624.csv,03/07/2026 17:08,03/07/2026 18:16
東京,東京電力リニューアブルパワー株式会社,31302,安曇発電所,水力,6号機,103000,計画停止,停止・その他,,2028/04/13 13:00,あり,2028/04/13,試験に伴う出力指定,2026/07/03 17:08,added,outages_20260703_165847.csv,outages_20260703_181624.csv,03/07/2026 17:08,03/07/2026 18:16
東京,東京電力リニューアブルパワー株式会社,31302,安曇発電所,水力,6号機,103000,計画停止,停止・その他,,2028/04/04 09:00,あり,2028/04/04,他号機停止に伴う停止,2026/07/03 17:08,added,outages_20260703_165847.csv,outages_20260703_181624.csv,03/07/2026 17:08,03/07/2026 18:16
東京,東京電力リニューアブルパワー株式会社,31302,安曇発電所,水力,5号機,103000,計画停止,停止・その他,,2028/04/04 09:00,あり,2028/04/04,他号機停止に伴う停止,2026/07/03 17:08,added,outages_20260703_165847.csv,outages_20260703_181624.csv,03/07/2026 17:08,03/07/2026 18:16
東京,東京電力リニューアブルパワー株式会社,31302,安曇発電所,水力,3号機,103000,計画停止,停止・その他,,2028/04/04 09:00,あり,2028/04/04,他号機停止に伴う停止,2026/07/03 17:08,added,outages_20260703_165847.csv,outages_20260703_181624.csv,03/07/2026 17:08,03/07/2026 18:16
東京,東京電力リニューアブルパワー株式会社,31302,安曇発電所,水力,1号機,105500,計画停止,停止・その他,,2028/04/04 09:00,あり,2028/04/04,他号機停止に伴う停止,2026/07/03 17:08,added,outages_20260703_165847.csv,outages_20260703_181624.csv,03/07/2026 17:08,03/07/2026 18:16
東京,東京電力リニューアブルパワー株式会社,31302,安曇発電所,水力,2号機,105500,計画停止,停止・その他,,2028/04/04 08:30,あり,2028/04/04,機器点検,2026/07/03 17:08,added,outages_20260703_165847.csv,outages_20260703_181624.csv,03/07/2026 17:08,03/07/2026 18:16
東京,東京電力リニューアブルパワー株式会社,31302,安曇発電所,水力,2号機,105500,計画停止,停止・その他,,2028/04/04 09:00,あり,2028/04/13,機器点検,2026/07/03 17:08,added,outages_20260703_165847.csv,outages_20260703_181624.csv,03/07/2026 17:08,03/07/2026 18:16
東京,東京電力リニューアブルパワー株式会社,31302,安曇発電所,水力,4号機,103000,計画停止,停止・その他,,2028/03/09 08:30,あり,2028/03/09,機器点検,2026/07/03 17:08,added,outages_20260703_165847.csv,outages_20260703_181624.csv,03/07/2026 17:08,03/07/2026 18:16
東京,東京電力リニューアブルパワー株式会社,31302,安曇発電所,水力,4号機,103000,計画停止,停止・その他,,2028/03/09 09:00,あり,2028/04/19,機器点検・修理,2026/07/03 17:08,added,outages_20260703_165847.csv,outages_20260703_181624.csv,03/07/2026 17:08,03/07/2026 18:16
東京,東京電力リニューアブルパワー株式会社,31302,安曇発電所,水力,6号機,103000,計画停止,停止・その他,,2028/03/09 09:00,あり,2028/03/09,他号機停止に伴う停止,2026/07/03 17:08,added,outages_20260703_165847.csv,outages_20260703_181624.csv,03/07/2026 17:08,03/07/2026 18:16
東京,東京電力リニューアブルパワー株式会社,31302,安曇発電所,水力,5号機,103000,計画停止,停止・その他,,2028/03/09 09:00,あり,2028/03/09,他号機停止に伴う停止,2026/07/03 17:08,added,outages_20260703_165847.csv,outages_20260703_181624.csv,03/07/2026 17:08,03/07/2026 18:16
東京,東京電力リニューアブルパワー株式会社,31302,安曇発電所,水力,3号機,103000,計画停止,停止・その他,,2028/03/09 09:00,あり,2028/03/09,他号機停止に伴う停止,2026/07/03 17:08,added,outages_20260703_165847.csv,outages_20260703_181624.csv,03/07/2026 17:08,03/07/2026 18:16
東京,東京電力リニューアブルパワー株式会社,31302,安曇発電所,水力,2号機,105500,計画停止,停止・その他,,2028/03/09 09:00,あり,2028/03/09,他号機停止に伴う停止,2026/07/03 17:08,added,outages_20260703_165847.csv,outages_20260703_181624.csv,03/07/2026 17:08,03/07/2026 18:16
東京,東京電力リニューアブルパワー株式会社,31302,安曇発電所,水力,1号機,105500,計画停止,停止・その他,,2028/03/09 09:00,あり,2028/03/09,他号機停止に伴う停止,2026/07/03 17:08,added,outages_20260703_165847.csv,outages_20260703_181624.csv,03/07/2026 17:08,03/07/2026 18:16
東京,東京電力リニューアブルパワー株式会社,31302,安曇発電所,水力,1号機,105500,計画停止,停止・その他,,2028/03/08 07:00,あり,2028/03/08,試験に伴う出力指定,2026/07/03 17:08,added,outages_20260703_165847.csv,outages_20260703_181624.csv,03/07/2026 17:08,03/07/2026 18:16
東京,東京電力リニューアブルパワー株式会社,31302,安曇発電所,水力,6号機,103000,計画停止,停止・その他,,2027/12/01 09:00,あり,2027/12/01,他号機停止に伴う停止,2026/07/03 17:08,added,outages_20260703_165847.csv,outages_20260703_181624.csv,03/07/2026 17:08,03/07/2026 18:16
東京,東京電力リニューアブルパワー株式会社,31302,安曇発電所,水力,5号機,103000,計画停止,停止・その他,,2027/12/01 09:00,あり,2027/12/01,他号機停止に伴う停止,2026/07/03 17:08,added,outages_20260703_165847.csv,outages_20260703_181624.csv,03/07/2026 17:08,03/07/2026 18:16
東京,東京電力リニューアブルパワー株式会社,31302,安曇発電所,水力,4号機,103000,計画停止,停止・その他,,2027/12/01 09:00,あり,2027/12/01,他号機停止に伴う停止,2026/07/03 17:08,added,outages_20260703_165847.csv,outages_20260703_181624.csv,03/07/2026 17:08,03/07/2026 18:16
東京,東京電力リニューアブルパワー株式会社,31302,安曇発電所,水力,2号機,105500,計画停止,停止・その他,,2027/12/01 09:00,あり,2027/12/01,他号機停止に伴う停止,2026/07/03 17:08,added,outages_20260703_165847.csv,outages_20260703_181624.csv,03/07/2026 17:08,03/07/2026 18:16
東京,東京電力リニューアブルパワー株式会社,31302,安曇発電所,水力,1号機,105500,計画停止,停止・その他,,2027/12/01 09:00,あり,2027/12/01,他号機停止に伴う停止,2026/07/03 17:08,added,outages_20260703_165847.csv,outages_20260703_181624.csv,03/07/2026 17:08,03/07/2026 18:16
東京,東京電力リニューアブルパワー株式会社,31302,安曇発電所,水力,3号機,103000,計画停止,停止・その他,,2027/12/01 08:30,あり,2027/12/01,機器点検,2026/07/03 17:08,added,outages_20260703_165847.csv,outages_20260703_181624.csv,03/07/2026 17:08,03/07/2026 18:16
東京,東京電力リニューアブルパワー株式会社,31302,安曇発電所,水力,3号機,103000,計画停止,停止・その他,,2027/12/01 09:00,あり,2028/03/08,機器点検・修理,2026/07/03 17:08,added,outages_20260703_165847.csv,outages_20260703_181624.csv,03/07/2026 17:08,03/07/2026 18:16
東京,東京電力リニューアブルパワー株式会社,31302,安曇発電所,水力,2号機,105500,計画停止,停止・その他,,2027/06/10 07:00,あり,2027/06/10,試験に伴う出力指定,2026/07/03 17:08,added,outages_20260703_165847.csv,outages_20260703_181624.csv,03/07/2026 17:08,03/07/2026 18:16
東京,東京電力リニューアブルパワー株式会社,31302,安曇発電所,水力,6号機,103000,計画停止,停止・その他,,2027/05/14 08:00,あり,2027/06/07,機器点検・修理,2026/07/03 17:08,added,outages_20260703_165847.csv,outages_20260703_181624.csv,03/07/2026 17:08,03/07/2026 18:16
東京,東京電力リニューアブルパワー株式会社,31302,安曇発電所,水力,5号機,103000,計画停止,停止・その他,,2027/05/14 08:00,あり,2027/06/07,機器点検・修理,2026/07/03 17:08,added,outages_20260703_165847.csv,outages_20260703_181624.csv,03/07/2026 17:08,03/07/2026 18:16
東京,東京電力リニューアブルパワー株式会社,31302,安曇発電所,水力,4号機,103000,計画停止,停止・その他,,2027/05/14 08:00,あり,2027/06/07,機器点検・修理,2026/07/03 17:08,added,outages_20260703_165847.csv,outages_20260703_181624.csv,03/07/2026 17:08,03/07/2026 18:16
東京,東京電力リニューアブルパワー株式会社,31302,安曇発電所,水力,3号機,103000,計画停止,停止・その他,,2027/05/14 08:00,あり,2027/06/07,機器点検・修理,2026/07/03 17:08,added,outages_20260703_165847.csv,outages_20260703_181624.csv,03/07/2026 17:08,03/07/2026 18:16
東京,東京電力リニューアブルパワー株式会社,31302,安曇発電所,水力,2号機,105500,計画停止,停止・その他,,2027/05/14 08:00,あり,2027/06/07,機器点検・修理,2026/07/03 17:08,added,outages_20260703_165847.csv,outages_20260703_181624.csv,03/07/2026 17:08,03/07/2026 18:16
東京,東京電力リニューアブルパワー株式会社,31302,安曇発電所,水力,1号機,105500,計画停止,停止・その他,,2027/05/14 08:00,あり,2027/06/07,機器点検・修理,2026/07/03 17:08,added,outages_20260703_165847.csv,outages_20260703_181624.csv,03/07/2026 17:08,03/07/2026 18:16
東京,東京電力リニューアブルパワー株式会社,31302,安曇発電所,水力,6号機,103000,計画停止,停止・その他,,2027/05/12 09:00,あり,2027/05/12,他号機停止に伴う停止,2026/07/03 17:08,added,outages_20260703_165847.csv,outages_20260703_181624.csv,03/07/2026 17:08,03/07/2026 18:16
東京,東京電力リニューアブルパワー株式会社,31302,安曇発電所,水力,4号機,103000,計画停止,停止・その他,,2027/05/12 09:00,あり,2027/05/12,他号機停止に伴う停止,2026/07/03 17:08,added,outages_20260703_165847.csv,outages_20260703_181624.csv,03/07/2026 17:08,03/07/2026 18:16
東京,東京電力リニューアブルパワー株式会社,31302,安曇発電所,水力,3号機,103000,計画停止,停止・その他,,2027/05/12 09:00,あり,2027/05/12,他号機停止に伴う停止,2026/07/03 17:08,added,outages_20260703_165847.csv,outages_20260703_181624.csv,03/07/2026 17:08,03/07/2026 18:16
東京,東京電力リニューアブルパワー株式会社,31302,安曇発電所,水力,2号機,105500,計画停止,停止・その他,,2027/05/12 09:00,あり,2027/05/12,他号機停止に伴う停止,2026/07/03 17:08,added,outages_20260703_165847.csv,outages_20260703_181624.csv,03/07/2026 17:08,03/07/2026 18:16
東京,東京電力リニューアブルパワー株式会社,31302,安曇発電所,水力,1号機,105500,計画停止,停止・その他,,2027/05/12 09:00,あり,2027/05/12,他号機停止に伴う停止,2026/07/03 17:08,added,outages_20260703_165847.csv,outages_20260703_181624.csv,03/07/2026 17:08,03/07/2026 18:16
東京,東京電力リニューアブルパワー株式会社,31302,安曇発電所,水力,5号機,103000,計画停止,停止・その他,,2027/05/12 08:30,あり,2027/05/12,機器点検,2026/07/03 17:08,added,outages_20260703_165847.csv,outages_20260703_181624.csv,03/07/2026 17:08,03/07/2026 18:16
東京,東京電力リニューアブルパワー株式会社,31302,安曇発電所,水力,5号機,103000,計画停止,停止・その他,,2027/05/12 09:00,あり,2027/06/10,機器点検,2026/07/03 17:08,added,outages_20260703_165847.csv,outages_20260703_181624.csv,03/07/2026 17:08,03/07/2026 18:16
東京,ENEOS株式会社,4009331905,根岸 ガス化複合発電所,火力（石油）,単独,431450,計画外停止,停止・燃料制約,,2026/02/27 18:00,あり,2026/07/04,燃料調達制約,2026/07/03 17:00,added,outages_20260703_165847.csv,outages_20260703_181624.csv,03/07/2026 17:00,03/07/2026 18:16
東京,ENEOS株式会社,4009331905,根岸 ガス化複合発電所,火力（石油）,単独,431450,計画外停止,停止・燃料制約,,2026/02/27 18:00,あり,2026/07/05,燃料調達制約,2026/07/03 13:05,removed,outages_20260703_165847.csv,outages_20260703_181624.csv,03/07/2026 16:58,03/07/2026 18:16
中国,中国電力株式会社,76311,玉島発電所第２号機,火力（石油）,２号機,350000,計画停止,停止・その他,,2026/06/29 18:30,あり,2026/07/07,他号機試運転実施に伴う運用制約,2026/07/01 17:34,removed,outages_20260703_165847.csv,outages_20260703_181624.csv,03/07/2026 16:58,03/07/2026 18:16
中国,中国電力株式会社,76310,玉島発電所第３号機,火力（石油）,３号機,500000,計画停止,停止・その他,,2026/06/29 18:30,あり,2026/07/07,他号機試運転実施に伴う運用制約,2026/07/01 17:33,removed,outages_20260703_165847.csv,outages_20260703_181624.csv,03/07/2026 16:58,03/07/2026 18:16
中国,中国電力株式会社,76301,玉島発電所第１号機,火力（ガス）,１号機,350000,出力低下,低下・その他,284446,2026/07/06 12:00,あり,2026/07/14,定期点検試運転 最大低下量：350000kW 最小低下量：0kW,2026/05/11 19:43,removed,outages_20260703_165847.csv,outages_20260703_181624.csv,03/07/2026 16:58,03/07/2026 18:16
中国,中国電力株式会社,76301,玉島発電所第１号機,火力（ガス）,１号機,350000,計画停止,停止・定期検査等,,2026/03/01 00:00,あり,2026/07/05,定期点検,2026/05/11 19:41,removed,outages_20260703_165847.csv,outages_20260703_181624.csv,03/07/2026 16:58,03/07/2026 18:16
